SampleID,Month,Site,Source_plant,Plot,Plant,sampID,Timepoint,Coll_date,Cultivar,Sample_type,Collection_criteria,Source,LibraryGroup,SeqGroup,LibraryConc_ng.ul,Weight,HeightRyan,TestWeight,Yield,PercProtein,SoilMoist,Latitude,Longitude,HeightColl,Temp_col,Prec_grw,SGB,SNB,RustScore,Mildew,leafN,leafP,leafK,leafCa,leafMg,leafS,leafFe,leafMn,leafZn,leafCu,leafB,leafNa,leafAl,HM,W/V,CEC,BS,Ac,pH,soilP,soilK,soilCa,soilMg,soilS,soilMn,soilZn,soilCu,soilNa,Host_Month,Wheat,Grass,Herb
M22_16S_g04_F07,April,UNIVT,Acer_sp,forest,p138,M22_0983,Heading,4/28/23,nonwheat,nonwheat,,sample,4,1,4.52,NA,NA,NA,NA,NA,15.5,34.9507333,-80.4260796,1000,16.4,407,NA,NA,NA,NA,NA,NA,NA,NA,NA,NA,NA,NA,NA,NA,NA,NA,NA,0.36,0.87,10.4,83,1.8,5.6,43,71,1371,198,14,61.8,7.4,2.3,0.1,nonwheat_April,nonwheat,No,No
M22_16S_g12_A02,April,UNIVT,Acer_sp,forest,p140,M22_0985,Heading,4/28/23,nonwheat,nonwheat,,sample,12,3,5,NA,NA,NA,NA,NA,15.5,34.9507333,-80.4260796,1000,16.4,407,NA,NA,NA,NA,NA,NA,NA,NA,NA,NA,NA,NA,NA,NA,NA,NA,NA,0.36,0.87,10.4,83,1.8,5.6,43,71,1371,198,14,61.8,7.4,2.3,0.1,nonwheat_April,nonwheat,No,No
M22_16S_g20_F09,April,UNIVT,Acer_sp,forest,p136,M22_0981,Heading,4/28/23,nonwheat,nonwheat,,sample,20,5,5,NA,NA,NA,NA,NA,15.5,34.9507333,-80.4260796,1000,16.4,407,NA,NA,NA,NA,NA,NA,NA,NA,NA,NA,NA,NA,NA,NA,NA,NA,NA,0.36,0.87,10.4,83,1.8,5.6,43,71,1371,198,14,61.8,7.4,2.3,0.1,nonwheat_April,nonwheat,No,No
M22_16S_g28_A07,April,UNIVT,Acer_sp,forest,p137,M22_0982,Heading,4/28/23,nonwheat,nonwheat,,sample,28,7,5,NA,NA,NA,NA,NA,15.5,34.9507333,-80.4260796,1000,16.4,407,NA,NA,NA,NA,NA,NA,NA,NA,NA,NA,NA,NA,NA,NA,NA,NA,NA,0.36,0.87,10.4,83,1.8,5.6,43,71,1371,198,14,61.8,7.4,2.3,0.1,nonwheat_April,nonwheat,No,No
M22_16S_g31_G11,April,UNIVT,Acer_sp,forest,p139,M22_0984,Heading,4/28/23,nonwheat,nonwheat,,sample,31,8,5,NA,NA,NA,NA,NA,15.5,34.9507333,-80.4260796,1000,16.4,407,NA,NA,NA,NA,NA,NA,NA,NA,NA,NA,NA,NA,NA,NA,NA,NA,NA,0.36,0.87,10.4,83,1.8,5.6,43,71,1371,198,14,61.8,7.4,2.3,0.1,nonwheat_April,nonwheat,No,No
M22_16S_g01_C07,March,WAKMP,Allium_vineale,forest,p109,M22_2511,Jointing,3/10/23,nonwheat,nonwheat,,sample,1,1,5,NA,NA,NA,NA,NA,26.4,35.7344444,-78.70138889,40,12.7,324,NA,NA,NA,NA,NA,NA,NA,NA,NA,NA,NA,NA,NA,NA,NA,NA,NA,0.81,0.6,10.6,65,3.7,4.9,48,225,805,281,18,66.8,49.2,2.6,0.1,nonwheat_March,nonwheat,No,Yes
M22_16S_g01_D11,March,WAKMP,Allium_vineale,forest,p111,M22_2513,Jointing,3/10/23,nonwheat,nonwheat,,sample,1,1,2.74,NA,NA,NA,NA,NA,26.4,35.7344444,-78.70138889,26,12.7,324,NA,NA,NA,NA,NA,NA,NA,NA,NA,NA,NA,NA,NA,NA,NA,NA,NA,0.81,0.6,10.6,65,3.7,4.9,48,225,805,281,18,66.8,49.2,2.6,0.1,nonwheat_March,nonwheat,No,Yes
M22_16S_g02_A07,March,WASVT,Allium_vineale,t2p3,p066,M22_2731,Jointing,3/27/23,nonwheat,nonwheat,,sample,2,1,2.76,NA,NA,NA,NA,NA,16.9,35.84838155,-76.65566228,43,13.2,293,NA,NA,NA,NA,NA,NA,NA,NA,NA,NA,NA,NA,NA,NA,NA,NA,NA,3.01,0.88,9.9,68,3.1,5.2,63,192,877,229,22,3.3,2.4,0.5,0.2,nonwheat_March,nonwheat,No,Yes
M22_16S_g02_A12,April,WASVT,Allium_vineale,t2p3,p046,M22_1480,Heading,5/9/23,nonwheat,nonwheat,,sample,2,1,5,NA,NA,NA,NA,NA,14,35.84867355,-76.65538728,62,16.2,364,NA,NA,NA,NA,NA,NA,NA,NA,NA,NA,NA,NA,NA,NA,NA,NA,NA,2.6,0.79,11.1,80,2.2,5.6,137,290,1143,288,17,7.1,4.8,1,0.1,nonwheat_April,nonwheat,No,Yes
M22_16S_g02_C08,April,WASVT,Allium_vineale,t2p4,p047,M22_1492,Heading,5/9/23,nonwheat,nonwheat,,sample,2,1,1.96,NA,NA,NA,NA,NA,20.5,35.84864233,-76.65547142,56,16.2,364,NA,NA,NA,NA,NA,NA,NA,NA,NA,NA,NA,NA,NA,NA,NA,NA,NA,2.52,0.855,10.6,76.5,2.5,5.4,91,205,1072.5,267,19,5.65,4.15,0.95,0.1,nonwheat_April,nonwheat,No,Yes
M22_16S_g02_C10,March,ROWVT,Allium_vineale,lawn,p099,M22_2098,Jointing,3/15/23,nonwheat,nonwheat,,sample,2,1,5,NA,NA,NA,NA,NA,38.2,35.696458,-80.623031,14,11.7,390,NA,NA,NA,NA,NA,NA,NA,NA,NA,NA,NA,NA,NA,NA,NA,NA,NA,0.51,0.82,8.5,75,2.2,5.4,43,148,834,215,20,90.6,3.6,3.8,0.1,nonwheat_March,nonwheat,No,Yes
M22_16S_g02_H05,March,WASVT,Allium_vineale,t2p1,p069,M22_2710,Jointing,3/27/23,nonwheat,nonwheat,,sample,2,1,4.12,NA,NA,NA,NA,NA,19.7,35.848444,-76.655494,40,13.2,293,NA,NA,NA,NA,NA,NA,NA,NA,NA,NA,NA,NA,NA,NA,NA,NA,NA,2.68,0.84,11.4,75,2.9,5.4,92,288,1099,279,20,5.5,3.6,0.9,0.1,nonwheat_March,nonwheat,No,Yes
M22_16S_g03_G12,March,ROWVT,Allium_vineale,lawn,p091,M22_2090,Jointing,3/15/23,nonwheat,nonwheat,,sample,3,1,5,NA,NA,NA,NA,NA,38.2,35.696458,-80.623031,10,11.7,390,NA,NA,NA,NA,NA,NA,NA,NA,NA,NA,NA,NA,NA,NA,NA,NA,NA,0.51,0.82,8.5,75,2.2,5.4,43,148,834,215,20,90.6,3.6,3.8,0.1,nonwheat_March,nonwheat,No,Yes
M22_16S_g04_B01,April,WASVT,Allium_vineale,t2p5,p049,M22_1500,Heading,5/9/23,nonwheat,nonwheat,,sample,4,1,5,NA,NA,NA,NA,NA,22.6,35.8486111,-76.65555556,60,16.2,364,NA,NA,NA,NA,NA,NA,NA,NA,NA,NA,NA,NA,NA,NA,NA,NA,NA,2.44,0.92,10.1,73,2.8,5.2,45,120,1002,246,21,4.2,3.5,0.9,0.1,nonwheat_April,nonwheat,No,Yes
M22_16S_g04_G12,March,WAKMP,Allium_vineale,forest,p107,M22_2509,Jointing,3/10/23,nonwheat,nonwheat,,sample,4,1,5,NA,NA,NA,NA,NA,26.4,35.7344444,-78.70138889,26,12.7,324,NA,NA,NA,NA,NA,NA,NA,NA,NA,NA,NA,NA,NA,NA,NA,NA,NA,0.81,0.6,10.6,65,3.7,4.9,48,225,805,281,18,66.8,49.2,2.6,0.1,nonwheat_March,nonwheat,No,Yes
M22_16S_g05_E04,April,WASVT,Allium_vineale,t2p1,p042,M22_1455,Heading,5/9/23,nonwheat,nonwheat,,sample,5,2,5,NA,NA,NA,NA,NA,11,35.848736,-76.655219,72,16.2,364,NA,NA,NA,NA,NA,NA,NA,NA,NA,NA,NA,NA,NA,NA,NA,NA,NA,3.57,0.87,11.3,74,3,5.3,114,263,1110,258,18,9.1,4.4,0.8,0.1,nonwheat_April,nonwheat,No,Yes
M22_16S_g05_G08,March,WAKMP,Allium_vineale,forest,p113,M22_2515,Jointing,3/10/23,nonwheat,nonwheat,,sample,5,2,5,NA,NA,NA,NA,NA,26.4,35.7344444,-78.70138889,30,12.7,324,NA,NA,NA,NA,NA,NA,NA,NA,NA,NA,NA,NA,NA,NA,NA,NA,NA,0.81,0.6,10.6,65,3.7,4.9,48,225,805,281,18,66.8,49.2,2.6,0.1,nonwheat_March,nonwheat,No,Yes
M22_16S_g05_H09,March,ROBVT,Allium_vineale,t1p2,p003,M22_1946,Jointing,3/21/23,nonwheat,nonwheat,,sample,5,2,5,NA,NA,NA,NA,NA,25.5,34.55801405,-79.30504678,9,14.7,239,NA,NA,NA,NA,NA,NA,NA,NA,NA,NA,NA,NA,NA,NA,NA,NA,NA,0.705,0.98,5.65,47.5,2.9,4.8,42.5,84,375.5,77,18.5,13.95,20.8,0.65,0.05,nonwheat_March,nonwheat,No,Yes
M22_16S_g06_H09,March,LENVT,Allium_vineale,t1p5,p070,M22_1649,Jointing,3/14/23,nonwheat,nonwheat,,sample,6,2,5,NA,NA,NA,NA,NA,23.7,35.3781208,-77.56107279,25,13.4,268,NA,NA,NA,NA,NA,NA,NA,NA,NA,NA,NA,NA,NA,NA,NA,NA,NA,0.46,1.01,6.1,69,1.9,5.4,90,105,591,121,17,22.5,4.4,0.5,0.1,nonwheat_March,nonwheat,No,Yes
M22_16S_g07_D01,April,UNIVT,Allium_vineale,t2p3,p006,M22_1065,Heading,4/28/23,nonwheat,nonwheat,,sample,7,2,5,NA,NA,NA,NA,NA,23.8,34.9506448,-80.42474172,53,16.4,407,NA,NA,NA,NA,NA,NA,NA,NA,NA,NA,NA,NA,NA,NA,NA,NA,NA,0.46,0.85,6.8,76,1.6,5.4,54,77,833,96,19,23.8,3.8,2.4,0.1,nonwheat_April,nonwheat,No,Yes
M22_16S_g09_B03,March,UNIVT,Allium_vineale,t1p4,p047,M22_2313,Jointing,3/20/23,nonwheat,nonwheat,,sample,9,3,5,NA,NA,NA,NA,NA,35.3,34.95064475,-80.42520285,9,13.1,313,NA,NA,NA,NA,NA,NA,NA,NA,NA,NA,NA,NA,NA,NA,NA,NA,NA,0.385,0.915,11.1,82,2.05,5.45,10.5,55.5,1465,198.5,17.5,23.1,3.65,3.1,0.5,nonwheat_March,nonwheat,No,Yes
M22_16S_g09_C09,March,ROBVT,Allium_vineale,t1p4,p007,M22_1962,Jointing,3/21/23,nonwheat,nonwheat,,sample,9,3,5,NA,NA,NA,NA,NA,21.7,34.53317635,-79.30494853,7,14.7,239,NA,NA,NA,NA,NA,NA,NA,NA,NA,NA,NA,NA,NA,NA,NA,NA,NA,0.895,0.98,7.4,61.5,2.4,5.15,85,116.5,774.5,98,17,13.85,47.7,1.15,0.1,nonwheat_March,nonwheat,No,Yes
M22_16S_g09_C10,March,WAKMP,Allium_vineale,forest,p110,M22_2512,Jointing,3/10/23,nonwheat,nonwheat,,sample,9,3,5,NA,NA,NA,NA,NA,26.4,35.7344444,-78.70138889,46,12.7,324,NA,NA,NA,NA,NA,NA,NA,NA,NA,NA,NA,NA,NA,NA,NA,NA,NA,0.81,0.6,10.6,65,3.7,4.9,48,225,805,281,18,66.8,49.2,2.6,0.1,nonwheat_March,nonwheat,No,Yes
M22_16S_g10_F11,March,LENVT,Allium_vineale,t1p5,p069,M22_1648,Jointing,3/14/23,nonwheat,nonwheat,,sample,10,3,5,NA,NA,NA,NA,NA,23.7,35.3781208,-77.56107279,15,13.4,268,NA,NA,NA,NA,NA,NA,NA,NA,NA,NA,NA,NA,NA,NA,NA,NA,NA,0.46,1.01,6.1,69,1.9,5.4,90,105,591,121,17,22.5,4.4,0.5,0.1,nonwheat_March,nonwheat,No,Yes
M22_16S_g10_H06,March,WAKMP,Allium_vineale,forest,p108,M22_2510,Jointing,3/10/23,nonwheat,nonwheat,,sample,10,3,5,NA,NA,NA,NA,NA,26.4,35.7344444,-78.70138889,30,12.7,324,NA,NA,NA,NA,NA,NA,NA,NA,NA,NA,NA,NA,NA,NA,NA,NA,NA,0.81,0.6,10.6,65,3.7,4.9,48,225,805,281,18,66.8,49.2,2.6,0.1,nonwheat_March,nonwheat,No,Yes
M22_16S_g11_A02,March,LENVT,Allium_vineale,t1p3,p063,M22_1614,Jointing,3/14/23,nonwheat,nonwheat,,sample,11,3,5,NA,NA,NA,NA,NA,23.3,35.3783149,-77.5609829,24,13.4,268,NA,NA,NA,NA,NA,NA,NA,NA,NA,NA,NA,NA,NA,NA,NA,NA,NA,0.46,1.09,4.9,59,2,5.1,71,79,383,94,20,11.9,3.1,0.5,0.1,nonwheat_March,nonwheat,No,Yes
M22_16S_g11_B04,April,WASVT,Allium_vineale,t2p1,p041,M22_1454,Heading,5/9/23,nonwheat,nonwheat,,sample,11,3,5,NA,NA,NA,NA,NA,11,35.848736,-76.655219,65,16.2,364,NA,NA,NA,NA,NA,NA,NA,NA,NA,NA,NA,NA,NA,NA,NA,NA,NA,3.57,0.87,11.3,74,3,5.3,114,263,1110,258,18,9.1,4.4,0.8,0.1,nonwheat_April,nonwheat,No,Yes
M22_16S_g12_F05,March,UNIVT,Allium_vineale,t2p3,p055,M22_2345,Jointing,3/20/23,nonwheat,nonwheat,,sample,12,3,5,NA,NA,NA,NA,NA,36,34.9503476,-80.42437912,5,13.1,313,NA,NA,NA,NA,NA,NA,NA,NA,NA,NA,NA,NA,NA,NA,NA,NA,NA,0.27,1,6.3,65,2.2,5,28,60,666,78,22,18,1.9,1.9,0.1,nonwheat_March,nonwheat,No,Yes
M22_16S_g13_A08,March,UNIVT,Allium_vineale,t1p4,p048,M22_2314,Jointing,3/20/23,nonwheat,nonwheat,,sample,13,4,5,NA,NA,NA,NA,NA,35.3,34.95064475,-80.42520285,5,13.1,313,NA,NA,NA,NA,NA,NA,NA,NA,NA,NA,NA,NA,NA,NA,NA,NA,NA,0.385,0.915,11.1,82,2.05,5.45,10.5,55.5,1465,198.5,17.5,23.1,3.65,3.1,0.5,nonwheat_March,nonwheat,No,Yes
M22_16S_g13_D03,March,WAKMP,Allium_vineale,forest,p114,M22_2516,Jointing,3/10/23,nonwheat,nonwheat,,sample,13,4,5,NA,NA,NA,NA,NA,26.4,35.7344444,-78.70138889,38,12.7,324,NA,NA,NA,NA,NA,NA,NA,NA,NA,NA,NA,NA,NA,NA,NA,NA,NA,0.81,0.6,10.6,65,3.7,4.9,48,225,805,281,18,66.8,49.2,2.6,0.1,nonwheat_March,nonwheat,No,Yes
M22_16S_g14_B05,March,WASVT,Allium_vineale,t2p5,p061,M22_2750,Jointing,3/27/23,nonwheat,nonwheat,,sample,14,4,5,NA,NA,NA,NA,NA,21.7,35.8483191,-76.65583056,36,13.2,293,NA,NA,NA,NA,NA,NA,NA,NA,NA,NA,NA,NA,NA,NA,NA,NA,NA,3.1,0.86,11.3,74,2.9,5.4,76,201,1081,302,17,3.8,3.3,0.6,0.1,nonwheat_March,nonwheat,No,Yes
M22_16S_g14_H06,March,WASVT,Allium_vineale,t2p4,p063,M22_2740,Jointing,3/27/23,nonwheat,nonwheat,,sample,14,4,5,NA,NA,NA,NA,NA,15.2,35.84835033,-76.65574642,40,13.2,293,NA,NA,NA,NA,NA,NA,NA,NA,NA,NA,NA,NA,NA,NA,NA,NA,NA,3.055,0.87,10.6,71,3,5.3,69.5,196.5,979,265.5,19.5,3.55,2.85,0.55,0.15,nonwheat_March,nonwheat,No,Yes
M22_16S_g14_H08,April,UNIVT,Allium_vineale,t2p5,p010,M22_1085,Heading,4/28/23,nonwheat,nonwheat,,sample,14,4,5,NA,NA,NA,NA,NA,22.3,34.9505556,-80.42444444,52,16.4,407,NA,NA,NA,NA,NA,NA,NA,NA,NA,NA,NA,NA,NA,NA,NA,NA,NA,0.36,0.89,5.6,69,1.8,5.1,30,43,636,69,21,22.9,2.5,2.2,0.1,nonwheat_April,nonwheat,No,Yes
M22_16S_g15_C11,April,UNIVT,Allium_vineale,t2p1,p001,M22_1036,Heading,4/28/23,nonwheat,nonwheat,,sample,15,4,5,NA,NA,NA,NA,NA,22.9,34.950734,-80.425039,50,16.4,407,NA,NA,NA,NA,NA,NA,NA,NA,NA,NA,NA,NA,NA,NA,NA,NA,NA,0.41,0.91,6.8,75,1.7,5.3,50,74,806,106,15,19.2,3.8,2.3,0.1,nonwheat_April,nonwheat,No,Yes
M22_16S_g15_F10,March,LENVT,Allium_vineale,t2p1,p061,M22_1652,Jointing,3/14/23,nonwheat,nonwheat,,sample,15,4,5,NA,NA,NA,NA,NA,23,35.378928,-77.560717,28,13.4,268,NA,NA,NA,NA,NA,NA,NA,NA,NA,NA,NA,NA,NA,NA,NA,NA,NA,0.56,1.03,4.7,43,2.7,4.7,106,77,258,61,22,27.8,3.8,0.5,0.1,nonwheat_March,nonwheat,No,Yes
M22_16S_g15_H03,April,UNIVT,Allium_vineale,t2p1,p002,M22_1037,Heading,4/28/23,nonwheat,nonwheat,,sample,15,4,5,NA,NA,NA,NA,NA,22.9,34.950734,-80.425039,48,16.4,407,NA,NA,NA,NA,NA,NA,NA,NA,NA,NA,NA,NA,NA,NA,NA,NA,NA,0.41,0.91,6.8,75,1.7,5.3,50,74,806,106,15,19.2,3.8,2.3,0.1,nonwheat_April,nonwheat,No,Yes
M22_16S_g15_H05,April,UNIVT,Allium_vineale,t2p4,p008,M22_1075,Heading,4/28/23,nonwheat,nonwheat,,sample,15,4,5,NA,NA,NA,NA,NA,18.1,34.9506002,-80.42459308,52,16.4,407,NA,NA,NA,NA,NA,NA,NA,NA,NA,NA,NA,NA,NA,NA,NA,NA,NA,0.41,0.87,6.2,72.5,1.7,5.25,42,60,734.5,82.5,20,23.35,3.15,2.3,0.1,nonwheat_April,nonwheat,No,Yes
M22_16S_g16_A11,March,ROWVT,Allium_vineale,lawn,p100,M22_2099,Jointing,3/15/23,nonwheat,nonwheat,,sample,16,4,5,NA,NA,NA,NA,NA,38.2,35.696458,-80.623031,10,11.7,390,NA,NA,NA,NA,NA,NA,NA,NA,NA,NA,NA,NA,NA,NA,NA,NA,NA,0.51,0.82,8.5,75,2.2,5.4,43,148,834,215,20,90.6,3.6,3.8,0.1,nonwheat_March,nonwheat,No,Yes
M22_16S_g16_C01,April,UNIVT,Allium_vineale,t2p2,p004,M22_1047,Heading,4/28/23,nonwheat,nonwheat,,sample,16,4,5,NA,NA,NA,NA,NA,24.2,34.9506894,-80.42489036,85,16.4,407,NA,NA,NA,NA,NA,NA,NA,NA,NA,NA,NA,NA,NA,NA,NA,NA,NA,0.435,0.88,6.8,75.5,1.65,5.35,52,75.5,819.5,101,17,21.5,3.8,2.35,0.1,nonwheat_April,nonwheat,No,Yes
M22_16S_g16_D09,March,WASVT,Allium_vineale,t2p1,p070,M22_2711,Jointing,3/27/23,nonwheat,nonwheat,,sample,16,4,3.83,NA,NA,NA,NA,NA,19.7,35.848444,-76.655494,6,13.2,293,NA,NA,NA,NA,NA,NA,NA,NA,NA,NA,NA,NA,NA,NA,NA,NA,NA,2.68,0.84,11.4,75,2.9,5.4,92,288,1099,279,20,5.5,3.6,0.9,0.1,nonwheat_March,nonwheat,No,Yes
M22_16S_g16_G05,March,UNIVT,Allium_vineale,t2p1,p052,M22_2330,Jointing,3/20/23,nonwheat,nonwheat,,sample,16,4,5,NA,NA,NA,NA,NA,34.7,34.9504368,-80.4246764,6,13.1,313,NA,NA,NA,NA,NA,NA,NA,NA,NA,NA,NA,NA,NA,NA,NA,NA,NA,0.36,1.05,6.3,68,2,5.1,23,56,678,90,17,16.5,1.9,1.6,0.1,nonwheat_March,nonwheat,No,Yes
M22_16S_g16_G10,March,LENVT,Allium_vineale,t1p5,p065,M22_1644,Jointing,3/14/23,nonwheat,nonwheat,,sample,16,4,5,NA,NA,NA,NA,NA,23.7,35.3781208,-77.56107279,33,13.4,268,NA,NA,NA,NA,NA,NA,NA,NA,NA,NA,NA,NA,NA,NA,NA,NA,NA,0.46,1.01,6.1,69,1.9,5.4,90,105,591,121,17,22.5,4.4,0.5,0.1,nonwheat_March,nonwheat,No,Yes
M22_16S_g17_G05,March,UNIVT,Allium_vineale,t2p5,p060,M22_2361,Jointing,3/20/23,nonwheat,nonwheat,,sample,17,5,5,NA,NA,NA,NA,NA,38,34.9502584,-80.42408184,4,13.1,313,NA,NA,NA,NA,NA,NA,NA,NA,NA,NA,NA,NA,NA,NA,NA,NA,NA,0.22,1.12,5.6,65,2,5,11,40,579,77,27,22.9,1.1,2,0.1,nonwheat_March,nonwheat,No,Yes
M22_16S_g17_H07,March,ROWVT,Allium_vineale,lawn,p098,M22_2097,Jointing,3/15/23,nonwheat,nonwheat,,sample,17,5,5,NA,NA,NA,NA,NA,38.2,35.696458,-80.623031,14,11.7,390,NA,NA,NA,NA,NA,NA,NA,NA,NA,NA,NA,NA,NA,NA,NA,NA,NA,0.51,0.82,8.5,75,2.2,5.4,43,148,834,215,20,90.6,3.6,3.8,0.1,nonwheat_March,nonwheat,No,Yes
M22_16S_g17_H12,March,UNIVT,Allium_vineale,t1p5,p050,M22_2322,Jointing,3/20/23,nonwheat,nonwheat,,sample,17,5,5,NA,NA,NA,NA,NA,42.9,34.9505249,-80.4250531,3,13.1,313,NA,NA,NA,NA,NA,NA,NA,NA,NA,NA,NA,NA,NA,NA,NA,NA,NA,0.41,0.91,10.7,81,2.1,5.4,12,57,1424,166,17,31.4,4.2,3.9,0.4,nonwheat_March,nonwheat,No,Yes
M22_16S_g18_E11,March,ROBVT,Allium_vineale,t1p5,p010,M22_1971,Jointing,3/21/23,nonwheat,nonwheat,,sample,18,5,5,NA,NA,NA,NA,NA,20.6,34.5207575,-79.3048994,6,14.7,239,NA,NA,NA,NA,NA,NA,NA,NA,NA,NA,NA,NA,NA,NA,NA,NA,NA,1.19,0.95,10,78,2.2,5.5,146,146,1253,140,16,16.7,63.6,1.7,0.1,nonwheat_March,nonwheat,No,Yes
M22_16S_g19_C03,March,UNIVT,Allium_vineale,t1p1,p042,M22_2282,Jointing,3/20/23,nonwheat,nonwheat,,sample,19,5,5,NA,NA,NA,NA,NA,34.2,34.9510043,-80.4256521,5,13.1,313,NA,NA,NA,NA,NA,NA,NA,NA,NA,NA,NA,NA,NA,NA,NA,NA,NA,0.46,0.84,9.9,71,2.8,4.9,13,65,1104,170,19,31.1,6.5,2.8,0.2,nonwheat_March,nonwheat,No,Yes
M22_16S_g19_C05,March,ROBVT,Allium_vineale,t1p2,p004,M22_1947,Jointing,3/21/23,nonwheat,nonwheat,,sample,19,5,5,NA,NA,NA,NA,NA,25.5,34.55801405,-79.30504678,7,14.7,239,NA,NA,NA,NA,NA,NA,NA,NA,NA,NA,NA,NA,NA,NA,NA,NA,NA,0.705,0.98,5.65,47.5,2.9,4.8,42.5,84,375.5,77,18.5,13.95,20.8,0.65,0.05,nonwheat_March,nonwheat,No,Yes
M22_16S_g19_D05,April,WASVT,Allium_vineale,t2p2,p043,M22_1464,Heading,5/9/23,nonwheat,nonwheat,,sample,19,5,5,NA,NA,NA,NA,NA,13.9,35.84870478,-76.65530314,66,16.2,364,NA,NA,NA,NA,NA,NA,NA,NA,NA,NA,NA,NA,NA,NA,NA,NA,NA,3.085,0.83,11.2,77,2.6,5.45,125.5,276.5,1126.5,273,17.5,8.1,4.6,0.9,0.1,nonwheat_April,nonwheat,No,Yes
M22_16S_g19_D08,March,ROWVT,Allium_vineale,lawn,p096,M22_2095,Jointing,3/15/23,nonwheat,nonwheat,,sample,19,5,5,NA,NA,NA,NA,NA,38.2,35.696458,-80.623031,10,11.7,390,NA,NA,NA,NA,NA,NA,NA,NA,NA,NA,NA,NA,NA,NA,NA,NA,NA,0.51,0.82,8.5,75,2.2,5.4,43,148,834,215,20,90.6,3.6,3.8,0.1,nonwheat_March,nonwheat,No,Yes
M22_16S_g19_F04,March,UNIVT,Allium_vineale,t1p2,p043,M22_2289,Jointing,3/20/23,nonwheat,nonwheat,,sample,19,5,5,NA,NA,NA,NA,NA,41.2,34.95088445,-80.42550235,6,13.1,313,NA,NA,NA,NA,NA,NA,NA,NA,NA,NA,NA,NA,NA,NA,NA,NA,NA,0.41,0.88,10.7,77,2.4,5.2,11,59.5,1305,200.5,18.5,22.95,4.8,2.55,0.4,nonwheat_March,nonwheat,No,Yes
M22_16S_g19_F05,March,UNIVT,Allium_vineale,t1p2,p044,M22_2290,Jointing,3/20/23,nonwheat,nonwheat,,sample,19,5,5,NA,NA,NA,NA,NA,41.2,34.95088445,-80.42550235,6,13.1,313,NA,NA,NA,NA,NA,NA,NA,NA,NA,NA,NA,NA,NA,NA,NA,NA,NA,0.41,0.88,10.7,77,2.4,5.2,11,59.5,1305,200.5,18.5,22.95,4.8,2.55,0.4,nonwheat_March,nonwheat,No,Yes
M22_16S_g19_F07,March,UNIVT,Allium_vineale,t2p4,p057,M22_2352,Jointing,3/20/23,nonwheat,nonwheat,,sample,19,5,5,NA,NA,NA,NA,NA,33.3,34.950303,-80.42423048,2,13.1,313,NA,NA,NA,NA,NA,NA,NA,NA,NA,NA,NA,NA,NA,NA,NA,NA,NA,0.245,1.06,5.95,65,2.1,5,19.5,50,622.5,77.5,24.5,20.45,1.5,1.95,0.1,nonwheat_March,nonwheat,No,Yes
M22_16S_g19_F12,March,WASVT,Allium_vineale,t2p2,p068,M22_2721,Jointing,3/27/23,nonwheat,nonwheat,,sample,19,5,5,NA,NA,NA,NA,NA,17.2,35.84841278,-76.65557814,36,13.2,293,NA,NA,NA,NA,NA,NA,NA,NA,NA,NA,NA,NA,NA,NA,NA,NA,NA,2.845,0.86,10.65,71.5,3,5.3,77.5,240,988,254,21,4.4,3,0.7,0.15,nonwheat_March,nonwheat,No,Yes
M22_16S_g19_G04,March,ROWVT,Allium_vineale,lawn,p094,M22_2093,Jointing,3/15/23,nonwheat,nonwheat,,sample,19,5,5,NA,NA,NA,NA,NA,38.2,35.696458,-80.623031,15,11.7,390,NA,NA,NA,NA,NA,NA,NA,NA,NA,NA,NA,NA,NA,NA,NA,NA,NA,0.51,0.82,8.5,75,2.2,5.4,43,148,834,215,20,90.6,3.6,3.8,0.1,nonwheat_March,nonwheat,No,Yes
M22_16S_g20_D08,March,ROWVT,Allium_vineale,lawn,p092,M22_2091,Jointing,3/15/23,nonwheat,nonwheat,,sample,20,5,5,NA,NA,NA,NA,NA,38.2,35.696458,-80.623031,14,11.7,390,NA,NA,NA,NA,NA,NA,NA,NA,NA,NA,NA,NA,NA,NA,NA,NA,NA,0.51,0.82,8.5,75,2.2,5.4,43,148,834,215,20,90.6,3.6,3.8,0.1,nonwheat_March,nonwheat,No,Yes
M22_16S_g20_F08,March,UNIVT,Allium_vineale,t2p5,p059,M22_2360,Jointing,3/20/23,nonwheat,nonwheat,,sample,20,5,5,NA,NA,NA,NA,NA,38,34.9502584,-80.42408184,2,13.1,313,NA,NA,NA,NA,NA,NA,NA,NA,NA,NA,NA,NA,NA,NA,NA,NA,NA,0.22,1.12,5.6,65,2,5,11,40,579,77,27,22.9,1.1,2,0.1,nonwheat_March,nonwheat,No,Yes
M22_16S_g20_H01,April,UNIVT,Allium_vineale,t2p5,p009,M22_1084,Heading,4/28/23,nonwheat,nonwheat,,sample,20,5,5,NA,NA,NA,NA,NA,22.3,34.9505556,-80.42444444,57,16.4,407,NA,NA,NA,NA,NA,NA,NA,NA,NA,NA,NA,NA,NA,NA,NA,NA,NA,0.36,0.89,5.6,69,1.8,5.1,30,43,636,69,21,22.9,2.5,2.2,0.1,nonwheat_April,nonwheat,No,Yes
M22_16S_g20_H03,March,UNIVT,Allium_vineale,t2p2,p053,M22_2337,Jointing,3/20/23,nonwheat,nonwheat,,sample,20,5,0.1,NA,NA,NA,NA,NA,39.8,34.9503922,-80.42452776,7,13.1,313,NA,NA,NA,NA,NA,NA,NA,NA,NA,NA,NA,NA,NA,NA,NA,NA,NA,0.315,1.025,6.3,66.5,2.1,5.05,25.5,58,672,84,19.5,17.25,1.9,1.75,0.1,nonwheat_March,nonwheat,No,Yes
M22_16S_g21_F02,March,LENVT,Allium_vineale,t2p1,p062,M22_1653,Jointing,3/14/23,nonwheat,nonwheat,,sample,21,6,5,NA,NA,NA,NA,NA,23,35.378928,-77.560717,26,13.4,268,NA,NA,NA,NA,NA,NA,NA,NA,NA,NA,NA,NA,NA,NA,NA,NA,NA,0.56,1.03,4.7,43,2.7,4.7,106,77,258,61,22,27.8,3.8,0.5,0.1,nonwheat_March,nonwheat,No,Yes
M22_16S_g21_G05,March,WASVT,Allium_vineale,t2p5,p062,M22_2751,Jointing,3/27/23,nonwheat,nonwheat,,sample,21,6,5,NA,NA,NA,NA,NA,21.7,35.8483191,-76.65583056,43,13.2,293,NA,NA,NA,NA,NA,NA,NA,NA,NA,NA,NA,NA,NA,NA,NA,NA,NA,3.1,0.86,11.3,74,2.9,5.4,76,201,1081,302,17,3.8,3.3,0.6,0.1,nonwheat_March,nonwheat,No,Yes
M22_16S_g21_H01,March,WASVT,Allium_vineale,t2p3,p065,M22_2730,Jointing,3/27/23,nonwheat,nonwheat,,sample,21,6,0.86,NA,NA,NA,NA,NA,16.9,35.84838155,-76.65566228,37,13.2,293,NA,NA,NA,NA,NA,NA,NA,NA,NA,NA,NA,NA,NA,NA,NA,NA,NA,3.01,0.88,9.9,68,3.1,5.2,63,192,877,229,22,3.3,2.4,0.5,0.2,nonwheat_March,nonwheat,No,Yes
M22_16S_g21_H02,March,ROWVT,Allium_vineale,lawn,p097,M22_2096,Jointing,3/15/23,nonwheat,nonwheat,,sample,21,6,5,NA,NA,NA,NA,NA,38.2,35.696458,-80.623031,18,11.7,390,NA,NA,NA,NA,NA,NA,NA,NA,NA,NA,NA,NA,NA,NA,NA,NA,NA,0.51,0.82,8.5,75,2.2,5.4,43,148,834,215,20,90.6,3.6,3.8,0.1,nonwheat_March,nonwheat,No,Yes
M22_16S_g22_A09,March,UNIVT,Allium_vineale,t2p4,p058,M22_2353,Jointing,3/20/23,nonwheat,nonwheat,,sample,22,6,5,NA,NA,NA,NA,NA,33.3,34.950303,-80.42423048,9,13.1,313,NA,NA,NA,NA,NA,NA,NA,NA,NA,NA,NA,NA,NA,NA,NA,NA,NA,0.245,1.06,5.95,65,2.1,5,19.5,50,622.5,77.5,24.5,20.45,1.5,1.95,0.1,nonwheat_March,nonwheat,No,Yes
M22_16S_g22_E12,April,WASVT,Allium_vineale,t2p3,p045,M22_1479,Heading,5/9/23,nonwheat,nonwheat,,sample,22,6,5,NA,NA,NA,NA,NA,14,35.84867355,-76.65538728,56,16.2,364,NA,NA,NA,NA,NA,NA,NA,NA,NA,NA,NA,NA,NA,NA,NA,NA,NA,2.6,0.79,11.1,80,2.2,5.6,137,290,1143,288,17,7.1,4.8,1,0.1,nonwheat_April,nonwheat,No,Yes
M22_16S_g22_H12,March,WAKMP,Allium_vineale,forest,p115,M22_2517,Jointing,3/10/23,nonwheat,nonwheat,,sample,22,6,5,NA,NA,NA,NA,NA,26.4,35.7344444,-78.70138889,42,12.7,324,NA,NA,NA,NA,NA,NA,NA,NA,NA,NA,NA,NA,NA,NA,NA,NA,NA,0.81,0.6,10.6,65,3.7,4.9,48,225,805,281,18,66.8,49.2,2.6,0.1,nonwheat_March,nonwheat,No,Yes
M22_16S_g23_A01,March,LENVT,Allium_vineale,t1p5,p067,M22_1646,Jointing,3/14/23,nonwheat,nonwheat,,sample,23,6,5,NA,NA,NA,NA,NA,23.7,35.3781208,-77.56107279,22,13.4,268,NA,NA,NA,NA,NA,NA,NA,NA,NA,NA,NA,NA,NA,NA,NA,NA,NA,0.46,1.01,6.1,69,1.9,5.4,90,105,591,121,17,22.5,4.4,0.5,0.1,nonwheat_March,nonwheat,No,Yes
M22_16S_g23_E04,March,ROBVT,Allium_vineale,t1p5,p009,M22_1970,Jointing,3/21/23,nonwheat,nonwheat,,sample,23,6,5,NA,NA,NA,NA,NA,20.6,34.5207575,-79.3048994,5,14.7,239,NA,NA,NA,NA,NA,NA,NA,NA,NA,NA,NA,NA,NA,NA,NA,NA,NA,1.19,0.95,10,78,2.2,5.5,146,146,1253,140,16,16.7,63.6,1.7,0.1,nonwheat_March,nonwheat,No,Yes
M22_16S_g24_B07,April,UNIVT,Allium_vineale,t2p2,p003,M22_1046,Heading,4/28/23,nonwheat,nonwheat,,sample,24,6,5,NA,NA,NA,NA,NA,24.2,34.9506894,-80.42489036,67,16.4,407,NA,NA,NA,NA,NA,NA,NA,NA,NA,NA,NA,NA,NA,NA,NA,NA,NA,0.435,0.88,6.8,75.5,1.65,5.35,52,75.5,819.5,101,17,21.5,3.8,2.35,0.1,nonwheat_April,nonwheat,No,Yes
M22_16S_g24_E01,March,ROWVT,Allium_vineale,lawn,p093,M22_2092,Jointing,3/15/23,nonwheat,nonwheat,,sample,24,6,5,NA,NA,NA,NA,NA,38.2,35.696458,-80.623031,20,11.7,390,NA,NA,NA,NA,NA,NA,NA,NA,NA,NA,NA,NA,NA,NA,NA,NA,NA,0.51,0.82,8.5,75,2.2,5.4,43,148,834,215,20,90.6,3.6,3.8,0.1,nonwheat_March,nonwheat,No,Yes
M22_16S_g24_H02,March,UNIVT,Allium_vineale,t1p3,p046,M22_2306,Jointing,3/20/23,nonwheat,nonwheat,,sample,24,6,5,NA,NA,NA,NA,NA,39.8,34.9507646,-80.4253526,4,13.1,313,NA,NA,NA,NA,NA,NA,NA,NA,NA,NA,NA,NA,NA,NA,NA,NA,NA,0.36,0.92,11.5,83,2,5.5,9,54,1506,231,18,14.8,3.1,2.3,0.6,nonwheat_March,nonwheat,No,Yes
M22_16S_g24_H08,March,ROBVT,Allium_vineale,t1p1,p002,M22_1931,Jointing,3/21/23,nonwheat,nonwheat,,sample,24,6,5,NA,NA,NA,NA,NA,25.7,34.5704329,-79.3050959,11,14.7,239,NA,NA,NA,NA,NA,NA,NA,NA,NA,NA,NA,NA,NA,NA,NA,NA,NA,0.81,0.95,6.5,50,3.2,4.8,61,81,455,98,19,16.9,9.8,0.7,0,nonwheat_March,nonwheat,No,Yes
M22_16S_g25_A06,March,WAKMP,Allium_vineale,forest,p106,M22_2508,Jointing,3/10/23,nonwheat,nonwheat,,sample,25,7,5,NA,NA,NA,NA,NA,26.4,35.7344444,-78.70138889,37,12.7,324,NA,NA,NA,NA,NA,NA,NA,NA,NA,NA,NA,NA,NA,NA,NA,NA,NA,0.81,0.6,10.6,65,3.7,4.9,48,225,805,281,18,66.8,49.2,2.6,0.1,nonwheat_March,nonwheat,No,Yes
M22_16S_g25_F02,March,ROWVT,Allium_vineale,lawn,p095,M22_2094,Jointing,3/15/23,nonwheat,nonwheat,,sample,25,7,5,NA,NA,NA,NA,NA,38.2,35.696458,-80.623031,10,11.7,390,NA,NA,NA,NA,NA,NA,NA,NA,NA,NA,NA,NA,NA,NA,NA,NA,NA,0.51,0.82,8.5,75,2.2,5.4,43,148,834,215,20,90.6,3.6,3.8,0.1,nonwheat_March,nonwheat,No,Yes
M22_16S_g25_F08,March,UNIVT,Allium_vineale,t1p3,p045,M22_2305,Jointing,3/20/23,nonwheat,nonwheat,,sample,25,7,5,NA,NA,NA,NA,NA,39.8,34.9507646,-80.4253526,7,13.1,313,NA,NA,NA,NA,NA,NA,NA,NA,NA,NA,NA,NA,NA,NA,NA,NA,NA,0.36,0.92,11.5,83,2,5.5,9,54,1506,231,18,14.8,3.1,2.3,0.6,nonwheat_March,nonwheat,No,Yes
M22_16S_g25_G05,March,LENVT,Allium_vineale,t1p3,p064,M22_1615,Jointing,3/14/23,nonwheat,nonwheat,,sample,25,7,5,NA,NA,NA,NA,NA,23.3,35.3783149,-77.5609829,20,13.4,268,NA,NA,NA,NA,NA,NA,NA,NA,NA,NA,NA,NA,NA,NA,NA,NA,NA,0.46,1.09,4.9,59,2,5.1,71,79,383,94,20,11.9,3.1,0.5,0.1,nonwheat_March,nonwheat,No,Yes
M22_16S_g25_H06,March,ROBVT,Allium_vineale,t1p4,p008,M22_1963,Jointing,3/21/23,nonwheat,nonwheat,,sample,25,7,5,NA,NA,NA,NA,NA,21.7,34.53317635,-79.30494853,6,14.7,239,NA,NA,NA,NA,NA,NA,NA,NA,NA,NA,NA,NA,NA,NA,NA,NA,NA,0.895,0.98,7.4,61.5,2.4,5.15,85,116.5,774.5,98,17,13.85,47.7,1.15,0.1,nonwheat_March,nonwheat,No,Yes
M22_16S_g26_B10,March,UNIVT,Allium_vineale,t2p3,p056,M22_2991,Jointing,3/20/23,nonwheat,nonwheat,,sample,26,7,5,NA,NA,NA,NA,NA,38,34.9502584,-80.42408184,17,13.1,313,NA,NA,NA,NA,NA,NA,NA,NA,NA,NA,NA,NA,NA,NA,NA,NA,NA,0.22,1.12,5.6,65,2,5,11,40,579,77,27,22.9,1.1,2,0.1,nonwheat_March,nonwheat,No,Yes
M22_16S_g26_E03,April,UNIVT,Allium_vineale,t2p3,p005,M22_1064,Heading,4/28/23,nonwheat,nonwheat,,sample,26,7,5,NA,NA,NA,NA,NA,23.8,34.9506448,-80.42474172,50,16.4,407,NA,NA,NA,NA,NA,NA,NA,NA,NA,NA,NA,NA,NA,NA,NA,NA,NA,0.46,0.85,6.8,76,1.6,5.4,54,77,833,96,19,23.8,3.8,2.4,0.1,nonwheat_April,nonwheat,No,Yes
M22_16S_g26_E06,April,WASVT,Allium_vineale,t2p5,p050,M22_1501,Heading,5/9/23,nonwheat,nonwheat,,sample,26,7,5,NA,NA,NA,NA,NA,22.6,35.8486111,-76.65555556,56,16.2,364,NA,NA,NA,NA,NA,NA,NA,NA,NA,NA,NA,NA,NA,NA,NA,NA,NA,2.44,0.92,10.1,73,2.8,5.2,45,120,1002,246,21,4.2,3.5,0.9,0.1,nonwheat_April,nonwheat,No,Yes
M22_16S_g27_A03,March,ROBVT,Allium_vineale,t1p3,p006,M22_1955,Jointing,3/21/23,nonwheat,nonwheat,,sample,27,7,5,NA,NA,NA,NA,NA,29.3,34.5455952,-79.30499765,4,14.7,239,NA,NA,NA,NA,NA,NA,NA,NA,NA,NA,NA,NA,NA,NA,NA,NA,NA,0.6,1.01,4.8,45,2.6,4.8,24,87,296,56,18,11,31.8,0.6,0.1,nonwheat_March,nonwheat,No,Yes
M22_16S_g27_B02,March,LENVT,Allium_vineale,t1p5,p066,M22_1645,Jointing,3/14/23,nonwheat,nonwheat,,sample,27,7,5,NA,NA,NA,NA,NA,23.7,35.3781208,-77.56107279,24,13.4,268,NA,NA,NA,NA,NA,NA,NA,NA,NA,NA,NA,NA,NA,NA,NA,NA,NA,0.46,1.01,6.1,69,1.9,5.4,90,105,591,121,17,22.5,4.4,0.5,0.1,nonwheat_March,nonwheat,No,Yes
M22_16S_g27_F09,March,UNIVT,Allium_vineale,t2p1,p051,M22_2329,Jointing,3/20/23,nonwheat,nonwheat,,sample,27,7,5,NA,NA,NA,NA,NA,34.7,34.9504368,-80.4246764,6,13.1,313,NA,NA,NA,NA,NA,NA,NA,NA,NA,NA,NA,NA,NA,NA,NA,NA,NA,0.36,1.05,6.3,68,2,5.1,23,56,678,90,17,16.5,1.9,1.6,0.1,nonwheat_March,nonwheat,No,Yes
M22_16S_g28_A10,March,WASVT,Allium_vineale,t2p2,p067,M22_2720,Jointing,3/27/23,nonwheat,nonwheat,,sample,28,7,5,NA,NA,NA,NA,NA,17.2,35.84841278,-76.65557814,44,13.2,293,NA,NA,NA,NA,NA,NA,NA,NA,NA,NA,NA,NA,NA,NA,NA,NA,NA,2.845,0.86,10.65,71.5,3,5.3,77.5,240,988,254,21,4.4,3,0.7,0.15,nonwheat_March,nonwheat,No,Yes
M22_16S_g28_B02,March,UNIVT,Allium_vineale,t1p5,p049,M22_2321,Jointing,3/20/23,nonwheat,nonwheat,,sample,28,7,5,NA,NA,NA,NA,NA,42.9,34.9505249,-80.4250531,4,13.1,313,NA,NA,NA,NA,NA,NA,NA,NA,NA,NA,NA,NA,NA,NA,NA,NA,NA,0.41,0.91,10.7,81,2.1,5.4,12,57,1424,166,17,31.4,4.2,3.9,0.4,nonwheat_March,nonwheat,No,Yes
M22_16S_g28_E10,March,LENVT,Allium_vineale,t1p5,p068,M22_1647,Jointing,3/14/23,nonwheat,nonwheat,,sample,28,7,5,NA,NA,NA,NA,NA,23.7,35.3781208,-77.56107279,16,13.4,268,NA,NA,NA,NA,NA,NA,NA,NA,NA,NA,NA,NA,NA,NA,NA,NA,NA,0.46,1.01,6.1,69,1.9,5.4,90,105,591,121,17,22.5,4.4,0.5,0.1,nonwheat_March,nonwheat,No,Yes
M22_16S_g29_B04,April,UNIVT,Allium_vineale,t2p4,p007,M22_1074,Heading,4/28/23,nonwheat,nonwheat,,sample,29,8,5,NA,NA,NA,NA,NA,18.1,34.9506002,-80.42459308,60,16.4,407,NA,NA,NA,NA,NA,NA,NA,NA,NA,NA,NA,NA,NA,NA,NA,NA,NA,0.41,0.87,6.2,72.5,1.7,5.25,42,60,734.5,82.5,20,23.35,3.15,2.3,0.1,nonwheat_April,nonwheat,No,Yes
M22_16S_g29_G02,April,WASVT,Allium_vineale,t2p4,p048,M22_1493,Heading,5/9/23,nonwheat,nonwheat,,sample,29,8,5,NA,NA,NA,NA,NA,20.5,35.84864233,-76.65547142,56,16.2,364,NA,NA,NA,NA,NA,NA,NA,NA,NA,NA,NA,NA,NA,NA,NA,NA,NA,2.52,0.855,10.6,76.5,2.5,5.4,91,205,1072.5,267,19,5.65,4.15,0.95,0.1,nonwheat_April,nonwheat,No,Yes
M22_16S_g29_G09,March,WASVT,Allium_vineale,t2p4,p064,M22_2741,Jointing,3/27/23,nonwheat,nonwheat,,sample,29,8,5,NA,NA,NA,NA,NA,15.2,35.84835033,-76.65574642,47,13.2,293,NA,NA,NA,NA,NA,NA,NA,NA,NA,NA,NA,NA,NA,NA,NA,NA,NA,3.055,0.87,10.6,71,3,5.3,69.5,196.5,979,265.5,19.5,3.55,2.85,0.55,0.15,nonwheat_March,nonwheat,No,Yes
M22_16S_g30_E01,March,ROBVT,Allium_vineale,t1p3,p005,M22_1954,Jointing,3/21/23,nonwheat,nonwheat,,sample,30,8,5,NA,NA,NA,NA,NA,29.3,34.5455952,-79.30499765,6,14.7,239,NA,NA,NA,NA,NA,NA,NA,NA,NA,NA,NA,NA,NA,NA,NA,NA,NA,0.6,1.01,4.8,45,2.6,4.8,24,87,296,56,18,11,31.8,0.6,0.1,nonwheat_March,nonwheat,No,Yes
M22_16S_g30_F01,March,WAKMP,Allium_vineale,forest,p112,M22_2514,Jointing,3/10/23,nonwheat,nonwheat,,sample,30,8,5,NA,NA,NA,NA,NA,26.4,35.7344444,-78.70138889,20,12.7,324,NA,NA,NA,NA,NA,NA,NA,NA,NA,NA,NA,NA,NA,NA,NA,NA,NA,0.81,0.6,10.6,65,3.7,4.9,48,225,805,281,18,66.8,49.2,2.6,0.1,nonwheat_March,nonwheat,No,Yes
M22_16S_g30_G09,March,ROBVT,Allium_vineale,t1p1,p001,M22_1930,Jointing,3/21/23,nonwheat,nonwheat,,sample,30,8,5,NA,NA,NA,NA,NA,25.7,34.5704329,-79.3050959,9,14.7,239,NA,NA,NA,NA,NA,NA,NA,NA,NA,NA,NA,NA,NA,NA,NA,NA,NA,0.81,0.95,6.5,50,3.2,4.8,61,81,455,98,19,16.9,9.8,0.7,0,nonwheat_March,nonwheat,No,Yes
M22_16S_g31_B09,March,UNIVT,Allium_vineale,t1p1,p041,M22_2281,Jointing,3/20/23,nonwheat,nonwheat,,sample,31,8,5,NA,NA,NA,NA,NA,34.2,34.9510043,-80.4256521,4,13.1,313,NA,NA,NA,NA,NA,NA,NA,NA,NA,NA,NA,NA,NA,NA,NA,NA,NA,0.46,0.84,9.9,71,2.8,4.9,13,65,1104,170,19,31.1,6.5,2.8,0.2,nonwheat_March,nonwheat,No,Yes
M22_16S_g31_D11,March,UNIVT,Allium_vineale,t2p2,p054,M22_2338,Jointing,3/20/23,nonwheat,nonwheat,,sample,31,8,5,NA,NA,NA,NA,NA,39.8,34.9503922,-80.42452776,8,13.1,313,NA,NA,NA,NA,NA,NA,NA,NA,NA,NA,NA,NA,NA,NA,NA,NA,NA,0.315,1.025,6.3,66.5,2.1,5.05,25.5,58,672,84,19.5,17.25,1.9,1.75,0.1,nonwheat_March,nonwheat,No,Yes
M22_16S_g31_H10,April,WASVT,Allium_vineale,t2p2,p044,M22_1465,Heading,5/9/23,nonwheat,nonwheat,,sample,31,8,5,NA,NA,NA,NA,NA,13.9,35.84870478,-76.65530314,78,16.2,364,NA,NA,NA,NA,NA,NA,NA,NA,NA,NA,NA,NA,NA,NA,NA,NA,NA,3.085,0.83,11.2,77,2.6,5.45,125.5,276.5,1126.5,273,17.5,8.1,4.6,0.9,0.1,nonwheat_April,nonwheat,No,Yes
M22_16S_g03_E08,April,LENVT,Avena_sativa,field,p095,M22_0081,Heading,4/20/23,nonwheat,nonwheat,,sample,3,1,5,NA,NA,NA,NA,NA,7.3,35.378336,-77.560041,85.2,16.4,335,NA,NA,NA,NA,NA,NA,NA,NA,NA,NA,NA,NA,NA,NA,NA,NA,NA,NA,NA,NA,NA,NA,NA,NA,NA,NA,NA,NA,NA,NA,NA,NA,nonwheat_April,nonwheat,No,Yes
M22_16S_g04_B12,April,LENVT,Avena_sativa,field,p092,M22_0078,Heading,4/20/23,nonwheat,nonwheat,,sample,4,1,5,NA,NA,NA,NA,NA,7.3,35.378336,-77.560041,81.5,16.4,335,NA,NA,NA,NA,NA,NA,NA,NA,NA,NA,NA,NA,NA,NA,NA,NA,NA,NA,NA,NA,NA,NA,NA,NA,NA,NA,NA,NA,NA,NA,NA,NA,nonwheat_April,nonwheat,No,Yes
M22_16S_g04_H05,April,LENVT,Avena_sativa,field,p098,M22_0084,Heading,4/20/23,nonwheat,nonwheat,,sample,4,1,5,NA,NA,NA,NA,NA,7.3,35.378336,-77.560041,72.9,16.4,335,NA,NA,NA,NA,NA,NA,NA,NA,NA,NA,NA,NA,NA,NA,NA,NA,NA,NA,NA,NA,NA,NA,NA,NA,NA,NA,NA,NA,NA,NA,NA,NA,nonwheat_April,nonwheat,No,Yes
M22_16S_g10_D04,April,LENVT,Avena_sativa,field,p091,M22_0077,Heading,4/20/23,nonwheat,nonwheat,,sample,10,3,5,NA,NA,NA,NA,NA,7.3,35.378336,-77.560041,83.6,16.4,335,NA,NA,NA,NA,NA,NA,NA,NA,NA,NA,NA,NA,NA,NA,NA,NA,NA,NA,NA,NA,NA,NA,NA,NA,NA,NA,NA,NA,NA,NA,NA,NA,nonwheat_April,nonwheat,No,Yes
M22_16S_g15_F08,April,LENVT,Avena_sativa,field,p097,M22_0083,Heading,4/20/23,nonwheat,nonwheat,,sample,15,4,5,NA,NA,NA,NA,NA,7.3,35.378336,-77.560041,83.4,16.4,335,NA,NA,NA,NA,NA,NA,NA,NA,NA,NA,NA,NA,NA,NA,NA,NA,NA,NA,NA,NA,NA,NA,NA,NA,NA,NA,NA,NA,NA,NA,NA,NA,nonwheat_April,nonwheat,No,Yes
M22_16S_g16_C06,April,LENVT,Avena_sativa,field,p094,M22_0080,Heading,4/20/23,nonwheat,nonwheat,,sample,16,4,5,NA,NA,NA,NA,NA,7.3,35.378336,-77.560041,76.7,16.4,335,NA,NA,NA,NA,NA,NA,NA,NA,NA,NA,NA,NA,NA,NA,NA,NA,NA,NA,NA,NA,NA,NA,NA,NA,NA,NA,NA,NA,NA,NA,NA,NA,nonwheat_April,nonwheat,No,Yes
M22_16S_g17_A09,April,LENVT,Avena_sativa,field,p100,M22_0086,Heading,4/20/23,nonwheat,nonwheat,,sample,17,5,5,NA,NA,NA,NA,NA,7.3,35.378336,-77.560041,77.1,16.4,335,NA,NA,NA,NA,NA,NA,NA,NA,NA,NA,NA,NA,NA,NA,NA,NA,NA,NA,NA,NA,NA,NA,NA,NA,NA,NA,NA,NA,NA,NA,NA,NA,nonwheat_April,nonwheat,No,Yes
M22_16S_g23_G11,April,LENVT,Avena_sativa,field,p093,M22_0079,Heading,4/20/23,nonwheat,nonwheat,,sample,23,6,5,NA,NA,NA,NA,NA,7.3,35.378336,-77.560041,64.5,16.4,335,NA,NA,NA,NA,NA,NA,NA,NA,NA,NA,NA,NA,NA,NA,NA,NA,NA,NA,NA,NA,NA,NA,NA,NA,NA,NA,NA,NA,NA,NA,NA,NA,nonwheat_April,nonwheat,No,Yes
M22_16S_g24_A02,April,LENVT,Avena_sativa,field,p096,M22_0082,Heading,4/20/23,nonwheat,nonwheat,,sample,24,6,5,NA,NA,NA,NA,NA,7.3,35.378336,-77.560041,81,16.4,335,NA,NA,NA,NA,NA,NA,NA,NA,NA,NA,NA,NA,NA,NA,NA,NA,NA,NA,NA,NA,NA,NA,NA,NA,NA,NA,NA,NA,NA,NA,NA,NA,nonwheat_April,nonwheat,No,Yes
M22_16S_g26_C12,April,LENVT,Avena_sativa,field,p099,M22_0085,Heading,4/20/23,nonwheat,nonwheat,,sample,26,7,5,NA,NA,NA,NA,NA,7.3,35.378336,-77.560041,78.7,16.4,335,NA,NA,NA,NA,NA,NA,NA,NA,NA,NA,NA,NA,NA,NA,NA,NA,NA,NA,NA,NA,NA,NA,NA,NA,NA,NA,NA,NA,NA,NA,NA,NA,nonwheat_April,nonwheat,No,Yes
M22_16S_g01_A01,April,ROBVT,Barbarea_verna,t1p1,p041,M22_0597,Heading,4/24/23,nonwheat,nonwheat,,sample,1,1,5,NA,NA,NA,NA,NA,12.9,34.510398,-79.305143,13,18.1,296,NA,NA,NA,NA,NA,NA,NA,NA,NA,NA,NA,NA,NA,NA,NA,NA,NA,0.56,1.08,4.9,57,2.1,5,200,145,314,101,12,6.5,5.4,0.9,0,nonwheat_April,nonwheat,No,Yes
M22_16S_g01_F12,March,ROBVT,Barbarea_verna,t2p1,p070,M22_1982,Jointing,3/21/23,nonwheat,nonwheat,,sample,1,1,5,NA,NA,NA,NA,NA,31.8,34.5109768,-79.3050372,39,14.7,239,NA,NA,NA,NA,NA,NA,NA,NA,NA,NA,NA,NA,NA,NA,NA,NA,NA,0.41,1.02,8.3,90,0.8,6.5,54,230,961,249,16,8.2,9,0.7,0.1,nonwheat_March,nonwheat,No,Yes
M22_16S_g02_B01,March,ROBVT,Barbarea_verna,t2p4,p063,M22_2002,Jointing,3/21/23,nonwheat,nonwheat,,sample,2,1,5,NA,NA,NA,NA,NA,21.6,34.51126278,-79.30506968,61,14.7,239,NA,NA,NA,NA,NA,NA,NA,NA,NA,NA,NA,NA,NA,NA,NA,NA,NA,0.41,1.06,7.15,84,1.15,6.15,55.5,207.5,785.5,184,16,6.9,5.35,0.7,0.1,nonwheat_March,nonwheat,No,Yes
M22_16S_g02_H09,April,ROBVT,Barbarea_verna,t1p4,p045,M22_0601,Heading,4/24/23,nonwheat,nonwheat,,sample,2,1,5,NA,NA,NA,NA,NA,8.7,34.47314145,-79.30499563,27,18.1,296,NA,NA,NA,NA,NA,NA,NA,NA,NA,NA,NA,NA,NA,NA,NA,NA,NA,0.71,1.08,6.7,62,2.55,5.1,101,188.5,532,125.5,15,13.25,21.95,1.35,0,nonwheat_April,nonwheat,No,Yes
M22_16S_g05_E05,March,ROBVT,Barbarea_verna,t2p4,p062,M22_2001,Jointing,3/21/23,nonwheat,nonwheat,,sample,5,2,5,NA,NA,NA,NA,NA,21.6,34.51126278,-79.30506968,45,14.7,239,NA,NA,NA,NA,NA,NA,NA,NA,NA,NA,NA,NA,NA,NA,NA,NA,NA,0.41,1.06,7.15,84,1.15,6.15,55.5,207.5,785.5,184,16,6.9,5.35,0.7,0.1,nonwheat_March,nonwheat,No,Yes
M22_16S_g07_D03,April,ROBVT,Barbarea_verna,t1p3,p044,M22_0600,Heading,4/24/23,nonwheat,nonwheat,,sample,7,2,5,NA,NA,NA,NA,NA,6.6,34.4855603,-79.30504475,14,18.1,296,NA,NA,NA,NA,NA,NA,NA,NA,NA,NA,NA,NA,NA,NA,NA,NA,NA,0.66,1.1,6.8,64,2.4,5.2,71,220,542,137,14,9.8,12.1,0.6,0,nonwheat_April,nonwheat,No,Yes
M22_16S_g08_E10,April,ROBVT,Barbarea_verna,t1p5,p049,M22_0605,Heading,4/24/23,nonwheat,nonwheat,,sample,8,2,5,NA,NA,NA,NA,NA,9.1,34.4607226,-79.3049465,28,18.1,296,NA,NA,NA,NA,NA,NA,NA,NA,NA,NA,NA,NA,NA,NA,NA,NA,NA,0.76,1.06,6.6,60,2.7,5,131,157,522,114,16,16.7,31.8,2.1,0,nonwheat_April,nonwheat,No,Yes
M22_16S_g08_H11,April,ROBVT,Barbarea_verna,t1p1,p042,M22_0598,Heading,4/24/23,nonwheat,nonwheat,,sample,8,2,5,NA,NA,NA,NA,NA,12.9,34.510398,-79.305143,22,18.1,296,NA,NA,NA,NA,NA,NA,NA,NA,NA,NA,NA,NA,NA,NA,NA,NA,NA,0.56,1.08,4.9,57,2.1,5,200,145,314,101,12,6.5,5.4,0.9,0,nonwheat_April,nonwheat,No,Yes
M22_16S_g10_C05,March,ROBVT,Barbarea_verna,t2p2,p068,M22_1988,Jointing,3/21/23,nonwheat,nonwheat,,sample,10,3,5,NA,NA,NA,NA,NA,26.2,34.51107213,-79.30504803,53,14.7,239,NA,NA,NA,NA,NA,NA,NA,NA,NA,NA,NA,NA,NA,NA,NA,NA,NA,0.41,1.07,7.55,88,0.85,6.4,53.5,206,879,208.5,15.5,7.3,7.3,0.75,0.1,nonwheat_March,nonwheat,No,Yes
M22_16S_g10_E03,April,ROBVT,Barbarea_verna,t1p4,p048,M22_0604,Heading,4/24/23,nonwheat,nonwheat,,sample,10,3,5,NA,NA,NA,NA,NA,8.7,34.47314145,-79.30499563,33,18.1,296,NA,NA,NA,NA,NA,NA,NA,NA,NA,NA,NA,NA,NA,NA,NA,NA,NA,0.71,1.08,6.7,62,2.55,5.1,101,188.5,532,125.5,15,13.25,21.95,1.35,0,nonwheat_April,nonwheat,No,Yes
M22_16S_g12_C01,April,ROBVT,Barbarea_verna,t1p4,p047,M22_0603,Heading,4/24/23,nonwheat,nonwheat,,sample,12,3,5,NA,NA,NA,NA,NA,8.7,34.47314145,-79.30499563,26,18.1,296,NA,NA,NA,NA,NA,NA,NA,NA,NA,NA,NA,NA,NA,NA,NA,NA,NA,0.71,1.08,6.7,62,2.55,5.1,101,188.5,532,125.5,15,13.25,21.95,1.35,0,nonwheat_April,nonwheat,No,Yes
M22_16S_g13_A09,March,ROBVT,Barbarea_verna,t2p1,p069,M22_1981,Jointing,3/21/23,nonwheat,nonwheat,,sample,13,4,5,NA,NA,NA,NA,NA,31.8,34.5109768,-79.3050372,25,14.7,239,NA,NA,NA,NA,NA,NA,NA,NA,NA,NA,NA,NA,NA,NA,NA,NA,NA,0.41,1.02,8.3,90,0.8,6.5,54,230,961,249,16,8.2,9,0.7,0.1,nonwheat_March,nonwheat,No,Yes
M22_16S_g16_A09,March,ROBVT,Barbarea_verna,t2p3,p064,M22_1994,Jointing,3/21/23,nonwheat,nonwheat,,sample,16,4,5,NA,NA,NA,NA,NA,23.3,34.51116745,-79.30505885,55,14.7,239,NA,NA,NA,NA,NA,NA,NA,NA,NA,NA,NA,NA,NA,NA,NA,NA,NA,0.41,1.12,6.8,86,0.9,6.3,53,182,797,168,15,6.4,5.6,0.8,0.1,nonwheat_March,nonwheat,No,Yes
M22_16S_g17_B02,March,ROBVT,Barbarea_verna,t2p3,p065,M22_1995,Jointing,3/21/23,nonwheat,nonwheat,,sample,17,5,5,NA,NA,NA,NA,NA,23.3,34.51116745,-79.30505885,50,14.7,239,NA,NA,NA,NA,NA,NA,NA,NA,NA,NA,NA,NA,NA,NA,NA,NA,NA,0.41,1.12,6.8,86,0.9,6.3,53,182,797,168,15,6.4,5.6,0.8,0.1,nonwheat_March,nonwheat,No,Yes
M22_16S_g21_B10,April,ROBVT,Barbarea_verna,t1p4,p046,M22_0602,Heading,4/24/23,nonwheat,nonwheat,,sample,21,6,5,NA,NA,NA,NA,NA,8.7,34.47314145,-79.30499563,25,18.1,296,NA,NA,NA,NA,NA,NA,NA,NA,NA,NA,NA,NA,NA,NA,NA,NA,NA,0.71,1.08,6.7,62,2.55,5.1,101,188.5,532,125.5,15,13.25,21.95,1.35,0,nonwheat_April,nonwheat,No,Yes
M22_16S_g22_E06,April,ROBVT,Barbarea_verna,t1p5,p050,M22_0606,Heading,4/24/23,nonwheat,nonwheat,,sample,22,6,5,NA,NA,NA,NA,NA,9.1,34.4607226,-79.3049465,27,18.1,296,NA,NA,NA,NA,NA,NA,NA,NA,NA,NA,NA,NA,NA,NA,NA,NA,NA,0.76,1.06,6.6,60,2.7,5,131,157,522,114,16,16.7,31.8,2.1,0,nonwheat_April,nonwheat,No,Yes
M22_16S_g23_H05,March,ROBVT,Barbarea_verna,t2p2,p066,M22_1986,Jointing,3/21/23,nonwheat,nonwheat,,sample,23,6,5,NA,NA,NA,NA,NA,26.2,34.51107213,-79.30504803,62,14.7,239,NA,NA,NA,NA,NA,NA,NA,NA,NA,NA,NA,NA,NA,NA,NA,NA,NA,0.41,1.07,7.55,88,0.85,6.4,53.5,206,879,208.5,15.5,7.3,7.3,0.75,0.1,nonwheat_March,nonwheat,No,Yes
M22_16S_g24_H01,April,ROBVT,Barbarea_verna,t1p3,p043,M22_0599,Heading,4/24/23,nonwheat,nonwheat,,sample,24,6,5,NA,NA,NA,NA,NA,6.6,34.4855603,-79.30504475,10,18.1,296,NA,NA,NA,NA,NA,NA,NA,NA,NA,NA,NA,NA,NA,NA,NA,NA,NA,0.66,1.1,6.8,64,2.4,5.2,71,220,542,137,14,9.8,12.1,0.6,0,nonwheat_April,nonwheat,No,Yes
M22_16S_g28_D08,March,ROBVT,Barbarea_verna,t2p2,p067,M22_1987,Jointing,3/21/23,nonwheat,nonwheat,,sample,28,7,5,NA,NA,NA,NA,NA,26.2,34.51107213,-79.30504803,58,14.7,239,NA,NA,NA,NA,NA,NA,NA,NA,NA,NA,NA,NA,NA,NA,NA,NA,NA,0.41,1.07,7.55,88,0.85,6.4,53.5,206,879,208.5,15.5,7.3,7.3,0.75,0.1,nonwheat_March,nonwheat,No,Yes
M22_16S_g30_H07,March,ROBVT,Barbarea_verna,t2p5,p061,M22_2007,Jointing,3/21/23,nonwheat,nonwheat,,sample,30,8,5,NA,NA,NA,NA,NA,25.8,34.5113581,-79.3050805,52,14.7,239,NA,NA,NA,NA,NA,NA,NA,NA,NA,NA,NA,NA,NA,NA,NA,NA,NA,0.41,1,7.5,82,1.4,6,58,233,774,200,17,7.4,5.1,0.6,0.1,nonwheat_March,nonwheat,No,Yes
M22_16S_g02_H03,March,LENVT,Brassica_rapa,field,p072,M22_1565,Jointing,3/14/23,nonwheat,nonwheat,,sample,2,1,5,NA,NA,NA,NA,NA,NA,35.3791667,-77.56,50,13.4,268,NA,NA,NA,NA,NA,NA,NA,NA,NA,NA,NA,NA,NA,NA,NA,NA,NA,NA,NA,NA,NA,NA,NA,NA,NA,NA,NA,NA,NA,NA,NA,NA,nonwheat_March,nonwheat,No,Yes
M22_16S_g03_B12,March,LENVT,Brassica_rapa,field,p079,M22_1572,Jointing,3/14/23,nonwheat,nonwheat,,sample,3,1,5,NA,NA,NA,NA,NA,NA,35.3791667,-77.56,55,13.4,268,NA,NA,NA,NA,NA,NA,NA,NA,NA,NA,NA,NA,NA,NA,NA,NA,NA,NA,NA,NA,NA,NA,NA,NA,NA,NA,NA,NA,NA,NA,NA,NA,nonwheat_March,nonwheat,No,Yes
M22_16S_g07_A08,March,LENVT,Brassica_rapa,field,p078,M22_1571,Jointing,3/14/23,nonwheat,nonwheat,,sample,7,2,5,NA,NA,NA,NA,NA,NA,35.3791667,-77.56,48,13.4,268,NA,NA,NA,NA,NA,NA,NA,NA,NA,NA,NA,NA,NA,NA,NA,NA,NA,NA,NA,NA,NA,NA,NA,NA,NA,NA,NA,NA,NA,NA,NA,NA,nonwheat_March,nonwheat,No,Yes
M22_16S_g11_H02,March,LENVT,Brassica_rapa,field,p073,M22_1566,Jointing,3/14/23,nonwheat,nonwheat,,sample,11,3,5,NA,NA,NA,NA,NA,NA,35.3791667,-77.56,42,13.4,268,NA,NA,NA,NA,NA,NA,NA,NA,NA,NA,NA,NA,NA,NA,NA,NA,NA,NA,NA,NA,NA,NA,NA,NA,NA,NA,NA,NA,NA,NA,NA,NA,nonwheat_March,nonwheat,No,Yes
M22_16S_g18_D09,March,LENVT,Brassica_rapa,field,p075,M22_1568,Jointing,3/14/23,nonwheat,nonwheat,,sample,18,5,5,NA,NA,NA,NA,NA,NA,35.3791667,-77.56,50,13.4,268,NA,NA,NA,NA,NA,NA,NA,NA,NA,NA,NA,NA,NA,NA,NA,NA,NA,NA,NA,NA,NA,NA,NA,NA,NA,NA,NA,NA,NA,NA,NA,NA,nonwheat_March,nonwheat,No,Yes
M22_16S_g18_G03,March,LENVT,Brassica_rapa,field,p071,M22_1564,Jointing,3/14/23,nonwheat,nonwheat,,sample,18,5,5,NA,NA,NA,NA,NA,NA,35.3791667,-77.56,40,13.4,268,NA,NA,NA,NA,NA,NA,NA,NA,NA,NA,NA,NA,NA,NA,NA,NA,NA,NA,NA,NA,NA,NA,NA,NA,NA,NA,NA,NA,NA,NA,NA,NA,nonwheat_March,nonwheat,No,Yes
M22_16S_g21_F11,March,LENVT,Brassica_rapa,field,p074,M22_1567,Jointing,3/14/23,nonwheat,nonwheat,,sample,21,6,5,NA,NA,NA,NA,NA,NA,35.3791667,-77.56,39,13.4,268,NA,NA,NA,NA,NA,NA,NA,NA,NA,NA,NA,NA,NA,NA,NA,NA,NA,NA,NA,NA,NA,NA,NA,NA,NA,NA,NA,NA,NA,NA,NA,NA,nonwheat_March,nonwheat,No,Yes
M22_16S_g21_G07,March,LENVT,Brassica_rapa,field,p080,M22_1573,Jointing,3/14/23,nonwheat,nonwheat,,sample,21,6,5,NA,NA,NA,NA,NA,NA,35.3791667,-77.56,35,13.4,268,NA,NA,NA,NA,NA,NA,NA,NA,NA,NA,NA,NA,NA,NA,NA,NA,NA,NA,NA,NA,NA,NA,NA,NA,NA,NA,NA,NA,NA,NA,NA,NA,nonwheat_March,nonwheat,No,Yes
M22_16S_g23_B07,March,LENVT,Brassica_rapa,field,p076,M22_1569,Jointing,3/14/23,nonwheat,nonwheat,,sample,23,6,5,NA,NA,NA,NA,NA,NA,35.3791667,-77.56,31,13.4,268,NA,NA,NA,NA,NA,NA,NA,NA,NA,NA,NA,NA,NA,NA,NA,NA,NA,NA,NA,NA,NA,NA,NA,NA,NA,NA,NA,NA,NA,NA,NA,NA,nonwheat_March,nonwheat,No,Yes
M22_16S_g24_D05,March,LENVT,Brassica_rapa,field,p077,M22_1570,Jointing,3/14/23,nonwheat,nonwheat,,sample,24,6,5,NA,NA,NA,NA,NA,NA,35.3791667,-77.56,36,13.4,268,NA,NA,NA,NA,NA,NA,NA,NA,NA,NA,NA,NA,NA,NA,NA,NA,NA,NA,NA,NA,NA,NA,NA,NA,NA,NA,NA,NA,NA,NA,NA,NA,nonwheat_March,nonwheat,No,Yes
M22_16S_g01_B02,April,WASVT,Carex_sp,t2p2,p076,M22_1473,Heading,5/9/23,nonwheat,nonwheat,,sample,1,1,5,NA,NA,NA,NA,NA,13.9,35.84870478,-76.65530314,26,16.2,364,NA,NA,NA,NA,NA,NA,NA,NA,NA,NA,NA,NA,NA,NA,NA,NA,NA,3.085,0.83,11.2,77,2.6,5.45,125.5,276.5,1126.5,273,17.5,8.1,4.6,0.9,0.1,nonwheat_April,nonwheat,No,Yes
M22_16S_g01_C03,April,LENVT,Carex_sp,t2p1,p001,M22_0165,Heading,4/20/23,nonwheat,nonwheat,,sample,1,1,5,NA,NA,NA,NA,NA,12.2,35.3791616,-77.560684,29,16.4,335,NA,NA,NA,NA,NA,NA,NA,NA,NA,NA,NA,NA,NA,NA,NA,NA,NA,0.66,1.03,7.7,87,1,6.3,60,110,928,216,19,13.1,2.4,0.8,0.1,nonwheat_April,nonwheat,No,Yes
M22_16S_g01_F07,April,WASVT,Carex_sp,t2p3,p073,M22_1489,Heading,5/9/23,nonwheat,nonwheat,,sample,1,1,5,NA,NA,NA,NA,NA,14,35.84867355,-76.65538728,12,16.2,364,NA,NA,NA,NA,NA,NA,NA,NA,NA,NA,NA,NA,NA,NA,NA,NA,NA,2.6,0.79,11.1,80,2.2,5.6,137,290,1143,288,17,7.1,4.8,1,0.1,nonwheat_April,nonwheat,No,Yes
M22_16S_g01_H10,April,ROWVT,Carex_sp,t1p5,p012,M22_0800,Heading,4/27/23,nonwheat,nonwheat,,sample,1,1,5,NA,NA,NA,NA,NA,25.7,35.6966667,-80.62305556,5,15,469,NA,NA,NA,NA,NA,NA,NA,NA,NA,NA,NA,NA,NA,NA,NA,NA,NA,0.51,0.71,11.9,84,1.9,6,128,183,1335,351,16,53,8.6,3.4,0.1,nonwheat_April,nonwheat,No,Yes
M22_16S_g02_D08,April,LENVT,Carex_sp,t2p3,p006,M22_0182,Heading,4/20/23,nonwheat,nonwheat,,sample,2,1,5,NA,NA,NA,NA,NA,20.1,35.37909985,-77.5604651,23,16.4,335,NA,NA,NA,NA,NA,NA,NA,NA,NA,NA,NA,NA,NA,NA,NA,NA,NA,0.66,1.14,3.2,41,1.9,4.7,76,75,180,25,19,13.8,2.4,0.5,0,nonwheat_April,nonwheat,No,Yes
M22_16S_g02_E02,April,LENVT,Carex_sp,t1p2,p043,M22_0125,Heading,4/20/23,nonwheat,nonwheat,,sample,2,1,5,NA,NA,NA,NA,NA,15.9,35.37882025,-77.56075176,37,16.4,335,NA,NA,NA,NA,NA,NA,NA,NA,NA,NA,NA,NA,NA,NA,NA,NA,NA,0.51,1.06,5.65,64.5,2,5.1,88.5,65,550.5,87.5,16.5,21.5,3.6,0.5,0.1,nonwheat_April,nonwheat,No,Yes
M22_16S_g02_F02,March,ROBVT,Carex_sp,t1p4,p013,M22_1964,Jointing,3/21/23,nonwheat,nonwheat,,sample,2,1,5,NA,NA,NA,NA,NA,21.7,34.53317635,-79.30494853,6,14.7,239,NA,NA,NA,NA,NA,NA,NA,NA,NA,NA,NA,NA,NA,NA,NA,NA,NA,0.895,0.98,7.4,61.5,2.4,5.15,85,116.5,774.5,98,17,13.85,47.7,1.15,0.1,nonwheat_March,nonwheat,No,Yes
M22_16S_g02_F11,April,LENVT,Carex_sp,t2p4,p007,M22_0197,Heading,4/20/23,nonwheat,nonwheat,,sample,2,1,5,NA,NA,NA,NA,NA,22.4,35.37906898,-77.56035565,34,16.4,335,NA,NA,NA,NA,NA,NA,NA,NA,NA,NA,NA,NA,NA,NA,NA,NA,NA,0.61,1.08,3.5,45,1.95,4.8,73.5,72.5,209,43.5,18.5,22.85,3.4,0.55,0.05,nonwheat_April,nonwheat,No,Yes
M22_16S_g02_H10,April,ROWVT,Carex_sp,t1p4,p013,M22_0787,Heading,4/27/23,nonwheat,nonwheat,,sample,2,1,5,NA,NA,NA,NA,NA,18.2,35.69661453,-80.62304942,8,15,469,NA,NA,NA,NA,NA,NA,NA,NA,NA,NA,NA,NA,NA,NA,NA,NA,NA,0.485,0.775,11.5,86,1.6,6.1,96.5,213,1293.5,349,20,82.15,8.2,4,0.1,nonwheat_April,nonwheat,No,Yes
M22_16S_g03_B04,March,ROBVT,Carex_sp,t1p2,p018,M22_1949,Jointing,3/21/23,nonwheat,nonwheat,,sample,3,1,5,NA,NA,NA,NA,NA,25.5,34.55801405,-79.30504678,9,14.7,239,NA,NA,NA,NA,NA,NA,NA,NA,NA,NA,NA,NA,NA,NA,NA,NA,NA,0.705,0.98,5.65,47.5,2.9,4.8,42.5,84,375.5,77,18.5,13.95,20.8,0.65,0.05,nonwheat_March,nonwheat,No,Yes
M22_16S_g04_D07,March,ROBVT,Carex_sp,t1p4,p014,M22_1965,Jointing,3/21/23,nonwheat,nonwheat,,sample,4,1,5,NA,NA,NA,NA,NA,21.7,34.53317635,-79.30494853,6,14.7,239,NA,NA,NA,NA,NA,NA,NA,NA,NA,NA,NA,NA,NA,NA,NA,NA,NA,0.895,0.98,7.4,61.5,2.4,5.15,85,116.5,774.5,98,17,13.85,47.7,1.15,0.1,nonwheat_March,nonwheat,No,Yes
M22_16S_g04_F05,April,PERVT,Carex_sp,t2p5,p061,M22_0418,Heading,5/5/23,nonwheat,nonwheat,,sample,4,1,5,NA,NA,NA,NA,NA,48.3,36.1785017,-76.358848,9,15.7,361,NA,NA,NA,NA,NA,NA,NA,NA,NA,NA,NA,NA,NA,NA,NA,NA,NA,0.66,0.83,7.7,66,2.6,4.8,38,84,694,177,17,11.2,6.6,0.8,0.1,nonwheat_April,nonwheat,No,Yes
M22_16S_g04_G10,April,UNIVT,Carex_sp,t1p5,p079,M22_1030,Heading,4/28/23,nonwheat,nonwheat,,sample,4,1,5,NA,NA,NA,NA,NA,7,34.9505556,-80.425,29,16.4,407,NA,NA,NA,NA,NA,NA,NA,NA,NA,NA,NA,NA,NA,NA,NA,NA,NA,0.46,0.99,9.6,80,1.9,5.3,17,66,1050,279,12,20.2,5.4,2.2,0.3,nonwheat_April,nonwheat,No,Yes
M22_16S_g05_E01,April,PERVT,Carex_sp,t2p1,p069,M22_0359,Heading,5/5/23,nonwheat,nonwheat,,sample,5,2,1.5,NA,NA,NA,NA,NA,43.7,36.178693,-76.35845,9,15.7,361,NA,NA,NA,NA,NA,NA,NA,NA,NA,NA,NA,NA,NA,NA,NA,NA,NA,0.56,0.83,9.7,79,2.1,5.4,53,86,1078,246,16,16.6,6.2,1.1,0.2,nonwheat_April,nonwheat,No,Yes
M22_16S_g06_B08,April,ROWVT,Carex_sp,t1p2,p018,M22_0756,Heading,4/27/23,nonwheat,nonwheat,,sample,6,2,5,NA,NA,NA,NA,NA,17.4,35.69651018,-80.62303714,5,15,469,NA,NA,NA,NA,NA,NA,NA,NA,NA,NA,NA,NA,NA,NA,NA,NA,NA,0.435,0.785,12.2,88,1.45,6.25,92,259.5,1385,386,22,76.75,8.95,4.75,0.1,nonwheat_April,nonwheat,No,Yes
M22_16S_g06_F07,April,LENVT,Carex_sp,t1p4,p047,M22_0145,Heading,4/20/23,nonwheat,nonwheat,,sample,6,2,5,NA,NA,NA,NA,NA,14.9,35.37862615,-77.56084165,35,16.4,335,NA,NA,NA,NA,NA,NA,NA,NA,NA,NA,NA,NA,NA,NA,NA,NA,NA,0.485,1.1,5.1,61.5,1.95,5.05,117.5,49.5,473,80.5,17.5,11.5,3.15,0.55,0.1,nonwheat_April,nonwheat,No,Yes
M22_16S_g06_G06,April,ROWVT,Carex_sp,t2p2,p077,M22_0824,Heading,4/27/23,nonwheat,nonwheat,,sample,6,2,5,NA,NA,NA,NA,NA,14.5,35.69640098,-80.62258131,12,15,469,NA,NA,NA,NA,NA,NA,NA,NA,NA,NA,NA,NA,NA,NA,NA,NA,NA,0.58,0.815,9.45,75.5,2.2,5.45,51.5,230,950,233,16,66.35,8.25,2.9,0.1,nonwheat_April,nonwheat,No,Yes
M22_16S_g07_D05,April,UNIVT,Carex_sp,t1p2,p074,M22_1001,Heading,4/28/23,nonwheat,nonwheat,,sample,7,2,5,NA,NA,NA,NA,NA,7.9,34.95091515,-80.42544925,35,16.4,407,NA,NA,NA,NA,NA,NA,NA,NA,NA,NA,NA,NA,NA,NA,NA,NA,NA,0.435,0.985,11.9,81,2.1,5.4,16.5,59.5,1635.5,179,14,20.45,4.85,2.8,0.15,nonwheat_April,nonwheat,No,Yes
M22_16S_g08_B08,April,ROWVT,Carex_sp,t2p5,p072,M22_0849,Heading,4/27/23,nonwheat,nonwheat,,sample,8,2,5,NA,NA,NA,NA,NA,9.6,35.6963889,-80.62222222,11,15,469,NA,NA,NA,NA,NA,NA,NA,NA,NA,NA,NA,NA,NA,NA,NA,NA,NA,0.46,0.86,9.8,84,1.6,6,45,253,1084,263,11,88.9,6,3,0.1,nonwheat_April,nonwheat,No,Yes
M22_16S_g08_C06,April,ROWVT,Carex_sp,t2p4,p074,M22_0841,Heading,4/27/23,nonwheat,nonwheat,,sample,8,2,5,NA,NA,NA,NA,NA,12.5,35.69639293,-80.62234192,9,15,469,NA,NA,NA,NA,NA,NA,NA,NA,NA,NA,NA,NA,NA,NA,NA,NA,NA,0.51,0.815,10.3,82.5,1.8,5.85,50,253.5,1119,276.5,13,89.75,6.9,2.95,0.1,nonwheat_April,nonwheat,No,Yes
M22_16S_g08_F05,March,ROBVT,Carex_sp,t1p3,p016,M22_1957,Jointing,3/21/23,nonwheat,nonwheat,,sample,8,2,5,NA,NA,NA,NA,NA,29.3,34.5455952,-79.30499765,9,14.7,239,NA,NA,NA,NA,NA,NA,NA,NA,NA,NA,NA,NA,NA,NA,NA,NA,NA,0.6,1.01,4.8,45,2.6,4.8,24,87,296,56,18,11,31.8,0.6,0.1,nonwheat_March,nonwheat,No,Yes
M22_16S_g08_G04,April,LENVT,Carex_sp,t1p5,p049,M22_0155,Heading,4/20/23,nonwheat,nonwheat,,sample,8,2,5,NA,NA,NA,NA,NA,16,35.3785291,-77.5608866,18,16.4,335,NA,NA,NA,NA,NA,NA,NA,NA,NA,NA,NA,NA,NA,NA,NA,NA,NA,0.46,1.14,4.3,57,1.9,5,138,42,352,70,18,8.5,3.3,0.6,0.1,nonwheat_April,nonwheat,No,Yes
M22_16S_g08_G11,April,ROWVT,Carex_sp,t1p1,p019,M22_0743,Heading,4/27/23,nonwheat,nonwheat,,sample,8,2,5,NA,NA,NA,NA,NA,20.8,35.696458,-80.623031,3,15,469,NA,NA,NA,NA,NA,NA,NA,NA,NA,NA,NA,NA,NA,NA,NA,NA,NA,0.41,0.73,13.3,88,1.6,6.3,119,276,1518,425,20,42.2,10.1,4.9,0.1,nonwheat_April,nonwheat,No,Yes
M22_16S_g09_B04,April,UNIVT,Carex_sp,t1p3,p075,M22_1010,Heading,4/28/23,nonwheat,nonwheat,,sample,9,3,5,NA,NA,NA,NA,NA,14.5,34.9507953,-80.4252995,23,16.4,407,NA,NA,NA,NA,NA,NA,NA,NA,NA,NA,NA,NA,NA,NA,NA,NA,NA,0.41,0.96,13.6,89,1.5,5.9,18,57,2222,105,14,22.7,5.6,3.9,0.2,nonwheat_April,nonwheat,No,Yes
M22_16S_g09_D03,April,WASVT,Carex_sp,t2p2,p077,M22_1474,Heading,5/9/23,nonwheat,nonwheat,,sample,9,3,5,NA,NA,NA,NA,NA,13.9,35.84870478,-76.65530314,24,16.2,364,NA,NA,NA,NA,NA,NA,NA,NA,NA,NA,NA,NA,NA,NA,NA,NA,NA,3.085,0.83,11.2,77,2.6,5.45,125.5,276.5,1126.5,273,17.5,8.1,4.6,0.9,0.1,nonwheat_April,nonwheat,No,Yes
M22_16S_g09_E09,April,ROBVT,Carex_sp,t1p5,p012,M22_0560,Heading,4/24/23,nonwheat,nonwheat,,sample,9,3,5,NA,NA,NA,NA,NA,9.1,34.4607226,-79.3049465,15,18.1,296,NA,NA,NA,NA,NA,NA,NA,NA,NA,NA,NA,NA,NA,NA,NA,NA,NA,0.76,1.06,6.6,60,2.7,5,131,157,522,114,16,16.7,31.8,2.1,0,nonwheat_April,nonwheat,No,Yes
M22_16S_g09_G06,April,LENVT,Carex_sp,t2p2,p004,M22_0174,Heading,4/20/23,nonwheat,nonwheat,,sample,9,3,5,NA,NA,NA,NA,NA,15.2,35.37913073,-77.56057455,16,16.4,335,NA,NA,NA,NA,NA,NA,NA,NA,NA,NA,NA,NA,NA,NA,NA,NA,NA,0.66,1.085,5.45,64,1.45,5.5,68,92.5,554,120.5,19,13.45,2.4,0.65,0.05,nonwheat_April,nonwheat,No,Yes
M22_16S_g09_H08,April,ROWVT,Carex_sp,t2p5,p071,M22_0848,Heading,4/27/23,nonwheat,nonwheat,,sample,9,3,5,NA,NA,NA,NA,NA,9.6,35.6963889,-80.62222222,14,15,469,NA,NA,NA,NA,NA,NA,NA,NA,NA,NA,NA,NA,NA,NA,NA,NA,NA,0.46,0.86,9.8,84,1.6,6,45,253,1084,263,11,88.9,6,3,0.1,nonwheat_April,nonwheat,No,Yes
M22_16S_g10_A06,April,UNIVT,Carex_sp,t1p5,p080,M22_1031,Heading,4/28/23,nonwheat,nonwheat,,sample,10,3,5,NA,NA,NA,NA,NA,7,34.9505556,-80.425,22,16.4,407,NA,NA,NA,NA,NA,NA,NA,NA,NA,NA,NA,NA,NA,NA,NA,NA,NA,0.46,0.99,9.6,80,1.9,5.3,17,66,1050,279,12,20.2,5.4,2.2,0.3,nonwheat_April,nonwheat,No,Yes
M22_16S_g10_C04,April,LENVT,Carex_sp,t2p4,p008,M22_0198,Heading,4/20/23,nonwheat,nonwheat,,sample,10,3,5,NA,NA,NA,NA,NA,22.4,35.37906898,-77.56035565,37,16.4,335,NA,NA,NA,NA,NA,NA,NA,NA,NA,NA,NA,NA,NA,NA,NA,NA,NA,0.61,1.08,3.5,45,1.95,4.8,73.5,72.5,209,43.5,18.5,22.85,3.4,0.55,0.05,nonwheat_April,nonwheat,No,Yes
M22_16S_g11_A05,April,ROWVT,Carex_sp,t1p2,p017,M22_0755,Heading,4/27/23,nonwheat,nonwheat,,sample,11,3,5,NA,NA,NA,NA,NA,17.4,35.69651018,-80.62303714,6,15,469,NA,NA,NA,NA,NA,NA,NA,NA,NA,NA,NA,NA,NA,NA,NA,NA,NA,0.435,0.785,12.2,88,1.45,6.25,92,259.5,1385,386,22,76.75,8.95,4.75,0.1,nonwheat_April,nonwheat,No,Yes
M22_16S_g11_C12,April,ROWVT,Carex_sp,t2p3,p075,M22_0832,Heading,4/27/23,nonwheat,nonwheat,,sample,11,3,5,NA,NA,NA,NA,NA,11.1,35.69639695,-80.62246161,12,15,469,NA,NA,NA,NA,NA,NA,NA,NA,NA,NA,NA,NA,NA,NA,NA,NA,NA,0.56,0.77,10.8,81,2,5.7,55,254,1154,290,15,90.6,7.8,2.9,0.1,nonwheat_April,nonwheat,No,Yes
M22_16S_g11_E12,April,LENVT,Carex_sp,t1p4,p048,M22_0146,Heading,4/20/23,nonwheat,nonwheat,,sample,11,3,5,NA,NA,NA,NA,NA,14.9,35.37862615,-77.56084165,25,16.4,335,NA,NA,NA,NA,NA,NA,NA,NA,NA,NA,NA,NA,NA,NA,NA,NA,NA,0.485,1.1,5.1,61.5,1.95,5.05,117.5,49.5,473,80.5,17.5,11.5,3.15,0.55,0.1,nonwheat_April,nonwheat,No,Yes
M22_16S_g11_H04,April,WASVT,Carex_sp,t2p1,p079,M22_1460,Heading,5/9/23,nonwheat,nonwheat,,sample,11,3,5,NA,NA,NA,NA,NA,11,35.848736,-76.655219,17,16.2,364,NA,NA,NA,NA,NA,NA,NA,NA,NA,NA,NA,NA,NA,NA,NA,NA,NA,3.57,0.87,11.3,74,3,5.3,114,263,1110,258,18,9.1,4.4,0.8,0.1,nonwheat_April,nonwheat,No,Yes
M22_16S_g12_H08,April,ROBVT,Carex_sp,t1p1,p019,M22_0567,Heading,4/24/23,nonwheat,nonwheat,,sample,12,3,5,NA,NA,NA,NA,NA,12.9,34.510398,-79.305143,11,18.1,296,NA,NA,NA,NA,NA,NA,NA,NA,NA,NA,NA,NA,NA,NA,NA,NA,NA,0.56,1.08,4.9,57,2.1,5,200,145,314,101,12,6.5,5.4,0.9,0,nonwheat_April,nonwheat,No,Yes
M22_16S_g13_B05,April,LENVT,Carex_sp,t2p2,p003,M22_0173,Heading,4/20/23,nonwheat,nonwheat,,sample,13,4,5,NA,NA,NA,NA,NA,15.2,35.37913073,-77.56057455,17,16.4,335,NA,NA,NA,NA,NA,NA,NA,NA,NA,NA,NA,NA,NA,NA,NA,NA,NA,0.66,1.085,5.45,64,1.45,5.5,68,92.5,554,120.5,19,13.45,2.4,0.65,0.05,nonwheat_April,nonwheat,No,Yes
M22_16S_g13_D08,April,PERVT,Carex_sp,t2p3,p065,M22_0395,Heading,5/5/23,nonwheat,nonwheat,,sample,13,4,5,NA,NA,NA,NA,NA,50.8,36.17859735,-76.358649,7,15.7,361,NA,NA,NA,NA,NA,NA,NA,NA,NA,NA,NA,NA,NA,NA,NA,NA,NA,0.71,0.81,8.6,72,2.4,5,60,100,897,181,18,16.7,7,0.9,0.2,nonwheat_April,nonwheat,No,Yes
M22_16S_g13_F11,April,ROWVT,Carex_sp,t1p3,p015,M22_0775,Heading,4/27/23,nonwheat,nonwheat,,sample,13,4,5,NA,NA,NA,NA,NA,18.9,35.69656235,-80.62304328,3,15,469,NA,NA,NA,NA,NA,NA,NA,NA,NA,NA,NA,NA,NA,NA,NA,NA,NA,0.46,0.84,11.1,88,1.3,6.2,65,243,1252,347,24,111.3,7.8,4.6,0.1,nonwheat_April,nonwheat,No,Yes
M22_16S_g13_G03,April,PERVT,Carex_sp,t2p4,p063,M22_0408,Heading,5/5/23,nonwheat,nonwheat,,sample,13,4,5,NA,NA,NA,NA,NA,35.9,36.17854953,-76.3587485,8,15.7,361,NA,NA,NA,NA,NA,NA,NA,NA,NA,NA,NA,NA,NA,NA,NA,NA,NA,0.685,0.82,8.15,69,2.5,4.9,49,92,795.5,179,17.5,13.95,6.8,0.85,0.15,nonwheat_April,nonwheat,No,Yes
M22_16S_g14_D10,April,UNIVT,Carex_sp,t1p3,p076,M22_1011,Heading,4/28/23,nonwheat,nonwheat,,sample,14,4,5,NA,NA,NA,NA,NA,14.5,34.9507953,-80.4252995,19,16.4,407,NA,NA,NA,NA,NA,NA,NA,NA,NA,NA,NA,NA,NA,NA,NA,NA,NA,0.41,0.96,13.6,89,1.5,5.9,18,57,2222,105,14,22.7,5.6,3.9,0.2,nonwheat_April,nonwheat,No,Yes
M22_16S_g15_A07,April,WASVT,Carex_sp,t2p3,p074,M22_1490,Heading,5/9/23,nonwheat,nonwheat,,sample,15,4,5,NA,NA,NA,NA,NA,14,35.84867355,-76.65538728,22,16.2,364,NA,NA,NA,NA,NA,NA,NA,NA,NA,NA,NA,NA,NA,NA,NA,NA,NA,2.6,0.79,11.1,80,2.2,5.6,137,290,1143,288,17,7.1,4.8,1,0.1,nonwheat_April,nonwheat,No,Yes
M22_16S_g15_B04,April,LENVT,Carex_sp,t2p5,p009,M22_0205,Heading,4/20/23,nonwheat,nonwheat,,sample,15,4,5,NA,NA,NA,NA,NA,21.8,35.3790381,-77.5602462,34,16.4,335,NA,NA,NA,NA,NA,NA,NA,NA,NA,NA,NA,NA,NA,NA,NA,NA,NA,0.56,1.02,3.8,49,2,4.9,71,70,238,62,18,31.9,4.4,0.6,0.1,nonwheat_April,nonwheat,No,Yes
M22_16S_g15_D07,April,ROWVT,Carex_sp,t2p4,p073,M22_0840,Heading,4/27/23,nonwheat,nonwheat,,sample,15,4,5,NA,NA,NA,NA,NA,12.5,35.69639293,-80.62234192,8,15,469,NA,NA,NA,NA,NA,NA,NA,NA,NA,NA,NA,NA,NA,NA,NA,NA,NA,0.51,0.815,10.3,82.5,1.8,5.85,50,253.5,1119,276.5,13,89.75,6.9,2.95,0.1,nonwheat_April,nonwheat,No,Yes
M22_16S_g15_E09,April,LENVT,Carex_sp,t2p1,p002,M22_0166,Heading,4/20/23,nonwheat,nonwheat,,sample,15,4,5,NA,NA,NA,NA,NA,12.2,35.3791616,-77.560684,19,16.4,335,NA,NA,NA,NA,NA,NA,NA,NA,NA,NA,NA,NA,NA,NA,NA,NA,NA,0.66,1.03,7.7,87,1,6.3,60,110,928,216,19,13.1,2.4,0.8,0.1,nonwheat_April,nonwheat,No,Yes
M22_16S_g16_E01,April,PERVT,Carex_sp,t2p3,p066,M22_0396,Heading,5/5/23,nonwheat,nonwheat,,sample,16,4,1.37,NA,NA,NA,NA,NA,50.8,36.17859735,-76.358649,8,15.7,361,NA,NA,NA,NA,NA,NA,NA,NA,NA,NA,NA,NA,NA,NA,NA,NA,NA,0.71,0.81,8.6,72,2.4,5,60,100,897,181,18,16.7,7,0.9,0.2,nonwheat_April,nonwheat,No,Yes
M22_16S_g17_B04,April,LENVT,Carex_sp,t2p5,p010,M22_0206,Heading,4/20/23,nonwheat,nonwheat,,sample,17,5,5,NA,NA,NA,NA,NA,21.8,35.3790381,-77.5602462,31,16.4,335,NA,NA,NA,NA,NA,NA,NA,NA,NA,NA,NA,NA,NA,NA,NA,NA,NA,0.56,1.02,3.8,49,2,4.9,71,70,238,62,18,31.9,4.4,0.6,0.1,nonwheat_April,nonwheat,No,Yes
M22_16S_g17_C02,April,LENVT,Carex_sp,t1p2,p044,M22_0126,Heading,4/20/23,nonwheat,nonwheat,,sample,17,5,5,NA,NA,NA,NA,NA,15.9,35.37882025,-77.56075176,27,16.4,335,NA,NA,NA,NA,NA,NA,NA,NA,NA,NA,NA,NA,NA,NA,NA,NA,NA,0.51,1.06,5.65,64.5,2,5.1,88.5,65,550.5,87.5,16.5,21.5,3.6,0.5,0.1,nonwheat_April,nonwheat,No,Yes
M22_16S_g17_C12,March,ROBVT,Carex_sp,t1p1,p019,M22_1932,Jointing,3/21/23,nonwheat,nonwheat,,sample,17,5,5,NA,NA,NA,NA,NA,25.7,34.5704329,-79.3050959,8,14.7,239,NA,NA,NA,NA,NA,NA,NA,NA,NA,NA,NA,NA,NA,NA,NA,NA,NA,0.81,0.95,6.5,50,3.2,4.8,61,81,455,98,19,16.9,9.8,0.7,0,nonwheat_March,nonwheat,No,Yes
M22_16S_g17_E12,April,LENVT,Carex_sp,t1p1,p041,M22_0115,Heading,4/20/23,nonwheat,nonwheat,,sample,17,5,5,NA,NA,NA,NA,NA,13.7,35.3789173,-77.56070681,39,16.4,335,NA,NA,NA,NA,NA,NA,NA,NA,NA,NA,NA,NA,NA,NA,NA,NA,NA,0.51,1.06,5.4,63,2,5.1,80,73,507,84,16,28.5,4.2,0.5,0.1,nonwheat_April,nonwheat,No,Yes
M22_16S_g18_D10,April,WASVT,Carex_sp,t2p2,p078,M22_1475,Heading,5/9/23,nonwheat,nonwheat,,sample,18,5,5,NA,NA,NA,NA,NA,13.9,35.84870478,-76.65530314,30,16.2,364,NA,NA,NA,NA,NA,NA,NA,NA,NA,NA,NA,NA,NA,NA,NA,NA,NA,3.085,0.83,11.2,77,2.6,5.45,125.5,276.5,1126.5,273,17.5,8.1,4.6,0.9,0.1,nonwheat_April,nonwheat,No,Yes
M22_16S_g18_G11,April,ROWVT,Carex_sp,t1p3,p016,M22_0776,Heading,4/27/23,nonwheat,nonwheat,,sample,18,5,5,NA,NA,NA,NA,NA,18.9,35.69656235,-80.62304328,3,15,469,NA,NA,NA,NA,NA,NA,NA,NA,NA,NA,NA,NA,NA,NA,NA,NA,NA,0.46,0.84,11.1,88,1.3,6.2,65,243,1252,347,24,111.3,7.8,4.6,0.1,nonwheat_April,nonwheat,No,Yes
M22_16S_g19_B04,March,ROBVT,Carex_sp,t1p1,p020,M22_1933,Jointing,3/21/23,nonwheat,nonwheat,,sample,19,5,5,NA,NA,NA,NA,NA,25.7,34.5704329,-79.3050959,7,14.7,239,NA,NA,NA,NA,NA,NA,NA,NA,NA,NA,NA,NA,NA,NA,NA,NA,NA,0.81,0.95,6.5,50,3.2,4.8,61,81,455,98,19,16.9,9.8,0.7,0,nonwheat_March,nonwheat,No,Yes
M22_16S_g19_B08,April,PERVT,Carex_sp,t2p2,p067,M22_0385,Heading,5/5/23,nonwheat,nonwheat,,sample,19,5,5,NA,NA,NA,NA,NA,44.8,36.17864518,-76.3585495,7,15.7,361,NA,NA,NA,NA,NA,NA,NA,NA,NA,NA,NA,NA,NA,NA,NA,NA,NA,0.635,0.82,9.15,75.5,2.25,5.2,56.5,93,987.5,213.5,17,16.65,6.6,1,0.2,nonwheat_April,nonwheat,No,Yes
M22_16S_g20_A06,April,ROBVT,Carex_sp,t1p2,p018,M22_0566,Heading,4/24/23,nonwheat,nonwheat,,sample,20,5,5,NA,NA,NA,NA,NA,12.6,34.49797915,-79.30509388,14,18.1,296,NA,NA,NA,NA,NA,NA,NA,NA,NA,NA,NA,NA,NA,NA,NA,NA,NA,0.61,1.09,5.85,60.5,2.25,5.1,135.5,182.5,428,119,13,8.15,8.75,0.75,0,nonwheat_April,nonwheat,No,Yes
M22_16S_g20_A12,April,ROBVT,Carex_sp,t1p1,p020,M22_0568,Heading,4/24/23,nonwheat,nonwheat,,sample,20,5,5,NA,NA,NA,NA,NA,12.9,34.510398,-79.305143,9,18.1,296,NA,NA,NA,NA,NA,NA,NA,NA,NA,NA,NA,NA,NA,NA,NA,NA,NA,0.56,1.08,4.9,57,2.1,5,200,145,314,101,12,6.5,5.4,0.9,0,nonwheat_April,nonwheat,No,Yes
M22_16S_g20_D10,April,PERVT,Carex_sp,t2p1,p070,M22_0360,Heading,5/5/23,nonwheat,nonwheat,,sample,20,5,5,NA,NA,NA,NA,NA,43.7,36.178693,-76.35845,8,15.7,361,NA,NA,NA,NA,NA,NA,NA,NA,NA,NA,NA,NA,NA,NA,NA,NA,NA,0.56,0.83,9.7,79,2.1,5.4,53,86,1078,246,16,16.6,6.2,1.1,0.2,nonwheat_April,nonwheat,No,Yes
M22_16S_g20_E02,April,UNIVT,Carex_sp,t1p4,p077,M22_1020,Heading,4/28/23,nonwheat,nonwheat,,sample,20,5,5,NA,NA,NA,NA,NA,3,34.95067545,-80.42514975,23,16.4,407,NA,NA,NA,NA,NA,NA,NA,NA,NA,NA,NA,NA,NA,NA,NA,NA,NA,0.435,0.975,11.6,84.5,1.7,5.6,17.5,61.5,1636,192,13,21.45,5.5,3.05,0.25,nonwheat_April,nonwheat,No,Yes
M22_16S_g20_H09,April,ROWVT,Carex_sp,t1p4,p014,M22_0788,Heading,4/27/23,nonwheat,nonwheat,,sample,20,5,5,NA,NA,NA,NA,NA,18.2,35.69661453,-80.62304942,6,15,469,NA,NA,NA,NA,NA,NA,NA,NA,NA,NA,NA,NA,NA,NA,NA,NA,NA,0.485,0.775,11.5,86,1.6,6.1,96.5,213,1293.5,349,20,82.15,8.2,4,0.1,nonwheat_April,nonwheat,No,Yes
M22_16S_g21_B02,April,ROBVT,Carex_sp,t1p3,p016,M22_0564,Heading,4/24/23,nonwheat,nonwheat,,sample,21,6,5,NA,NA,NA,NA,NA,6.6,34.4855603,-79.30504475,12,18.1,296,NA,NA,NA,NA,NA,NA,NA,NA,NA,NA,NA,NA,NA,NA,NA,NA,NA,0.66,1.1,6.8,64,2.4,5.2,71,220,542,137,14,9.8,12.1,0.6,0,nonwheat_April,nonwheat,No,Yes
M22_16S_g21_F03,March,ROBVT,Carex_sp,t1p2,p017,M22_1948,Jointing,3/21/23,nonwheat,nonwheat,,sample,21,6,5,NA,NA,NA,NA,NA,25.5,34.55801405,-79.30504678,7,14.7,239,NA,NA,NA,NA,NA,NA,NA,NA,NA,NA,NA,NA,NA,NA,NA,NA,NA,0.705,0.98,5.65,47.5,2.9,4.8,42.5,84,375.5,77,18.5,13.95,20.8,0.65,0.05,nonwheat_March,nonwheat,No,Yes
M22_16S_g21_F04,April,UNIVT,Carex_sp,t1p1,p071,M22_0990,Heading,4/28/23,nonwheat,nonwheat,,sample,21,6,5,NA,NA,NA,NA,NA,12.5,34.951035,-80.425599,30,16.4,407,NA,NA,NA,NA,NA,NA,NA,NA,NA,NA,NA,NA,NA,NA,NA,NA,NA,0.46,1.01,10.2,73,2.7,4.9,15,62,1049,253,14,18.2,4.1,1.7,0.1,nonwheat_April,nonwheat,No,Yes
M22_16S_g21_F05,April,ROWVT,Carex_sp,t1p5,p011,M22_0799,Heading,4/27/23,nonwheat,nonwheat,,sample,21,6,5,NA,NA,NA,NA,NA,25.7,35.6966667,-80.62305556,7,15,469,NA,NA,NA,NA,NA,NA,NA,NA,NA,NA,NA,NA,NA,NA,NA,NA,NA,0.51,0.71,11.9,84,1.9,6,128,183,1335,351,16,53,8.6,3.4,0.1,nonwheat_April,nonwheat,No,Yes
M22_16S_g21_G03,April,LENVT,Carex_sp,t2p3,p005,M22_0181,Heading,4/20/23,nonwheat,nonwheat,,sample,21,6,5,NA,NA,NA,NA,NA,20.1,35.37909985,-77.5604651,17,16.4,335,NA,NA,NA,NA,NA,NA,NA,NA,NA,NA,NA,NA,NA,NA,NA,NA,NA,0.66,1.14,3.2,41,1.9,4.7,76,75,180,25,19,13.8,2.4,0.5,0,nonwheat_April,nonwheat,No,Yes
M22_16S_g22_B06,April,ROWVT,Carex_sp,t2p1,p080,M22_0817,Heading,4/27/23,nonwheat,nonwheat,,sample,22,6,5,NA,NA,NA,NA,NA,15.3,35.696405,-80.622701,5,15,469,NA,NA,NA,NA,NA,NA,NA,NA,NA,NA,NA,NA,NA,NA,NA,NA,NA,0.6,0.86,8.1,70,2.4,5.2,48,206,746,176,17,42.1,8.7,2.9,0.1,nonwheat_April,nonwheat,No,Yes
M22_16S_g22_F02,April,PERVT,Carex_sp,t2p2,p068,M22_0386,Heading,5/5/23,nonwheat,nonwheat,,sample,22,6,5,NA,NA,NA,NA,NA,44.8,36.17864518,-76.3585495,7,15.7,361,NA,NA,NA,NA,NA,NA,NA,NA,NA,NA,NA,NA,NA,NA,NA,NA,NA,0.635,0.82,9.15,75.5,2.25,5.2,56.5,93,987.5,213.5,17,16.65,6.6,1,0.2,nonwheat_April,nonwheat,No,Yes
M22_16S_g22_G05,April,ROWVT,Carex_sp,t2p1,p079,M22_0816,Heading,4/27/23,nonwheat,nonwheat,,sample,22,6,5,NA,NA,NA,NA,NA,15.3,35.696405,-80.622701,8,15,469,NA,NA,NA,NA,NA,NA,NA,NA,NA,NA,NA,NA,NA,NA,NA,NA,NA,0.6,0.86,8.1,70,2.4,5.2,48,206,746,176,17,42.1,8.7,2.9,0.1,nonwheat_April,nonwheat,No,Yes
M22_16S_g23_A02,April,PERVT,Carex_sp,t2p4,p064,M22_0409,Heading,5/5/23,nonwheat,nonwheat,,sample,23,6,5,NA,NA,NA,NA,NA,35.9,36.17854953,-76.3587485,10,15.7,361,NA,NA,NA,NA,NA,NA,NA,NA,NA,NA,NA,NA,NA,NA,NA,NA,NA,0.685,0.82,8.15,69,2.5,4.9,49,92,795.5,179,17.5,13.95,6.8,0.85,0.15,nonwheat_April,nonwheat,No,Yes
M22_16S_g23_A07,April,ROBVT,Carex_sp,t1p3,p015,M22_0563,Heading,4/24/23,nonwheat,nonwheat,,sample,23,6,5,NA,NA,NA,NA,NA,6.6,34.4855603,-79.30504475,11,18.1,296,NA,NA,NA,NA,NA,NA,NA,NA,NA,NA,NA,NA,NA,NA,NA,NA,NA,0.66,1.1,6.8,64,2.4,5.2,71,220,542,137,14,9.8,12.1,0.6,0,nonwheat_April,nonwheat,No,Yes
M22_16S_g24_D04,March,ROBVT,Carex_sp,t1p3,p015,M22_1956,Jointing,3/21/23,nonwheat,nonwheat,,sample,24,6,5,NA,NA,NA,NA,NA,29.3,34.5455952,-79.30499765,12,14.7,239,NA,NA,NA,NA,NA,NA,NA,NA,NA,NA,NA,NA,NA,NA,NA,NA,NA,0.6,1.01,4.8,45,2.6,4.8,24,87,296,56,18,11,31.8,0.6,0.1,nonwheat_March,nonwheat,No,Yes
M22_16S_g24_G07,March,ROBVT,Carex_sp,t1p5,p011,M22_1972,Jointing,3/21/23,nonwheat,nonwheat,,sample,24,6,5,NA,NA,NA,NA,NA,20.6,34.5207575,-79.3048994,8,14.7,239,NA,NA,NA,NA,NA,NA,NA,NA,NA,NA,NA,NA,NA,NA,NA,NA,NA,1.19,0.95,10,78,2.2,5.5,146,146,1253,140,16,16.7,63.6,1.7,0.1,nonwheat_March,nonwheat,No,Yes
M22_16S_g25_D06,April,WASVT,Carex_sp,t2p2,p075,M22_1472,Heading,5/9/23,nonwheat,nonwheat,,sample,25,7,5,NA,NA,NA,NA,NA,13.9,35.84870478,-76.65530314,40,16.2,364,NA,NA,NA,NA,NA,NA,NA,NA,NA,NA,NA,NA,NA,NA,NA,NA,NA,3.085,0.83,11.2,77,2.6,5.45,125.5,276.5,1126.5,273,17.5,8.1,4.6,0.9,0.1,nonwheat_April,nonwheat,No,Yes
M22_16S_g25_D09,April,LENVT,Carex_sp,t1p3,p045,M22_0135,Heading,4/20/23,nonwheat,nonwheat,,sample,25,7,5,NA,NA,NA,NA,NA,14.6,35.3787232,-77.56079671,24,16.4,335,NA,NA,NA,NA,NA,NA,NA,NA,NA,NA,NA,NA,NA,NA,NA,NA,NA,0.51,1.06,5.9,66,2,5.1,97,57,594,91,17,14.5,3,0.5,0.1,nonwheat_April,nonwheat,No,Yes
M22_16S_g25_E05,April,LENVT,Carex_sp,t1p1,p042,M22_0116,Heading,4/20/23,nonwheat,nonwheat,,sample,25,7,5,NA,NA,NA,NA,NA,13.7,35.3789173,-77.56070681,34,16.4,335,NA,NA,NA,NA,NA,NA,NA,NA,NA,NA,NA,NA,NA,NA,NA,NA,NA,0.51,1.06,5.4,63,2,5.1,80,73,507,84,16,28.5,4.2,0.5,0.1,nonwheat_April,nonwheat,No,Yes
M22_16S_g25_F05,April,LENVT,Carex_sp,t1p5,p050,M22_0156,Heading,4/20/23,nonwheat,nonwheat,,sample,25,7,5,NA,NA,NA,NA,NA,16,35.3785291,-77.5608866,25,16.4,335,NA,NA,NA,NA,NA,NA,NA,NA,NA,NA,NA,NA,NA,NA,NA,NA,NA,0.46,1.14,4.3,57,1.9,5,138,42,352,70,18,8.5,3.3,0.6,0.1,nonwheat_April,nonwheat,No,Yes
M22_16S_g26_D02,April,UNIVT,Carex_sp,t1p2,p073,M22_1000,Heading,4/28/23,nonwheat,nonwheat,,sample,26,7,5,NA,NA,NA,NA,NA,7.9,34.95091515,-80.42544925,27,16.4,407,NA,NA,NA,NA,NA,NA,NA,NA,NA,NA,NA,NA,NA,NA,NA,NA,NA,0.435,0.985,11.9,81,2.1,5.4,16.5,59.5,1635.5,179,14,20.45,4.85,2.8,0.15,nonwheat_April,nonwheat,No,Yes
M22_16S_g26_H09,April,ROBVT,Carex_sp,t1p2,p017,M22_0565,Heading,4/24/23,nonwheat,nonwheat,,sample,26,7,5,NA,NA,NA,NA,NA,12.6,34.49797915,-79.30509388,15,18.1,296,NA,NA,NA,NA,NA,NA,NA,NA,NA,NA,NA,NA,NA,NA,NA,NA,NA,0.61,1.09,5.85,60.5,2.25,5.1,135.5,182.5,428,119,13,8.15,8.75,0.75,0,nonwheat_April,nonwheat,No,Yes
M22_16S_g27_D08,April,ROBVT,Carex_sp,t1p4,p013,M22_0561,Heading,4/24/23,nonwheat,nonwheat,,sample,27,7,5,NA,NA,NA,NA,NA,8.7,34.47314145,-79.30499563,10,18.1,296,NA,NA,NA,NA,NA,NA,NA,NA,NA,NA,NA,NA,NA,NA,NA,NA,NA,0.71,1.08,6.7,62,2.55,5.1,101,188.5,532,125.5,15,13.25,21.95,1.35,0,nonwheat_April,nonwheat,No,Yes
M22_16S_g29_D12,April,UNIVT,Carex_sp,t1p1,p072,M22_0991,Heading,4/28/23,nonwheat,nonwheat,,sample,29,8,5,NA,NA,NA,NA,NA,12.5,34.951035,-80.425599,26,16.4,407,NA,NA,NA,NA,NA,NA,NA,NA,NA,NA,NA,NA,NA,NA,NA,NA,NA,0.46,1.01,10.2,73,2.7,4.9,15,62,1049,253,14,18.2,4.1,1.7,0.1,nonwheat_April,nonwheat,No,Yes
M22_16S_g30_A04,April,ROWVT,Carex_sp,t2p2,p078,M22_0825,Heading,4/27/23,nonwheat,nonwheat,,sample,30,8,5,NA,NA,NA,NA,NA,14.5,35.69640098,-80.62258131,11,15,469,NA,NA,NA,NA,NA,NA,NA,NA,NA,NA,NA,NA,NA,NA,NA,NA,NA,0.58,0.815,9.45,75.5,2.2,5.45,51.5,230,950,233,16,66.35,8.25,2.9,0.1,nonwheat_April,nonwheat,No,Yes
M22_16S_g30_A09,April,ROWVT,Carex_sp,t2p3,p076,M22_0833,Heading,4/27/23,nonwheat,nonwheat,,sample,30,8,5,NA,NA,NA,NA,NA,11.1,35.69639695,-80.62246161,8,15,469,NA,NA,NA,NA,NA,NA,NA,NA,NA,NA,NA,NA,NA,NA,NA,NA,NA,0.56,0.77,10.8,81,2,5.7,55,254,1154,290,15,90.6,7.8,2.9,0.1,nonwheat_April,nonwheat,No,Yes
M22_16S_g30_B05,April,LENVT,Carex_sp,t1p3,p046,M22_0136,Heading,4/20/23,nonwheat,nonwheat,,sample,30,8,5,NA,NA,NA,NA,NA,14.6,35.3787232,-77.56079671,21,16.4,335,NA,NA,NA,NA,NA,NA,NA,NA,NA,NA,NA,NA,NA,NA,NA,NA,NA,0.51,1.06,5.9,66,2,5.1,97,57,594,91,17,14.5,3,0.5,0.1,nonwheat_April,nonwheat,No,Yes
M22_16S_g30_C07,April,WASVT,Carex_sp,t2p3,p071,M22_1487,Heading,5/9/23,nonwheat,nonwheat,,sample,30,8,5,NA,NA,NA,NA,NA,14,35.84867355,-76.65538728,21,16.2,364,NA,NA,NA,NA,NA,NA,NA,NA,NA,NA,NA,NA,NA,NA,NA,NA,NA,2.6,0.79,11.1,80,2.2,5.6,137,290,1143,288,17,7.1,4.8,1,0.1,nonwheat_April,nonwheat,No,Yes
M22_16S_g30_E07,April,UNIVT,Carex_sp,t1p4,p078,M22_1021,Heading,4/28/23,nonwheat,nonwheat,,sample,30,8,5,NA,NA,NA,NA,NA,3,34.95067545,-80.42514975,21,16.4,407,NA,NA,NA,NA,NA,NA,NA,NA,NA,NA,NA,NA,NA,NA,NA,NA,NA,0.435,0.975,11.6,84.5,1.7,5.6,17.5,61.5,1636,192,13,21.45,5.5,3.05,0.25,nonwheat_April,nonwheat,No,Yes
M22_16S_g30_G10,April,WASVT,Carex_sp,t2p3,p072,M22_1488,Heading,5/9/23,nonwheat,nonwheat,,sample,30,8,5,NA,NA,NA,NA,NA,14,35.84867355,-76.65538728,15,16.2,364,NA,NA,NA,NA,NA,NA,NA,NA,NA,NA,NA,NA,NA,NA,NA,NA,NA,2.6,0.79,11.1,80,2.2,5.6,137,290,1143,288,17,7.1,4.8,1,0.1,nonwheat_April,nonwheat,No,Yes
M22_16S_g30_H05,April,ROBVT,Carex_sp,t1p5,p011,M22_0559,Heading,4/24/23,nonwheat,nonwheat,,sample,30,8,5,NA,NA,NA,NA,NA,9.1,34.4607226,-79.3049465,19,18.1,296,NA,NA,NA,NA,NA,NA,NA,NA,NA,NA,NA,NA,NA,NA,NA,NA,NA,0.76,1.06,6.6,60,2.7,5,131,157,522,114,16,16.7,31.8,2.1,0,nonwheat_April,nonwheat,No,Yes
M22_16S_g31_D08,April,ROBVT,Carex_sp,t1p4,p014,M22_0562,Heading,4/24/23,nonwheat,nonwheat,,sample,31,8,5,NA,NA,NA,NA,NA,8.7,34.47314145,-79.30499563,11,18.1,296,NA,NA,NA,NA,NA,NA,NA,NA,NA,NA,NA,NA,NA,NA,NA,NA,NA,0.71,1.08,6.7,62,2.55,5.1,101,188.5,532,125.5,15,13.25,21.95,1.35,0,nonwheat_April,nonwheat,No,Yes
M22_16S_g31_D10,April,ROWVT,Carex_sp,t1p1,p020,M22_0744,Heading,4/27/23,nonwheat,nonwheat,,sample,31,8,5,NA,NA,NA,NA,NA,20.8,35.696458,-80.623031,2,15,469,NA,NA,NA,NA,NA,NA,NA,NA,NA,NA,NA,NA,NA,NA,NA,NA,NA,0.41,0.73,13.3,88,1.6,6.3,119,276,1518,425,20,42.2,10.1,4.9,0.1,nonwheat_April,nonwheat,No,Yes
M22_16S_g31_F12,April,PERVT,Carex_sp,t2p5,p062,M22_0419,Heading,5/5/23,nonwheat,nonwheat,,sample,31,8,5,NA,NA,NA,NA,NA,48.3,36.1785017,-76.358848,9,15.7,361,NA,NA,NA,NA,NA,NA,NA,NA,NA,NA,NA,NA,NA,NA,NA,NA,NA,0.66,0.83,7.7,66,2.6,4.8,38,84,694,177,17,11.2,6.6,0.8,0.1,nonwheat_April,nonwheat,No,Yes
M22_16S_g31_G09,April,WASVT,Carex_sp,t2p1,p080,M22_1461,Heading,5/9/23,nonwheat,nonwheat,,sample,31,8,5,NA,NA,NA,NA,NA,11,35.848736,-76.655219,33,16.2,364,NA,NA,NA,NA,NA,NA,NA,NA,NA,NA,NA,NA,NA,NA,NA,NA,NA,3.57,0.87,11.3,74,3,5.3,114,263,1110,258,18,9.1,4.4,0.8,0.1,nonwheat_April,nonwheat,No,Yes
M22_16S_g31_H02,March,ROBVT,Carex_sp,t1p5,p012,M22_1973,Jointing,3/21/23,nonwheat,nonwheat,,sample,31,8,5,NA,NA,NA,NA,NA,20.6,34.5207575,-79.3048994,10,14.7,239,NA,NA,NA,NA,NA,NA,NA,NA,NA,NA,NA,NA,NA,NA,NA,NA,NA,1.19,0.95,10,78,2.2,5.5,146,146,1253,140,16,16.7,63.6,1.7,0.1,nonwheat_March,nonwheat,No,Yes
M22_16S_g03_C12,April,PERVT,Carya_illinoinensis,t1p1,p110,M22_0308,Heading,5/5/23,nonwheat,nonwheat,,sample,3,1,5,NA,NA,NA,NA,NA,31.9,36.178318,-76.358937,2000,15.7,361,NA,NA,NA,NA,NA,NA,NA,NA,NA,NA,NA,NA,NA,NA,NA,NA,NA,0.51,0.79,8.3,87,1.1,6.1,248,185,1052,183,13,14.1,20.6,2,0.2,nonwheat_April,nonwheat,No,No
M22_16S_g05_F10,April,PERVT,Carya_illinoinensis,t1p1,p106,M22_0304,Heading,5/5/23,nonwheat,nonwheat,,sample,5,2,5,NA,NA,NA,NA,NA,31.9,36.178318,-76.358937,2000,15.7,361,NA,NA,NA,NA,NA,NA,NA,NA,NA,NA,NA,NA,NA,NA,NA,NA,NA,0.51,0.79,8.3,87,1.1,6.1,248,185,1052,183,13,14.1,20.6,2,0.2,nonwheat_April,nonwheat,No,No
M22_16S_g06_B03,April,PERVT,Carya_illinoinensis,t2p1,p101,M22_0367,Heading,5/5/23,nonwheat,nonwheat,,sample,6,2,5,NA,NA,NA,NA,NA,43.7,36.178693,-76.35845,3000,15.7,361,NA,NA,NA,NA,NA,NA,NA,NA,NA,NA,NA,NA,NA,NA,NA,NA,NA,0.56,0.83,9.7,79,2.1,5.4,53,86,1078,246,16,16.6,6.2,1.1,0.2,nonwheat_April,nonwheat,No,No
M22_16S_g07_G06,April,PERVT,Carya_illinoinensis,t1p1,p109,M22_0307,Heading,5/5/23,nonwheat,nonwheat,,sample,7,2,5,NA,NA,NA,NA,NA,31.9,36.178318,-76.358937,2000,15.7,361,NA,NA,NA,NA,NA,NA,NA,NA,NA,NA,NA,NA,NA,NA,NA,NA,NA,0.51,0.79,8.3,87,1.1,6.1,248,185,1052,183,13,14.1,20.6,2,0.2,nonwheat_April,nonwheat,No,No
M22_16S_g14_H03,April,PERVT,Carya_illinoinensis,t1p1,p108,M22_0306,Heading,5/5/23,nonwheat,nonwheat,,sample,14,4,5,NA,NA,NA,NA,NA,31.9,36.178318,-76.358937,2000,15.7,361,NA,NA,NA,NA,NA,NA,NA,NA,NA,NA,NA,NA,NA,NA,NA,NA,NA,0.51,0.79,8.3,87,1.1,6.1,248,185,1052,183,13,14.1,20.6,2,0.2,nonwheat_April,nonwheat,No,No
M22_16S_g18_H08,April,PERVT,Carya_illinoinensis,t1p1,p107,M22_0305,Heading,5/5/23,nonwheat,nonwheat,,sample,18,5,5,NA,NA,NA,NA,NA,31.9,36.178318,-76.358937,2000,15.7,361,NA,NA,NA,NA,NA,NA,NA,NA,NA,NA,NA,NA,NA,NA,NA,NA,NA,0.51,0.79,8.3,87,1.1,6.1,248,185,1052,183,13,14.1,20.6,2,0.2,nonwheat_April,nonwheat,No,No
M22_16S_g19_A12,April,PERVT,Carya_illinoinensis,t1p1,p105,M22_0303,Heading,5/5/23,nonwheat,nonwheat,,sample,19,5,5,NA,NA,NA,NA,NA,31.9,36.178318,-76.358937,2000,15.7,361,NA,NA,NA,NA,NA,NA,NA,NA,NA,NA,NA,NA,NA,NA,NA,NA,NA,0.51,0.79,8.3,87,1.1,6.1,248,185,1052,183,13,14.1,20.6,2,0.2,nonwheat_April,nonwheat,No,No
M22_16S_g21_A07,April,PERVT,Carya_illinoinensis,t2p1,p104,M22_0370,Heading,5/5/23,nonwheat,nonwheat,,sample,21,6,5,NA,NA,NA,NA,NA,43.7,36.178693,-76.35845,3000,15.7,361,NA,NA,NA,NA,NA,NA,NA,NA,NA,NA,NA,NA,NA,NA,NA,NA,NA,0.56,0.83,9.7,79,2.1,5.4,53,86,1078,246,16,16.6,6.2,1.1,0.2,nonwheat_April,nonwheat,No,No
M22_16S_g29_D08,April,PERVT,Carya_illinoinensis,t2p1,p103,M22_0369,Heading,5/5/23,nonwheat,nonwheat,,sample,29,8,5,NA,NA,NA,NA,NA,43.7,36.178693,-76.35845,3000,15.7,361,NA,NA,NA,NA,NA,NA,NA,NA,NA,NA,NA,NA,NA,NA,NA,NA,NA,0.56,0.83,9.7,79,2.1,5.4,53,86,1078,246,16,16.6,6.2,1.1,0.2,nonwheat_April,nonwheat,No,No
M22_16S_g31_E10,April,PERVT,Carya_illinoinensis,t2p1,p102,M22_0368,Heading,5/5/23,nonwheat,nonwheat,,sample,31,8,5,NA,NA,NA,NA,NA,43.7,36.178693,-76.35845,3000,15.7,361,NA,NA,NA,NA,NA,NA,NA,NA,NA,NA,NA,NA,NA,NA,NA,NA,NA,0.56,0.83,9.7,79,2.1,5.4,53,86,1078,246,16,16.6,6.2,1.1,0.2,nonwheat_April,nonwheat,No,No
M22_16S_g05_B02,April,ROWVT,Cercis_canadensis,t1,p121,M22_0731,Heading,4/27/23,nonwheat,nonwheat,,sample,5,2,5,NA,NA,NA,NA,NA,16.6,35.6963889,-80.6225,600,15,469,NA,NA,NA,NA,NA,NA,NA,NA,NA,NA,NA,NA,NA,NA,NA,NA,NA,0.51,0.71,11.9,84,1.9,6,128,183,1335,351,16,53,8.6,3.4,0.1,nonwheat_April,nonwheat,No,No
M22_16S_g08_B07,April,ROWVT,Cercis_canadensis,t1,p124,M22_0734,Heading,4/27/23,nonwheat,nonwheat,,sample,8,2,3.82,NA,NA,NA,NA,NA,16.6,35.6963889,-80.6225,600,15,469,NA,NA,NA,NA,NA,NA,NA,NA,NA,NA,NA,NA,NA,NA,NA,NA,NA,0.51,0.71,11.9,84,1.9,6,128,183,1335,351,16,53,8.6,3.4,0.1,nonwheat_April,nonwheat,No,No
M22_16S_g16_F12,April,ROWVT,Cercis_canadensis,t1,p125,M22_0735,Heading,4/27/23,nonwheat,nonwheat,,sample,16,4,5,NA,NA,NA,NA,NA,16.6,35.6963889,-80.6225,600,15,469,NA,NA,NA,NA,NA,NA,NA,NA,NA,NA,NA,NA,NA,NA,NA,NA,NA,0.51,0.71,11.9,84,1.9,6,128,183,1335,351,16,53,8.6,3.4,0.1,nonwheat_April,nonwheat,No,No
M22_16S_g19_H05,April,ROWVT,Cercis_canadensis,t1,p123,M22_0733,Heading,4/27/23,nonwheat,nonwheat,,sample,19,5,5,NA,NA,NA,NA,NA,16.6,35.6963889,-80.6225,600,15,469,NA,NA,NA,NA,NA,NA,NA,NA,NA,NA,NA,NA,NA,NA,NA,NA,NA,0.51,0.71,11.9,84,1.9,6,128,183,1335,351,16,53,8.6,3.4,0.1,nonwheat_April,nonwheat,No,No
M22_16S_g21_G06,April,ROWVT,Cercis_canadensis,t1,p122,M22_0732,Heading,4/27/23,nonwheat,nonwheat,,sample,21,6,5,NA,NA,NA,NA,NA,16.6,35.6963889,-80.6225,600,15,469,NA,NA,NA,NA,NA,NA,NA,NA,NA,NA,NA,NA,NA,NA,NA,NA,NA,0.51,0.71,11.9,84,1.9,6,128,183,1335,351,16,53,8.6,3.4,0.1,nonwheat_April,nonwheat,No,No
M22_16S_g01_A09,April,ROWVT,cf_Cynodon_dactylon,t1p1,p041,M22_0749,Heading,4/27/23,nonwheat,nonwheat,,sample,1,1,5,NA,NA,NA,NA,NA,20.8,35.696458,-80.623031,6,15,469,NA,NA,NA,NA,NA,NA,NA,NA,NA,NA,NA,NA,NA,NA,NA,NA,NA,0.41,0.73,13.3,88,1.6,6.3,119,276,1518,425,20,42.2,10.1,4.9,0.1,nonwheat_April,nonwheat,Yes,Yes
M22_16S_g01_F11,April,WASVT,cf_Cynodon_dactylon,t1p3,p006,M22_1422,Heading,5/9/23,nonwheat,nonwheat,,sample,1,1,5,NA,NA,NA,NA,NA,10.9,35.84944535,-76.6550325,3,16.2,364,NA,NA,NA,NA,NA,NA,NA,NA,NA,NA,NA,NA,NA,NA,NA,NA,NA,4.56,0.97,11.9,77,2.7,5.5,108,263,1115,358,22,3.5,1.5,0.8,0.1,nonwheat_April,nonwheat,Yes,Yes
M22_16S_g02_F01,April,WAKMP,cf_Cynodon_dactylon,t2p3,p085,M22_1294,Heading,4/19/23,nonwheat,nonwheat,,sample,2,1,0.5,NA,NA,NA,NA,NA,32.7,35.73417245,-78.70060478,3,16,419,NA,NA,NA,NA,NA,NA,NA,NA,NA,NA,NA,NA,NA,NA,NA,NA,NA,0.56,0.96,7.7,77,1.8,5.7,159,74,878,165,18,11.7,8.6,1.1,0.1,nonwheat_April,nonwheat,Yes,Yes
M22_16S_g03_B11,April,UNIVT,cf_Cynodon_dactylon,t1p5,p082,M22_1033,Heading,4/28/23,nonwheat,nonwheat,,sample,3,1,5,NA,NA,NA,NA,NA,7,34.9505556,-80.425,8,16.4,407,NA,NA,NA,NA,NA,NA,NA,NA,NA,NA,NA,NA,NA,NA,NA,NA,NA,0.46,0.99,9.6,80,1.9,5.3,17,66,1050,279,12,20.2,5.4,2.2,0.3,nonwheat_April,nonwheat,Yes,Yes
M22_16S_g03_F09,April,WASVT,cf_Cynodon_dactylon,t1p5,p009,M22_1450,Heading,5/9/23,nonwheat,nonwheat,,sample,3,1,5,NA,NA,NA,NA,NA,14.8,35.8491667,-76.655,5,16.2,364,NA,NA,NA,NA,NA,NA,NA,NA,NA,NA,NA,NA,NA,NA,NA,NA,NA,5.09,1,11,69,3.4,5.2,99,256,951,269,18,3.3,1.5,0.9,0.1,nonwheat_April,nonwheat,Yes,Yes
M22_16S_g03_F10,April,WASVT,cf_Cynodon_dactylon,t2p3,p053,M22_1481,Heading,5/9/23,nonwheat,nonwheat,,sample,3,1,5,NA,NA,NA,NA,NA,14,35.84867355,-76.65538728,4,16.2,364,NA,NA,NA,NA,NA,NA,NA,NA,NA,NA,NA,NA,NA,NA,NA,NA,NA,2.6,0.79,11.1,80,2.2,5.6,137,290,1143,288,17,7.1,4.8,1,0.1,nonwheat_April,nonwheat,Yes,Yes
M22_16S_g03_H02,April,WASVT,cf_Cynodon_dactylon,t1p2,p003,M22_1414,Heading,5/9/23,nonwheat,nonwheat,,sample,3,1,5,NA,NA,NA,NA,NA,16.3,35.84958468,-76.65504875,5,16.2,364,NA,NA,NA,NA,NA,NA,NA,NA,NA,NA,NA,NA,NA,NA,NA,NA,NA,4.5,0.99,11.25,75,2.75,5.45,100.5,215,1060,321,20.5,3.25,1.5,0.95,0.1,nonwheat_April,nonwheat,Yes,Yes
M22_16S_g04_G02,April,WASVT,cf_Cynodon_dactylon,t1p2,p004,M22_1415,Heading,5/9/23,nonwheat,nonwheat,,sample,4,1,5,NA,NA,NA,NA,NA,16.3,35.84958468,-76.65504875,8,16.2,364,NA,NA,NA,NA,NA,NA,NA,NA,NA,NA,NA,NA,NA,NA,NA,NA,NA,4.5,0.99,11.25,75,2.75,5.45,100.5,215,1060,321,20.5,3.25,1.5,0.95,0.1,nonwheat_April,nonwheat,Yes,Yes
M22_16S_g05_C12,April,ROWVT,cf_Cynodon_dactylon,t1p5,p050,M22_0806,Heading,4/27/23,nonwheat,nonwheat,,sample,5,2,5,NA,NA,NA,NA,NA,25.7,35.6966667,-80.62305556,5,15,469,NA,NA,NA,NA,NA,NA,NA,NA,NA,NA,NA,NA,NA,NA,NA,NA,NA,0.51,0.71,11.9,84,1.9,6,128,183,1335,351,16,53,8.6,3.4,0.1,nonwheat_April,nonwheat,Yes,Yes
M22_16S_g07_H11,April,WASVT,cf_Cynodon_dactylon,t1p5,p010,M22_1451,Heading,5/9/23,nonwheat,nonwheat,,sample,7,2,5,NA,NA,NA,NA,NA,14.8,35.8491667,-76.655,6,16.2,364,NA,NA,NA,NA,NA,NA,NA,NA,NA,NA,NA,NA,NA,NA,NA,NA,NA,5.09,1,11,69,3.4,5.2,99,256,951,269,18,3.3,1.5,0.9,0.1,nonwheat_April,nonwheat,Yes,Yes
M22_16S_g08_A04,April,UNIVT,cf_Cynodon_dactylon,t1p3,p085,M22_1012,Heading,4/28/23,nonwheat,nonwheat,,sample,8,2,5,NA,NA,NA,NA,NA,14.5,34.9507953,-80.4252995,5,16.4,407,NA,NA,NA,NA,NA,NA,NA,NA,NA,NA,NA,NA,NA,NA,NA,NA,NA,0.41,0.96,13.6,89,1.5,5.9,18,57,2222,105,14,22.7,5.6,3.9,0.2,nonwheat_April,nonwheat,Yes,Yes
M22_16S_g09_C05,April,WASVT,cf_Cynodon_dactylon,t1p4,p007,M22_1430,Heading,5/9/23,nonwheat,nonwheat,,sample,9,3,0.1,NA,NA,NA,NA,NA,15.7,35.84930603,-76.65501625,5,16.2,364,NA,NA,NA,NA,NA,NA,NA,NA,NA,NA,NA,NA,NA,NA,NA,NA,NA,4.825,0.985,11.45,73,3.05,5.35,103.5,259.5,1033,313.5,20,3.4,1.5,0.85,0.1,nonwheat_April,nonwheat,Yes,Yes
M22_16S_g10_C07,April,WASVT,cf_Cynodon_dactylon,t2p2,p058,M22_1467,Heading,5/9/23,nonwheat,nonwheat,,sample,10,3,5,NA,NA,NA,NA,NA,13.9,35.84870478,-76.65530314,12,16.2,364,NA,NA,NA,NA,NA,NA,NA,NA,NA,NA,NA,NA,NA,NA,NA,NA,NA,3.085,0.83,11.2,77,2.6,5.45,125.5,276.5,1126.5,273,17.5,8.1,4.6,0.9,0.1,nonwheat_April,nonwheat,Yes,Yes
M22_16S_g10_D05,April,ROWVT,cf_Cynodon_dactylon,t1p3,p045,M22_0781,Heading,4/27/23,nonwheat,nonwheat,,sample,10,3,5,NA,NA,NA,NA,NA,18.9,35.69656235,-80.62304328,9,15,469,NA,NA,NA,NA,NA,NA,NA,NA,NA,NA,NA,NA,NA,NA,NA,NA,NA,0.46,0.84,11.1,88,1.3,6.2,65,243,1252,347,24,111.3,7.8,4.6,0.1,nonwheat_April,nonwheat,Yes,Yes
M22_16S_g10_H10,April,UNIVT,cf_Cynodon_dactylon,t1p4,p083,M22_1022,Heading,4/28/23,nonwheat,nonwheat,,sample,10,3,5,NA,NA,NA,NA,NA,3,34.95067545,-80.42514975,7,16.4,407,NA,NA,NA,NA,NA,NA,NA,NA,NA,NA,NA,NA,NA,NA,NA,NA,NA,0.435,0.975,11.6,84.5,1.7,5.6,17.5,61.5,1636,192,13,21.45,5.5,3.05,0.25,nonwheat_April,nonwheat,Yes,Yes
M22_16S_g11_A11,April,WASVT,cf_Cynodon_dactylon,t2p1,p059,,Heading,5/9/23,nonwheat,nonwheat,,sample,11,3,5,NA,NA,NA,NA,NA,11,35.848736,-76.655219,13,16.2,364,NA,NA,NA,NA,NA,NA,NA,NA,NA,NA,NA,NA,NA,NA,NA,NA,NA,3.57,0.87,11.3,74,3,5.3,114,263,1110,258,18,9.1,4.4,0.8,0.1,nonwheat_April,nonwheat,Yes,Yes
M22_16S_g14_B02,April,WAKMP,cf_Cynodon_dactylon,t2p4,p082,M22_1299,Heading,4/19/23,nonwheat,nonwheat,,sample,14,4,5,NA,NA,NA,NA,NA,30.8,35.73403068,-78.70058017,2,16,419,NA,NA,NA,NA,NA,NA,NA,NA,NA,NA,NA,NA,NA,NA,NA,NA,NA,0.58,1.015,7.65,76,1.85,5.6,180.5,87,862.5,154,17.5,11.3,7.95,1.05,0.1,nonwheat_April,nonwheat,Yes,Yes
M22_16S_g14_E12,April,WASVT,cf_Cynodon_dactylon,t2p4,p052,M22_1495,Heading,5/9/23,nonwheat,nonwheat,,sample,14,4,5,NA,NA,NA,NA,NA,20.5,35.84864233,-76.65547142,5,16.2,364,NA,NA,NA,NA,NA,NA,NA,NA,NA,NA,NA,NA,NA,NA,NA,NA,NA,2.52,0.855,10.6,76.5,2.5,5.4,91,205,1072.5,267,19,5.65,4.15,0.95,0.1,nonwheat_April,nonwheat,Yes,Yes
M22_16S_g15_B01,April,WAKMP,cf_Cynodon_dactylon,t2p3,p086,M22_1295,Heading,4/19/23,nonwheat,nonwheat,,sample,15,4,5,NA,NA,NA,NA,NA,32.7,35.73417245,-78.70060478,3,16,419,NA,NA,NA,NA,NA,NA,NA,NA,NA,NA,NA,NA,NA,NA,NA,NA,NA,0.56,0.96,7.7,77,1.8,5.7,159,74,878,165,18,11.7,8.6,1.1,0.1,nonwheat_April,nonwheat,Yes,Yes
M22_16S_g15_H07,April,WASVT,cf_Cynodon_dactylon,t2p4,p051,M22_1494,Heading,5/9/23,nonwheat,nonwheat,,sample,15,4,5,NA,NA,NA,NA,NA,20.5,35.84864233,-76.65547142,4,16.2,364,NA,NA,NA,NA,NA,NA,NA,NA,NA,NA,NA,NA,NA,NA,NA,NA,NA,2.52,0.855,10.6,76.5,2.5,5.4,91,205,1072.5,267,19,5.65,4.15,0.95,0.1,nonwheat_April,nonwheat,Yes,Yes
M22_16S_g16_D05,April,ROWVT,cf_Cynodon_dactylon,t1p2,p043,M22_0769,Heading,4/27/23,nonwheat,nonwheat,,sample,16,4,5,NA,NA,NA,NA,NA,17.4,35.69651018,-80.62303714,5,15,469,NA,NA,NA,NA,NA,NA,NA,NA,NA,NA,NA,NA,NA,NA,NA,NA,NA,0.435,0.785,12.2,88,1.45,6.25,92,259.5,1385,386,22,76.75,8.95,4.75,0.1,nonwheat_April,nonwheat,Yes,Yes
M22_16S_g16_H07,April,WASVT,cf_Cynodon_dactylon,t2p2,p057,M22_1466,Heading,5/9/23,nonwheat,nonwheat,,sample,16,4,5,NA,NA,NA,NA,NA,13.9,35.84870478,-76.65530314,10,16.2,364,NA,NA,NA,NA,NA,NA,NA,NA,NA,NA,NA,NA,NA,NA,NA,NA,NA,3.085,0.83,11.2,77,2.6,5.45,125.5,276.5,1126.5,273,17.5,8.1,4.6,0.9,0.1,nonwheat_April,nonwheat,Yes,Yes
M22_16S_g18_B11,April,WASVT,cf_Cynodon_dactylon,t2p3,p056,M22_1484,Heading,5/9/23,nonwheat,nonwheat,,sample,18,5,5,NA,NA,NA,NA,NA,14,35.84867355,-76.65538728,3,16.2,364,NA,NA,NA,NA,NA,NA,NA,NA,NA,NA,NA,NA,NA,NA,NA,NA,NA,2.6,0.79,11.1,80,2.2,5.6,137,290,1143,288,17,7.1,4.8,1,0.1,nonwheat_April,nonwheat,Yes,Yes
M22_16S_g18_D03,April,ROWVT,cf_Cynodon_dactylon,t1p4,p048,M22_0794,Heading,4/27/23,nonwheat,nonwheat,,sample,18,5,5,NA,NA,NA,NA,NA,18.2,35.69661453,-80.62304942,8,15,469,NA,NA,NA,NA,NA,NA,NA,NA,NA,NA,NA,NA,NA,NA,NA,NA,NA,0.485,0.775,11.5,86,1.6,6.1,96.5,213,1293.5,349,20,82.15,8.2,4,0.1,nonwheat_April,nonwheat,Yes,Yes
M22_16S_g18_F12,April,UNIVT,cf_Cynodon_dactylon,t1p5,p081,M22_1032,Heading,4/28/23,nonwheat,nonwheat,,sample,18,5,5,NA,NA,NA,NA,NA,7,34.9505556,-80.425,5,16.4,407,NA,NA,NA,NA,NA,NA,NA,NA,NA,NA,NA,NA,NA,NA,NA,NA,NA,0.46,0.99,9.6,80,1.9,5.3,17,66,1050,279,12,20.2,5.4,2.2,0.3,nonwheat_April,nonwheat,Yes,Yes
M22_16S_g18_H09,April,ROWVT,cf_Cynodon_dactylon,t1p1,p042,M22_0750,Heading,4/27/23,nonwheat,nonwheat,,sample,18,5,5,NA,NA,NA,NA,NA,20.8,35.696458,-80.623031,6,15,469,NA,NA,NA,NA,NA,NA,NA,NA,NA,NA,NA,NA,NA,NA,NA,NA,NA,0.41,0.73,13.3,88,1.6,6.3,119,276,1518,425,20,42.2,10.1,4.9,0.1,nonwheat_April,nonwheat,Yes,Yes
M22_16S_g19_H02,April,WASVT,cf_Cynodon_dactylon,t1p1,p002,M22_1407,Heading,5/9/23,nonwheat,nonwheat,,sample,19,5,5,NA,NA,NA,NA,NA,14.8,35.849724,-76.655065,7,16.2,364,NA,NA,NA,NA,NA,NA,NA,NA,NA,NA,NA,NA,NA,NA,NA,NA,NA,4.44,1.01,10.6,73,2.8,5.4,93,167,1005,284,19,3,1.5,1.1,0.1,nonwheat_April,nonwheat,Yes,Yes
M22_16S_g20_E06,April,UNIVT,cf_Cynodon_dactylon,t1p2,p088,M22_1003,Heading,4/28/23,nonwheat,nonwheat,,sample,20,5,5,NA,NA,NA,NA,NA,7.9,34.95091515,-80.42544925,9,16.4,407,NA,NA,NA,NA,NA,NA,NA,NA,NA,NA,NA,NA,NA,NA,NA,NA,NA,0.435,0.985,11.9,81,2.1,5.4,16.5,59.5,1635.5,179,14,20.45,4.85,2.8,0.15,nonwheat_April,nonwheat,Yes,Yes
M22_16S_g20_F04,April,WAKMP,cf_Cynodon_dactylon,t2p2,p087,M22_1279,Heading,4/19/23,nonwheat,nonwheat,,sample,20,5,5,NA,NA,NA,NA,NA,36,35.73431423,-78.70062939,4,16,419,NA,NA,NA,NA,NA,NA,NA,NA,NA,NA,NA,NA,NA,NA,NA,NA,NA,0.635,0.99,6.85,73.5,1.8,5.6,137,59,762,137.5,16.5,10.95,7.15,0.85,0.1,nonwheat_April,nonwheat,Yes,Yes
M22_16S_g20_F07,April,WASVT,cf_Cynodon_dactylon,t2p3,p055,M22_1483,Heading,5/9/23,nonwheat,nonwheat,,sample,20,5,5,NA,NA,NA,NA,NA,14,35.84867355,-76.65538728,5,16.2,364,NA,NA,NA,NA,NA,NA,NA,NA,NA,NA,NA,NA,NA,NA,NA,NA,NA,2.6,0.79,11.1,80,2.2,5.6,137,290,1143,288,17,7.1,4.8,1,0.1,nonwheat_April,nonwheat,Yes,Yes
M22_16S_g21_A11,April,ROWVT,cf_Cynodon_dactylon,t1p3,p046,M22_0782,Heading,4/27/23,nonwheat,nonwheat,,sample,21,6,5,NA,NA,NA,NA,NA,18.9,35.69656235,-80.62304328,6,15,469,NA,NA,NA,NA,NA,NA,NA,NA,NA,NA,NA,NA,NA,NA,NA,NA,NA,0.46,0.84,11.1,88,1.3,6.2,65,243,1252,347,24,111.3,7.8,4.6,0.1,nonwheat_April,nonwheat,Yes,Yes
M22_16S_g22_E02,April,WASVT,cf_Cynodon_dactylon,t2p3,p054,M22_1482,Heading,5/9/23,nonwheat,nonwheat,,sample,22,6,5,NA,NA,NA,NA,NA,14,35.84867355,-76.65538728,6,16.2,364,NA,NA,NA,NA,NA,NA,NA,NA,NA,NA,NA,NA,NA,NA,NA,NA,NA,2.6,0.79,11.1,80,2.2,5.6,137,290,1143,288,17,7.1,4.8,1,0.1,nonwheat_April,nonwheat,Yes,Yes
M22_16S_g23_A04,April,UNIVT,cf_Cynodon_dactylon,t1p2,p087,M22_1002,Heading,4/28/23,nonwheat,nonwheat,,sample,23,6,5,NA,NA,NA,NA,NA,7.9,34.95091515,-80.42544925,11,16.4,407,NA,NA,NA,NA,NA,NA,NA,NA,NA,NA,NA,NA,NA,NA,NA,NA,NA,0.435,0.985,11.9,81,2.1,5.4,16.5,59.5,1635.5,179,14,20.45,4.85,2.8,0.15,nonwheat_April,nonwheat,Yes,Yes
M22_16S_g23_F04,April,WASVT,cf_Cynodon_dactylon,t1p3,p005,M22_1421,Heading,5/9/23,nonwheat,nonwheat,,sample,23,6,5,NA,NA,NA,NA,NA,10.9,35.84944535,-76.6550325,3,16.2,364,NA,NA,NA,NA,NA,NA,NA,NA,NA,NA,NA,NA,NA,NA,NA,NA,NA,4.56,0.97,11.9,77,2.7,5.5,108,263,1115,358,22,3.5,1.5,0.8,0.1,nonwheat_April,nonwheat,Yes,Yes
M22_16S_g23_H03,April,WAKMP,cf_Cynodon_dactylon,t2p3,p083,M22_1292,Heading,4/19/23,nonwheat,nonwheat,,sample,23,6,5,NA,NA,NA,NA,NA,32.7,35.73417245,-78.70060478,2,16,419,NA,NA,NA,NA,NA,NA,NA,NA,NA,NA,NA,NA,NA,NA,NA,NA,NA,0.56,0.96,7.7,77,1.8,5.7,159,74,878,165,18,11.7,8.6,1.1,0.1,nonwheat_April,nonwheat,Yes,Yes
M22_16S_g24_A11,April,ROWVT,cf_Cynodon_dactylon,t1p2,p044,M22_0770,Heading,4/27/23,nonwheat,nonwheat,,sample,24,6,5,NA,NA,NA,NA,NA,17.4,35.69651018,-80.62303714,6,15,469,NA,NA,NA,NA,NA,NA,NA,NA,NA,NA,NA,NA,NA,NA,NA,NA,NA,0.435,0.785,12.2,88,1.45,6.25,92,259.5,1385,386,22,76.75,8.95,4.75,0.1,nonwheat_April,nonwheat,Yes,Yes
M22_16S_g25_B09,April,ROWVT,cf_Cynodon_dactylon,t1p5,p049,M22_0805,Heading,4/27/23,nonwheat,nonwheat,,sample,25,7,5,NA,NA,NA,NA,NA,25.7,35.6966667,-80.62305556,9,15,469,NA,NA,NA,NA,NA,NA,NA,NA,NA,NA,NA,NA,NA,NA,NA,NA,NA,0.51,0.71,11.9,84,1.9,6,128,183,1335,351,16,53,8.6,3.4,0.1,nonwheat_April,nonwheat,Yes,Yes
M22_16S_g25_E10,April,WAKMP,cf_Cynodon_dactylon,t2p2,p090,M22_1282,Heading,4/19/23,nonwheat,nonwheat,,sample,25,7,5,NA,NA,NA,NA,NA,36,35.73431423,-78.70062939,8,16,419,NA,NA,NA,NA,NA,NA,NA,NA,NA,NA,NA,NA,NA,NA,NA,NA,NA,0.635,0.99,6.85,73.5,1.8,5.6,137,59,762,137.5,16.5,10.95,7.15,0.85,0.1,nonwheat_April,nonwheat,Yes,Yes
M22_16S_g27_A07,April,ROWVT,cf_Cynodon_dactylon,t1p4,p047,M22_0793,Heading,4/27/23,nonwheat,nonwheat,,sample,27,7,5,NA,NA,NA,NA,NA,18.2,35.69661453,-80.62304942,4,15,469,NA,NA,NA,NA,NA,NA,NA,NA,NA,NA,NA,NA,NA,NA,NA,NA,NA,0.485,0.775,11.5,86,1.6,6.1,96.5,213,1293.5,349,20,82.15,8.2,4,0.1,nonwheat_April,nonwheat,Yes,Yes
M22_16S_g27_B12,April,WAKMP,cf_Cynodon_dactylon,t2p3,p084,M22_1293,Heading,4/19/23,nonwheat,nonwheat,,sample,27,7,5,NA,NA,NA,NA,NA,32.7,35.73417245,-78.70060478,2,16,419,NA,NA,NA,NA,NA,NA,NA,NA,NA,NA,NA,NA,NA,NA,NA,NA,NA,0.56,0.96,7.7,77,1.8,5.7,159,74,878,165,18,11.7,8.6,1.1,0.1,nonwheat_April,nonwheat,Yes,Yes
M22_16S_g27_C10,April,WAKMP,cf_Cynodon_dactylon,t2p2,p088,M22_1280,Heading,4/19/23,nonwheat,nonwheat,,sample,27,7,5,NA,NA,NA,NA,NA,36,35.73431423,-78.70062939,3,16,419,NA,NA,NA,NA,NA,NA,NA,NA,NA,NA,NA,NA,NA,NA,NA,NA,NA,0.635,0.99,6.85,73.5,1.8,5.6,137,59,762,137.5,16.5,10.95,7.15,0.85,0.1,nonwheat_April,nonwheat,Yes,Yes
M22_16S_g27_G11,April,UNIVT,cf_Cynodon_dactylon,t1p1,p089,M22_0992,Heading,4/28/23,nonwheat,nonwheat,,sample,27,7,5,NA,NA,NA,NA,NA,12.5,34.951035,-80.425599,9,16.4,407,NA,NA,NA,NA,NA,NA,NA,NA,NA,NA,NA,NA,NA,NA,NA,NA,NA,0.46,1.01,10.2,73,2.7,4.9,15,62,1049,253,14,18.2,4.1,1.7,0.1,nonwheat_April,nonwheat,Yes,Yes
M22_16S_g27_G12,April,UNIVT,cf_Cynodon_dactylon,t1p4,p084,M22_1023,Heading,4/28/23,nonwheat,nonwheat,,sample,27,7,5,NA,NA,NA,NA,NA,3,34.95067545,-80.42514975,4,16.4,407,NA,NA,NA,NA,NA,NA,NA,NA,NA,NA,NA,NA,NA,NA,NA,NA,NA,0.435,0.975,11.6,84.5,1.7,5.6,17.5,61.5,1636,192,13,21.45,5.5,3.05,0.25,nonwheat_April,nonwheat,Yes,Yes
M22_16S_g28_B04,April,UNIVT,cf_Cynodon_dactylon,t1p1,p090,M22_0993,Heading,4/28/23,nonwheat,nonwheat,,sample,28,7,5,NA,NA,NA,NA,NA,12.5,34.951035,-80.425599,7,16.4,407,NA,NA,NA,NA,NA,NA,NA,NA,NA,NA,NA,NA,NA,NA,NA,NA,NA,0.46,1.01,10.2,73,2.7,4.9,15,62,1049,253,14,18.2,4.1,1.7,0.1,nonwheat_April,nonwheat,Yes,Yes
M22_16S_g29_B08,April,WAKMP,cf_Cynodon_dactylon,t2p2,p089,M22_1281,Heading,4/19/23,nonwheat,nonwheat,,sample,29,8,5,NA,NA,NA,NA,NA,36,35.73431423,-78.70062939,3,16,419,NA,NA,NA,NA,NA,NA,NA,NA,NA,NA,NA,NA,NA,NA,NA,NA,NA,0.635,0.99,6.85,73.5,1.8,5.6,137,59,762,137.5,16.5,10.95,7.15,0.85,0.1,nonwheat_April,nonwheat,Yes,Yes
M22_16S_g29_G04,April,UNIVT,cf_Cynodon_dactylon,t1p3,p086,M22_1013,Heading,4/28/23,nonwheat,nonwheat,,sample,29,8,5,NA,NA,NA,NA,NA,14.5,34.9507953,-80.4252995,5,16.4,407,NA,NA,NA,NA,NA,NA,NA,NA,NA,NA,NA,NA,NA,NA,NA,NA,NA,0.41,0.96,13.6,89,1.5,5.9,18,57,2222,105,14,22.7,5.6,3.9,0.2,nonwheat_April,nonwheat,Yes,Yes
M22_16S_g30_G08,April,WAKMP,cf_Cynodon_dactylon,t2p4,p081,M22_1298,Heading,4/19/23,nonwheat,nonwheat,,sample,30,8,5,NA,NA,NA,NA,NA,30.8,35.73403068,-78.70058017,2,16,419,NA,NA,NA,NA,NA,NA,NA,NA,NA,NA,NA,NA,NA,NA,NA,NA,NA,0.58,1.015,7.65,76,1.85,5.6,180.5,87,862.5,154,17.5,11.3,7.95,1.05,0.1,nonwheat_April,nonwheat,Yes,Yes
M22_16S_g31_B11,April,WASVT,cf_Cynodon_dactylon,t1p4,p008,M22_1431,Heading,5/9/23,nonwheat,nonwheat,,sample,31,8,5,NA,NA,NA,NA,NA,15.7,35.84930603,-76.65501625,6,16.2,364,NA,NA,NA,NA,NA,NA,NA,NA,NA,NA,NA,NA,NA,NA,NA,NA,NA,4.825,0.985,11.45,73,3.05,5.35,103.5,259.5,1033,313.5,20,3.4,1.5,0.85,0.1,nonwheat_April,nonwheat,Yes,Yes
M22_16S_g31_E07,April,WASVT,cf_Cynodon_dactylon,t1p1,p001,M22_1406,Heading,5/9/23,nonwheat,nonwheat,,sample,31,8,5,NA,NA,NA,NA,NA,14.8,35.849724,-76.655065,5,16.2,364,NA,NA,NA,NA,NA,NA,NA,NA,NA,NA,NA,NA,NA,NA,NA,NA,NA,4.44,1.01,10.6,73,2.8,5.4,93,167,1005,284,19,3,1.5,1.1,0.1,nonwheat_April,nonwheat,Yes,Yes
M22_16S_g31_H07,April,WASVT,cf_Cynodon_dactylon,t2p1,p060,M22_1457,Heading,5/9/23,nonwheat,nonwheat,,sample,31,8,5,NA,NA,NA,NA,NA,11,35.848736,-76.655219,7,16.2,364,NA,NA,NA,NA,NA,NA,NA,NA,NA,NA,NA,NA,NA,NA,NA,NA,NA,3.57,0.87,11.3,74,3,5.3,114,263,1110,258,18,9.1,4.4,0.8,0.1,nonwheat_April,nonwheat,Yes,Yes
M22_16S_g01_B12,March,ROWVT,cf_Digitaria_sp,t2p1,p059,M22_2155,Jointing,3/15/23,nonwheat,nonwheat,,sample,1,1,5,NA,NA,NA,NA,NA,23.3,35.696333,-80.622813,2,11.7,390,NA,NA,NA,NA,NA,NA,NA,NA,NA,NA,NA,NA,NA,NA,NA,NA,NA,0.51,0.82,8.5,75,2.2,5.4,43,148,834,215,20,90.6,3.6,3.8,0.1,nonwheat_March,nonwheat,Yes,Yes
M22_16S_g01_H01,March,ROWVT,cf_Digitaria_sp,t2p2,p057,M22_2165,Jointing,3/15/23,nonwheat,nonwheat,,sample,1,1,0.1,NA,NA,NA,NA,NA,25.8,35.69632898,-80.62269331,4,11.7,390,NA,NA,NA,NA,NA,NA,NA,NA,NA,NA,NA,NA,NA,NA,NA,NA,NA,0.46,0.79,8.7,76.5,2.1,5.5,51.5,214.5,835,229.5,19.5,92.1,5.35,3.55,0.1,nonwheat_March,nonwheat,Yes,Yes
M22_16S_g07_B11,March,ROWVT,cf_Digitaria_sp,t2p3,p056,M22_2180,Jointing,3/15/23,nonwheat,nonwheat,,sample,7,2,5,NA,NA,NA,NA,NA,24.3,35.69632495,-80.62257361,6,11.7,390,NA,NA,NA,NA,NA,NA,NA,NA,NA,NA,NA,NA,NA,NA,NA,NA,NA,0.41,0.76,8.9,78,2,5.6,60,281,836,244,19,93.6,7.1,3.3,0.1,nonwheat_March,nonwheat,Yes,Yes
M22_16S_g08_C01,March,ROWVT,cf_Digitaria_sp,t2p4,p054,M22_2184,Jointing,3/15/23,nonwheat,nonwheat,,sample,8,2,5,NA,NA,NA,NA,NA,16.8,35.69632093,-80.62245392,3,11.7,390,NA,NA,NA,NA,NA,NA,NA,NA,NA,NA,NA,NA,NA,NA,NA,NA,NA,0.435,0.74,9.05,78.5,2,5.6,64,240.5,896.5,240.5,18,102.55,7.35,3.4,0.1,nonwheat_March,nonwheat,Yes,Yes
M22_16S_g09_H09,March,ROWVT,cf_Digitaria_sp,t1p2,p017,M22_2126,Jointing,3/15/23,nonwheat,nonwheat,,sample,9,3,5,NA,NA,NA,NA,NA,35.7,35.69651018,-80.62303714,2,11.7,390,NA,NA,NA,NA,NA,NA,NA,NA,NA,NA,NA,NA,NA,NA,NA,NA,NA,0.435,0.795,11.15,85.5,1.6,6.05,45,218.5,1369,262,20,44.95,8.15,7,0.1,nonwheat_March,nonwheat,Yes,Yes
M22_16S_g10_A11,March,ROWVT,cf_Digitaria_sp,t1p3,p016,M22_2133,Jointing,3/15/23,nonwheat,nonwheat,,sample,10,3,5,NA,NA,NA,NA,NA,35.7,35.69656235,-80.62304328,2,11.7,390,NA,NA,NA,NA,NA,NA,NA,NA,NA,NA,NA,NA,NA,NA,NA,NA,NA,0.46,0.79,11.3,85,1.7,6,49,217,1375,267,22,43,9,6.7,0.1,nonwheat_March,nonwheat,Yes,Yes
M22_16S_g12_A01,March,ROWVT,cf_Digitaria_sp,t1p4,p011,M22_2139,Jointing,3/15/23,nonwheat,nonwheat,,sample,12,3,5,NA,NA,NA,NA,NA,39,35.69661453,-80.62304942,2,11.7,390,NA,NA,NA,NA,NA,NA,NA,NA,NA,NA,NA,NA,NA,NA,NA,NA,NA,0.41,0.83,10.05,83,1.65,5.95,37,207,1144,263.5,18.5,86.5,6.8,5.95,0.1,nonwheat_March,nonwheat,Yes,Yes
M22_16S_g14_A12,March,ROWVT,cf_Digitaria_sp,t2p2,p058,M22_2166,Jointing,3/15/23,nonwheat,nonwheat,,sample,14,4,5,NA,NA,NA,NA,NA,25.8,35.69632898,-80.62269331,4,11.7,390,NA,NA,NA,NA,NA,NA,NA,NA,NA,NA,NA,NA,NA,NA,NA,NA,NA,0.46,0.79,8.7,76.5,2.1,5.5,51.5,214.5,835,229.5,19.5,92.1,5.35,3.55,0.1,nonwheat_March,nonwheat,Yes,Yes
M22_16S_g14_E02,March,ROWVT,cf_Digitaria_sp,t1p4,p012,M22_2140,Jointing,3/15/23,nonwheat,nonwheat,,sample,14,4,5,NA,NA,NA,NA,NA,39,35.69661453,-80.62304942,2,11.7,390,NA,NA,NA,NA,NA,NA,NA,NA,NA,NA,NA,NA,NA,NA,NA,NA,NA,0.41,0.83,10.05,83,1.65,5.95,37,207,1144,263.5,18.5,86.5,6.8,5.95,0.1,nonwheat_March,nonwheat,Yes,Yes
M22_16S_g15_A12,March,ROWVT,cf_Digitaria_sp,t1p4,p013,M22_2141,Jointing,3/15/23,nonwheat,nonwheat,,sample,15,4,5,NA,NA,NA,NA,NA,39,35.69661453,-80.62304942,2,11.7,390,NA,NA,NA,NA,NA,NA,NA,NA,NA,NA,NA,NA,NA,NA,NA,NA,NA,0.41,0.83,10.05,83,1.65,5.95,37,207,1144,263.5,18.5,86.5,6.8,5.95,0.1,nonwheat_March,nonwheat,Yes,Yes
M22_16S_g19_G12,March,ROWVT,cf_Digitaria_sp,t1p2,p018,M22_2127,Jointing,3/15/23,nonwheat,nonwheat,,sample,19,5,5,NA,NA,NA,NA,NA,35.7,35.69651018,-80.62303714,2,11.7,390,NA,NA,NA,NA,NA,NA,NA,NA,NA,NA,NA,NA,NA,NA,NA,NA,NA,0.435,0.795,11.15,85.5,1.6,6.05,45,218.5,1369,262,20,44.95,8.15,7,0.1,nonwheat_March,nonwheat,Yes,Yes
M22_16S_g19_H07,March,ROWVT,cf_Digitaria_sp,t2p5,p052,M22_2192,Jointing,3/15/23,nonwheat,nonwheat,,sample,19,5,5,NA,NA,NA,NA,NA,24.1,35.6963169,-80.62233422,3,11.7,390,NA,NA,NA,NA,NA,NA,NA,NA,NA,NA,NA,NA,NA,NA,NA,NA,NA,0.46,0.72,9.2,79,2,5.6,68,200,957,237,17,111.5,7.6,3.5,0.1,nonwheat_March,nonwheat,Yes,Yes
M22_16S_g21_G04,March,ROWVT,cf_Digitaria_sp,t2p1,p060,M22_2156,Jointing,3/15/23,nonwheat,nonwheat,,sample,21,6,5,NA,NA,NA,NA,NA,23.3,35.696333,-80.622813,2,11.7,390,NA,NA,NA,NA,NA,NA,NA,NA,NA,NA,NA,NA,NA,NA,NA,NA,NA,0.51,0.82,8.5,75,2.2,5.4,43,148,834,215,20,90.6,3.6,3.8,0.1,nonwheat_March,nonwheat,Yes,Yes
M22_16S_g22_A05,March,ROWVT,cf_Digitaria_sp,t2p3,p055,M22_2179,Jointing,3/15/23,nonwheat,nonwheat,,sample,22,6,5,NA,NA,NA,NA,NA,24.3,35.69632495,-80.62257361,5,11.7,390,NA,NA,NA,NA,NA,NA,NA,NA,NA,NA,NA,NA,NA,NA,NA,NA,NA,0.41,0.76,8.9,78,2,5.6,60,281,836,244,19,93.6,7.1,3.3,0.1,nonwheat_March,nonwheat,Yes,Yes
M22_16S_g22_F08,March,ROWVT,cf_Digitaria_sp,t1p4,p014,M22_2142,Jointing,3/15/23,nonwheat,nonwheat,,sample,22,6,5,NA,NA,NA,NA,NA,39,35.69661453,-80.62304942,2,11.7,390,NA,NA,NA,NA,NA,NA,NA,NA,NA,NA,NA,NA,NA,NA,NA,NA,NA,0.41,0.83,10.05,83,1.65,5.95,37,207,1144,263.5,18.5,86.5,6.8,5.95,0.1,nonwheat_March,nonwheat,Yes,Yes
M22_16S_g23_G05,March,ROWVT,cf_Digitaria_sp,t1p3,p015,M22_2132,Jointing,3/15/23,nonwheat,nonwheat,,sample,23,6,5,NA,NA,NA,NA,NA,35.7,35.69656235,-80.62304328,3,11.7,390,NA,NA,NA,NA,NA,NA,NA,NA,NA,NA,NA,NA,NA,NA,NA,NA,NA,0.46,0.79,11.3,85,1.7,6,49,217,1375,267,22,43,9,6.7,0.1,nonwheat_March,nonwheat,Yes,Yes
M22_16S_g30_A10,March,ROWVT,cf_Digitaria_sp,t1p1,p019,M22_2120,Jointing,3/15/23,nonwheat,nonwheat,,sample,30,8,5,NA,NA,NA,NA,NA,38.2,35.696458,-80.623031,3,11.7,390,NA,NA,NA,NA,NA,NA,NA,NA,NA,NA,NA,NA,NA,NA,NA,NA,NA,0.41,0.8,11,86,1.5,6.1,41,220,1363,257,18,46.9,7.3,7.3,0.1,nonwheat_March,nonwheat,Yes,Yes
M22_16S_g30_B09,March,ROWVT,cf_Digitaria_sp,t2p5,p051,M22_2191,Jointing,3/15/23,nonwheat,nonwheat,,sample,30,8,5,NA,NA,NA,NA,NA,24.1,35.6963169,-80.62233422,2,11.7,390,NA,NA,NA,NA,NA,NA,NA,NA,NA,NA,NA,NA,NA,NA,NA,NA,NA,0.46,0.72,9.2,79,2,5.6,68,200,957,237,17,111.5,7.6,3.5,0.1,nonwheat_March,nonwheat,Yes,Yes
M22_16S_g30_C09,March,ROWVT,cf_Digitaria_sp,t1p1,p020,M22_2121,Jointing,3/15/23,nonwheat,nonwheat,,sample,30,8,5,NA,NA,NA,NA,NA,38.2,35.696458,-80.623031,2,11.7,390,NA,NA,NA,NA,NA,NA,NA,NA,NA,NA,NA,NA,NA,NA,NA,NA,NA,0.41,0.8,11,86,1.5,6.1,41,220,1363,257,18,46.9,7.3,7.3,0.1,nonwheat_March,nonwheat,Yes,Yes
M22_16S_g31_E05,March,ROWVT,cf_Digitaria_sp,t2p4,p053,M22_2183,Jointing,3/15/23,nonwheat,nonwheat,,sample,31,8,5,NA,NA,NA,NA,NA,16.8,35.69632093,-80.62245392,2,11.7,390,NA,NA,NA,NA,NA,NA,NA,NA,NA,NA,NA,NA,NA,NA,NA,NA,NA,0.435,0.74,9.05,78.5,2,5.6,64,240.5,896.5,240.5,18,102.55,7.35,3.4,0.1,nonwheat_March,nonwheat,Yes,Yes
M22_16S_g01_F05,March,LENVT,cf_Festuca_1,t1p5,p011,M22_1636,Jointing,3/14/23,nonwheat,nonwheat,,sample,1,1,5,NA,NA,NA,NA,NA,23.7,35.3781208,-77.56107279,3,13.4,268,NA,NA,NA,NA,NA,NA,NA,NA,NA,NA,NA,NA,NA,NA,NA,NA,NA,0.46,1.01,6.1,69,1.9,5.4,90,105,591,121,17,22.5,4.4,0.5,0.1,nonwheat_March,nonwheat,Yes,Yes
M22_16S_g02_D01,March,WAKMP,cf_Festuca_1,t1p2,p010,M22_2540,Jointing,3/10/23,nonwheat,nonwheat,,sample,2,1,5,NA,NA,NA,NA,NA,21.7,35.73445085,-78.70144717,4,12.7,324,NA,NA,NA,NA,NA,NA,NA,NA,NA,NA,NA,NA,NA,NA,NA,NA,NA,0.36,1.015,6.65,70,1.8,5.35,253,113.5,675,146.5,29,20.85,12.55,1.1,0.05,nonwheat_March,nonwheat,Yes,Yes
M22_16S_g03_E11,March,WAKMP,cf_Festuca_1,t1p3,p039,M22_2572,Jointing,3/10/23,nonwheat,nonwheat,,sample,3,1,5,NA,NA,NA,NA,NA,19.5,35.7344487,-78.70152033,13,12.7,324,NA,NA,NA,NA,NA,NA,NA,NA,NA,NA,NA,NA,NA,NA,NA,NA,NA,0.36,1.03,5,58,2.1,4.9,181,140,373,85,30,21.7,5.6,0.9,0,nonwheat_March,nonwheat,Yes,Yes
M22_16S_g04_F06,March,LENVT,cf_Festuca_1,t1p5,p012,M22_1637,Jointing,3/14/23,nonwheat,nonwheat,,sample,4,1,5,NA,NA,NA,NA,NA,23.7,35.3781208,-77.56107279,4,13.4,268,NA,NA,NA,NA,NA,NA,NA,NA,NA,NA,NA,NA,NA,NA,NA,NA,NA,0.46,1.01,6.1,69,1.9,5.4,90,105,591,121,17,22.5,4.4,0.5,0.1,nonwheat_March,nonwheat,Yes,Yes
M22_16S_g04_F09,March,LENVT,cf_Festuca_1,t2p1,p051,M22_1650,Jointing,3/14/23,nonwheat,nonwheat,,sample,4,1,5,NA,NA,NA,NA,NA,23,35.378928,-77.560717,5,13.4,268,NA,NA,NA,NA,NA,NA,NA,NA,NA,NA,NA,NA,NA,NA,NA,NA,NA,0.56,1.03,4.7,43,2.7,4.7,106,77,258,61,22,27.8,3.8,0.5,0.1,nonwheat_March,nonwheat,Yes,Yes
M22_16S_g04_G03,March,LENVT,cf_Festuca_1,t2p3,p055,M22_1656,Jointing,3/14/23,nonwheat,nonwheat,,sample,4,1,5,NA,NA,NA,NA,NA,19.5,35.37886625,-77.5604981,6,13.4,268,NA,NA,NA,NA,NA,NA,NA,NA,NA,NA,NA,NA,NA,NA,NA,NA,NA,0.46,1.18,4.7,88,0.6,6.5,143,173,558,113,12,15.4,7.6,1.3,0.1,nonwheat_March,nonwheat,Yes,Yes
M22_16S_g05_A02,March,LENVT,cf_Festuca_1,t2p3,p056,M22_1657,Jointing,3/14/23,nonwheat,nonwheat,,sample,5,2,5,NA,NA,NA,NA,NA,19.5,35.37886625,-77.5604981,3,13.4,268,NA,NA,NA,NA,NA,NA,NA,NA,NA,NA,NA,NA,NA,NA,NA,NA,NA,0.46,1.18,4.7,88,0.6,6.5,143,173,558,113,12,15.4,7.6,1.3,0.1,nonwheat_March,nonwheat,Yes,Yes
M22_16S_g05_B01,March,WAKMP,cf_Festuca_1,t1p1,p037,M22_2531,Jointing,3/10/23,nonwheat,nonwheat,,sample,5,2,5,NA,NA,NA,NA,NA,26.3,35.734453,-78.701374,12,12.7,324,NA,NA,NA,NA,NA,NA,NA,NA,NA,NA,NA,NA,NA,NA,NA,NA,NA,0.36,1,8.3,82,1.5,5.8,325,87,977,208,28,20,19.5,1.3,0.1,nonwheat_March,nonwheat,Yes,Yes
M22_16S_g06_D09,March,LENVT,cf_Festuca_1,t1p1,p019,M22_1586,Jointing,3/14/23,nonwheat,nonwheat,,sample,6,2,5,NA,NA,NA,NA,NA,23.7,35.378509,-77.560893,3,13.4,268,NA,NA,NA,NA,NA,NA,NA,NA,NA,NA,NA,NA,NA,NA,NA,NA,NA,0.46,1.08,5.5,61,2.2,5.1,83,70,451,111,17,20.4,4.7,0.7,0.1,nonwheat_March,nonwheat,Yes,Yes
M22_16S_g09_A11,March,LENVT,cf_Festuca_1,t2p5,p059,M22_1660,Jointing,3/14/23,nonwheat,nonwheat,,sample,9,3,5,NA,NA,NA,NA,NA,17.1,35.3788045,-77.5602792,4,13.4,268,NA,NA,NA,NA,NA,NA,NA,NA,NA,NA,NA,NA,NA,NA,NA,NA,NA,0.32,1.22,3.4,73,0.9,5.8,97,109,330,69,13,12.3,5.8,1.1,0.1,nonwheat_March,nonwheat,Yes,Yes
M22_16S_g09_C01,March,WAKMP,cf_Festuca_1,t1p3,p023,M22_2569,Jointing,3/10/23,nonwheat,nonwheat,,sample,9,3,5,NA,NA,NA,NA,NA,19.5,35.7344487,-78.70152033,3,12.7,324,NA,NA,NA,NA,NA,NA,NA,NA,NA,NA,NA,NA,NA,NA,NA,NA,NA,0.36,1.03,5,58,2.1,4.9,181,140,373,85,30,21.7,5.6,0.9,0,nonwheat_March,nonwheat,Yes,Yes
M22_16S_g09_F08,March,WAKMP,cf_Festuca_1,t1p1,p026,M22_2523,Jointing,3/10/23,nonwheat,nonwheat,,sample,9,3,5,NA,NA,NA,NA,NA,26.3,35.734453,-78.701374,3,12.7,324,NA,NA,NA,NA,NA,NA,NA,NA,NA,NA,NA,NA,NA,NA,NA,NA,NA,0.36,1,8.3,82,1.5,5.8,325,87,977,208,28,20,19.5,1.3,0.1,nonwheat_March,nonwheat,Yes,Yes
M22_16S_g11_C11,March,WAKMP,cf_Festuca_1,t1p3,p040,M22_2573,Jointing,3/10/23,nonwheat,nonwheat,,sample,11,3,5,NA,NA,NA,NA,NA,19.5,35.7344487,-78.70152033,4,12.7,324,NA,NA,NA,NA,NA,NA,NA,NA,NA,NA,NA,NA,NA,NA,NA,NA,NA,0.36,1.03,5,58,2.1,4.9,181,140,373,85,30,21.7,5.6,0.9,0,nonwheat_March,nonwheat,Yes,Yes
M22_16S_g11_D04,March,LENVT,cf_Festuca_1,t2p1,p052,M22_1651,Jointing,3/14/23,nonwheat,nonwheat,,sample,11,3,5,NA,NA,NA,NA,NA,23,35.378928,-77.560717,3,13.4,268,NA,NA,NA,NA,NA,NA,NA,NA,NA,NA,NA,NA,NA,NA,NA,NA,NA,0.56,1.03,4.7,43,2.7,4.7,106,77,258,61,22,27.8,3.8,0.5,0.1,nonwheat_March,nonwheat,Yes,Yes
M22_16S_g12_G08,March,LENVT,cf_Festuca_1,t1p3,p016,M22_1607,Jointing,3/14/23,nonwheat,nonwheat,,sample,12,3,5,NA,NA,NA,NA,NA,23.3,35.3783149,-77.5609829,4,13.4,268,NA,NA,NA,NA,NA,NA,NA,NA,NA,NA,NA,NA,NA,NA,NA,NA,NA,0.46,1.09,4.9,59,2,5.1,71,79,383,94,20,11.9,3.1,0.5,0.1,nonwheat_March,nonwheat,Yes,Yes
M22_16S_g13_H02,March,LENVT,cf_Festuca_1,t1p4,p013,M22_1618,Jointing,3/14/23,nonwheat,nonwheat,,sample,13,4,5,NA,NA,NA,NA,NA,19.8,35.37821785,-77.56102784,2,13.4,268,NA,NA,NA,NA,NA,NA,NA,NA,NA,NA,NA,NA,NA,NA,NA,NA,NA,0.46,1.05,5.5,64,1.95,5.25,80.5,92,487,107.5,18.5,17.2,3.75,0.5,0.1,nonwheat_March,nonwheat,Yes,Yes
M22_16S_g16_B03,March,LENVT,cf_Festuca_1,t2p2,p054,M22_1655,Jointing,3/14/23,nonwheat,nonwheat,,sample,16,4,5,NA,NA,NA,NA,NA,23.6,35.37889713,-77.56060755,7,13.4,268,NA,NA,NA,NA,NA,NA,NA,NA,NA,NA,NA,NA,NA,NA,NA,NA,NA,0.51,1.105,4.7,65.5,1.65,5.6,124.5,125,408,87,17,21.6,5.7,0.9,0.1,nonwheat_March,nonwheat,Yes,Yes
M22_16S_g16_D10,March,WAKMP,cf_Festuca_1,t1p1,p036,M22_2530,Jointing,3/10/23,nonwheat,nonwheat,,sample,16,4,5,NA,NA,NA,NA,NA,26.3,35.734453,-78.701374,17,12.7,324,NA,NA,NA,NA,NA,NA,NA,NA,NA,NA,NA,NA,NA,NA,NA,NA,NA,0.36,1,8.3,82,1.5,5.8,325,87,977,208,28,20,19.5,1.3,0.1,nonwheat_March,nonwheat,Yes,Yes
M22_16S_g17_D10,March,WAKMP,cf_Festuca_1,t1p1,p035,M22_2529,Jointing,3/10/23,nonwheat,nonwheat,,sample,17,5,5,NA,NA,NA,NA,NA,26.3,35.734453,-78.701374,12,12.7,324,NA,NA,NA,NA,NA,NA,NA,NA,NA,NA,NA,NA,NA,NA,NA,NA,NA,0.36,1,8.3,82,1.5,5.8,325,87,977,208,28,20,19.5,1.3,0.1,nonwheat_March,nonwheat,Yes,Yes
M22_16S_g17_G01,March,WAKMP,cf_Festuca_1,t1p3,p041,M22_2574,Jointing,3/10/23,nonwheat,nonwheat,,sample,17,5,5,NA,NA,NA,NA,NA,19.5,35.7344487,-78.70152033,7,12.7,324,NA,NA,NA,NA,NA,NA,NA,NA,NA,NA,NA,NA,NA,NA,NA,NA,NA,0.36,1.03,5,58,2.1,4.9,181,140,373,85,30,21.7,5.6,0.9,0,nonwheat_March,nonwheat,Yes,Yes
M22_16S_g17_H02,March,WAKMP,cf_Festuca_1,t1p1,p038,M22_2532,Jointing,3/10/23,nonwheat,nonwheat,,sample,17,5,5,NA,NA,NA,NA,NA,26.3,35.734453,-78.701374,12,12.7,324,NA,NA,NA,NA,NA,NA,NA,NA,NA,NA,NA,NA,NA,NA,NA,NA,NA,0.36,1,8.3,82,1.5,5.8,325,87,977,208,28,20,19.5,1.3,0.1,nonwheat_March,nonwheat,Yes,Yes
M22_16S_g18_D06,March,LENVT,cf_Festuca_1,t2p2,p053,M22_1654,Jointing,3/14/23,nonwheat,nonwheat,,sample,18,5,5,NA,NA,NA,NA,NA,23.6,35.37889713,-77.56060755,3,13.4,268,NA,NA,NA,NA,NA,NA,NA,NA,NA,NA,NA,NA,NA,NA,NA,NA,NA,0.51,1.105,4.7,65.5,1.65,5.6,124.5,125,408,87,17,21.6,5.7,0.9,0.1,nonwheat_March,nonwheat,Yes,Yes
M22_16S_g20_E09,March,LENVT,cf_Festuca_1,t1p3,p015,M22_1606,Jointing,3/14/23,nonwheat,nonwheat,,sample,20,5,5,NA,NA,NA,NA,NA,23.3,35.3783149,-77.5609829,4,13.4,268,NA,NA,NA,NA,NA,NA,NA,NA,NA,NA,NA,NA,NA,NA,NA,NA,NA,0.46,1.09,4.9,59,2,5.1,71,79,383,94,20,11.9,3.1,0.5,0.1,nonwheat_March,nonwheat,Yes,Yes
M22_16S_g21_G08,March,LENVT,cf_Festuca_1,t1p2,p017,M22_1594,Jointing,3/14/23,nonwheat,nonwheat,,sample,21,6,5,NA,NA,NA,NA,NA,23.9,35.37841195,-77.56093795,3,13.4,268,NA,NA,NA,NA,NA,NA,NA,NA,NA,NA,NA,NA,NA,NA,NA,NA,NA,0.46,1.085,5.2,60,2.1,5.1,77,74.5,417,102.5,18.5,16.15,3.9,0.6,0.1,nonwheat_March,nonwheat,Yes,Yes
M22_16S_g22_F10,March,LENVT,cf_Festuca_1,t2p4,p057,M22_1658,Jointing,3/14/23,nonwheat,nonwheat,,sample,22,6,5,NA,NA,NA,NA,NA,23.1,35.37883538,-77.56038865,3,13.4,268,NA,NA,NA,NA,NA,NA,NA,NA,NA,NA,NA,NA,NA,NA,NA,NA,NA,0.39,1.2,4.05,80.5,0.75,6.15,120,141,444,91,12.5,13.85,6.7,1.2,0.1,nonwheat_March,nonwheat,Yes,Yes
M22_16S_g23_C02,March,LENVT,cf_Festuca_1,t2p4,p058,M22_1659,Jointing,3/14/23,nonwheat,nonwheat,,sample,23,6,5,NA,NA,NA,NA,NA,23.1,35.37883538,-77.56038865,4,13.4,268,NA,NA,NA,NA,NA,NA,NA,NA,NA,NA,NA,NA,NA,NA,NA,NA,NA,0.39,1.2,4.05,80.5,0.75,6.15,120,141,444,91,12.5,13.85,6.7,1.2,0.1,nonwheat_March,nonwheat,Yes,Yes
M22_16S_g23_C05,March,LENVT,cf_Festuca_1,t1p1,p020,M22_1587,Jointing,3/14/23,nonwheat,nonwheat,,sample,23,6,5,NA,NA,NA,NA,NA,23.7,35.378509,-77.560893,2,13.4,268,NA,NA,NA,NA,NA,NA,NA,NA,NA,NA,NA,NA,NA,NA,NA,NA,NA,0.46,1.08,5.5,61,2.2,5.1,83,70,451,111,17,20.4,4.7,0.7,0.1,nonwheat_March,nonwheat,Yes,Yes
M22_16S_g27_D02,March,LENVT,cf_Festuca_1,t1p2,p018,M22_1595,Jointing,3/14/23,nonwheat,nonwheat,,sample,27,7,5,NA,NA,NA,NA,NA,23.9,35.37841195,-77.56093795,2,13.4,268,NA,NA,NA,NA,NA,NA,NA,NA,NA,NA,NA,NA,NA,NA,NA,NA,NA,0.46,1.085,5.2,60,2.1,5.1,77,74.5,417,102.5,18.5,16.15,3.9,0.6,0.1,nonwheat_March,nonwheat,Yes,Yes
M22_16S_g28_F09,March,LENVT,cf_Festuca_1,t2p5,p060,M22_1661,Jointing,3/14/23,nonwheat,nonwheat,,sample,28,7,5,NA,NA,NA,NA,NA,17.1,35.3788045,-77.5602792,3,13.4,268,NA,NA,NA,NA,NA,NA,NA,NA,NA,NA,NA,NA,NA,NA,NA,NA,NA,0.32,1.22,3.4,73,0.9,5.8,97,109,330,69,13,12.3,5.8,1.1,0.1,nonwheat_March,nonwheat,Yes,Yes
M22_16S_g31_G02,March,LENVT,cf_Festuca_1,t1p4,p014,M22_1619,Jointing,3/14/23,nonwheat,nonwheat,,sample,31,8,5,NA,NA,NA,NA,NA,19.8,35.37821785,-77.56102784,2,13.4,268,NA,NA,NA,NA,NA,NA,NA,NA,NA,NA,NA,NA,NA,NA,NA,NA,NA,0.46,1.05,5.5,64,1.95,5.25,80.5,92,487,107.5,18.5,17.2,3.75,0.5,0.1,nonwheat_March,nonwheat,Yes,Yes
M22_16S_g01_B07,March,WAKMP,cf_Festuca_2,t1p4,p066,M22_2583,Jointing,3/10/23,nonwheat,nonwheat,,sample,1,1,5,NA,NA,NA,NA,NA,24.3,35.73444655,-78.7015935,5,12.7,324,NA,NA,NA,NA,NA,NA,NA,NA,NA,NA,NA,NA,NA,NA,NA,NA,NA,0.36,1.005,6.8,74,1.45,5.7,250.5,165.5,729,154.5,22,22.4,17.75,1.05,0.05,nonwheat_March,nonwheat,Yes,Yes
M22_16S_g03_C01,March,WAKMP,cf_Festuca_2,t1p4,p061,M22_2580,Jointing,3/10/23,nonwheat,nonwheat,,sample,3,1,5,NA,NA,NA,NA,NA,24.3,35.73444655,-78.7015935,8,12.7,324,NA,NA,NA,NA,NA,NA,NA,NA,NA,NA,NA,NA,NA,NA,NA,NA,NA,0.36,1.005,6.8,74,1.45,5.7,250.5,165.5,729,154.5,22,22.4,17.75,1.05,0.05,nonwheat_March,nonwheat,Yes,Yes
M22_16S_g05_D03,March,WAKMP,cf_Festuca_2,t1p3,p020,M22_2566,Jointing,3/10/23,nonwheat,nonwheat,,sample,5,2,5,NA,NA,NA,NA,NA,19.5,35.7344487,-78.70152033,7,12.7,324,NA,NA,NA,NA,NA,NA,NA,NA,NA,NA,NA,NA,NA,NA,NA,NA,NA,0.36,1.03,5,58,2.1,4.9,181,140,373,85,30,21.7,5.6,0.9,0,nonwheat_March,nonwheat,Yes,Yes
M22_16S_g05_D11,March,WAKMP,cf_Festuca_2,t1p3,p062,M22_2578,Jointing,3/10/23,nonwheat,nonwheat,,sample,5,2,5,NA,NA,NA,NA,NA,19.5,35.7344487,-78.70152033,9,12.7,324,NA,NA,NA,NA,NA,NA,NA,NA,NA,NA,NA,NA,NA,NA,NA,NA,NA,0.36,1.03,5,58,2.1,4.9,181,140,373,85,30,21.7,5.6,0.9,0,nonwheat_March,nonwheat,Yes,Yes
M22_16S_g06_H05,March,WAKMP,cf_Festuca_2,t1p3,p063,M22_2579,Jointing,3/10/23,nonwheat,nonwheat,,sample,6,2,5,NA,NA,NA,NA,NA,19.5,35.7344487,-78.70152033,12,12.7,324,NA,NA,NA,NA,NA,NA,NA,NA,NA,NA,NA,NA,NA,NA,NA,NA,NA,0.36,1.03,5,58,2.1,4.9,181,140,373,85,30,21.7,5.6,0.9,0,nonwheat_March,nonwheat,Yes,Yes
M22_16S_g20_H10,March,WAKMP,cf_Festuca_2,t1p4,p065,M22_2582,Jointing,3/10/23,nonwheat,nonwheat,,sample,20,5,5,NA,NA,NA,NA,NA,24.3,35.73444655,-78.7015935,5,12.7,324,NA,NA,NA,NA,NA,NA,NA,NA,NA,NA,NA,NA,NA,NA,NA,NA,NA,0.36,1.005,6.8,74,1.45,5.7,250.5,165.5,729,154.5,22,22.4,17.75,1.05,0.05,nonwheat_March,nonwheat,Yes,Yes
M22_16S_g22_B11,March,WAKMP,cf_Festuca_2,t1p3,p013,M22_2560,Jointing,3/10/23,nonwheat,nonwheat,,sample,22,6,5,NA,NA,NA,NA,NA,19.5,35.7344487,-78.70152033,12,12.7,324,NA,NA,NA,NA,NA,NA,NA,NA,NA,NA,NA,NA,NA,NA,NA,NA,NA,0.36,1.03,5,58,2.1,4.9,181,140,373,85,30,21.7,5.6,0.9,0,nonwheat_March,nonwheat,Yes,Yes
M22_16S_g25_C11,March,WAKMP,cf_Festuca_2,t1p3,p012,M22_2559,Jointing,3/10/23,nonwheat,nonwheat,,sample,25,7,5,NA,NA,NA,NA,NA,19.5,35.7344487,-78.70152033,8,12.7,324,NA,NA,NA,NA,NA,NA,NA,NA,NA,NA,NA,NA,NA,NA,NA,NA,NA,0.36,1.03,5,58,2.1,4.9,181,140,373,85,30,21.7,5.6,0.9,0,nonwheat_March,nonwheat,Yes,Yes
M22_16S_g26_D07,March,WAKMP,cf_Festuca_2,t1p4,p064,M22_2581,Jointing,3/10/23,nonwheat,nonwheat,,sample,26,7,5,NA,NA,NA,NA,NA,24.3,35.73444655,-78.7015935,4,12.7,324,NA,NA,NA,NA,NA,NA,NA,NA,NA,NA,NA,NA,NA,NA,NA,NA,NA,0.36,1.005,6.8,74,1.45,5.7,250.5,165.5,729,154.5,22,22.4,17.75,1.05,0.05,nonwheat_March,nonwheat,Yes,Yes
M22_16S_g29_C12,March,WAKMP,cf_Festuca_2,t1p3,p019,M22_2565,Jointing,3/10/23,nonwheat,nonwheat,,sample,29,8,5,NA,NA,NA,NA,NA,19.5,35.7344487,-78.70152033,10,12.7,324,NA,NA,NA,NA,NA,NA,NA,NA,NA,NA,NA,NA,NA,NA,NA,NA,NA,0.36,1.03,5,58,2.1,4.9,181,140,373,85,30,21.7,5.6,0.9,0,nonwheat_March,nonwheat,Yes,Yes
M22_16S_g01_A03,April,PERVT,cf_Festuca_arundinacea,t2p4,p077,M22_0410,Heading,5/5/23,nonwheat,nonwheat,,sample,1,1,5,NA,NA,NA,NA,NA,35.9,36.17854953,-76.3587485,67,15.7,361,NA,NA,NA,NA,NA,NA,NA,NA,NA,NA,NA,NA,NA,NA,NA,NA,NA,0.685,0.82,8.15,69,2.5,4.9,49,92,795.5,179,17.5,13.95,6.8,0.85,0.15,nonwheat_April,nonwheat,Yes,Yes
M22_16S_g02_F04,April,PERVT,cf_Festuca_arundinacea,t2p4,p078,M22_0411,Heading,5/5/23,nonwheat,nonwheat,,sample,2,1,5,NA,NA,NA,NA,NA,35.9,36.17854953,-76.3587485,97,15.7,361,NA,NA,NA,NA,NA,NA,NA,NA,NA,NA,NA,NA,NA,NA,NA,NA,NA,0.685,0.82,8.15,69,2.5,4.9,49,92,795.5,179,17.5,13.95,6.8,0.85,0.15,nonwheat_April,nonwheat,Yes,Yes
M22_16S_g02_H02,April,UNIVT,cf_Festuca_arundinacea,t1p2,p067,M22_0998,Heading,4/28/23,nonwheat,nonwheat,,sample,2,1,5,NA,NA,NA,NA,NA,7.9,34.95091515,-80.42544925,60,16.4,407,NA,NA,NA,NA,NA,NA,NA,NA,NA,NA,NA,NA,NA,NA,NA,NA,NA,0.435,0.985,11.9,81,2.1,5.4,16.5,59.5,1635.5,179,14,20.45,4.85,2.8,0.15,nonwheat_April,nonwheat,Yes,Yes
M22_16S_g03_G02,April,PERVT,cf_Festuca_arundinacea,t1p1,p022,M22_0302,Heading,5/5/23,nonwheat,nonwheat,,sample,3,1,5,NA,NA,NA,NA,NA,31.9,36.178318,-76.358937,75,15.7,361,NA,NA,NA,NA,NA,NA,NA,NA,NA,NA,NA,NA,NA,NA,NA,NA,NA,0.51,0.79,8.3,87,1.1,6.1,248,185,1052,183,13,14.1,20.6,2,0.2,nonwheat_April,nonwheat,Yes,Yes
M22_16S_g04_A05,April,UNIVT,cf_Festuca_arundinacea,t1p1,p069,M22_0988,Heading,4/28/23,nonwheat,nonwheat,,sample,4,1,5,NA,NA,NA,NA,NA,12.5,34.951035,-80.425599,85,16.4,407,NA,NA,NA,NA,NA,NA,NA,NA,NA,NA,NA,NA,NA,NA,NA,NA,NA,0.46,1.01,10.2,73,2.7,4.9,15,62,1049,253,14,18.2,4.1,1.7,0.1,nonwheat_April,nonwheat,Yes,Yes
M22_16S_g04_B08,April,ROWVT,cf_Festuca_arundinacea,t1p4,p008,M22_0786,Heading,4/27/23,nonwheat,nonwheat,,sample,4,1,5,NA,NA,NA,NA,NA,18.2,35.69661453,-80.62304942,10,15,469,NA,NA,NA,NA,NA,NA,NA,NA,NA,NA,NA,NA,NA,NA,NA,NA,NA,0.485,0.775,11.5,86,1.6,6.1,96.5,213,1293.5,349,20,82.15,8.2,4,0.1,nonwheat_April,nonwheat,Yes,Yes
M22_16S_g04_E03,April,ROBVT,cf_Festuca_arundinacea,t1p5,p030,M22_0586,Heading,4/24/23,nonwheat,nonwheat,,sample,4,1,5,NA,NA,NA,NA,NA,9.1,34.4607226,-79.3049465,80,18.1,296,NA,NA,NA,NA,NA,NA,NA,NA,NA,NA,NA,NA,NA,NA,NA,NA,NA,0.76,1.06,6.6,60,2.7,5,131,157,522,114,16,16.7,31.8,2.1,0,nonwheat_April,nonwheat,Yes,Yes
M22_16S_g04_H01,April,PERVT,cf_Festuca_arundinacea,t1p3,p025,M22_0329,Heading,5/5/23,nonwheat,nonwheat,,sample,4,1,0.1,NA,NA,NA,NA,NA,34.2,36.17840985,-76.3588925,110,15.7,361,NA,NA,NA,NA,NA,NA,NA,NA,NA,NA,NA,NA,NA,NA,NA,NA,NA,0.71,0.78,9,82,1.6,5.6,168,137,1050,214,16,10.8,5.9,1.6,0.2,nonwheat_April,nonwheat,Yes,Yes
M22_16S_g05_A05,April,PERVT,cf_Festuca_arundinacea,t1p5,p029,M22_0351,Heading,5/5/23,nonwheat,nonwheat,,sample,5,2,5,NA,NA,NA,NA,NA,25.8,36.1785017,-76.358848,58,15.7,361,NA,NA,NA,NA,NA,NA,NA,NA,NA,NA,NA,NA,NA,NA,NA,NA,NA,0.56,0.8,7.8,77,1.8,5.4,128,111,873,168,15,15.2,6.6,1.1,0.2,nonwheat_April,nonwheat,Yes,Yes
M22_16S_g05_E02,April,UNIVT,cf_Festuca_arundinacea,t1p4,p063,M22_1018,Heading,4/28/23,nonwheat,nonwheat,,sample,5,2,5,NA,NA,NA,NA,NA,3,34.95067545,-80.42514975,62,16.4,407,NA,NA,NA,NA,NA,NA,NA,NA,NA,NA,NA,NA,NA,NA,NA,NA,NA,0.435,0.975,11.6,84.5,1.7,5.6,17.5,61.5,1636,192,13,21.45,5.5,3.05,0.25,nonwheat_April,nonwheat,Yes,Yes
M22_16S_g05_E07,April,ROWVT,cf_Festuca_arundinacea,t1p3,p006,M22_0774,Heading,4/27/23,nonwheat,nonwheat,,sample,5,2,5,NA,NA,NA,NA,NA,18.9,35.69656235,-80.62304328,14,15,469,NA,NA,NA,NA,NA,NA,NA,NA,NA,NA,NA,NA,NA,NA,NA,NA,NA,0.46,0.84,11.1,88,1.3,6.2,65,243,1252,347,24,111.3,7.8,4.6,0.1,nonwheat_April,nonwheat,Yes,Yes
M22_16S_g06_B12,April,UNIVT,cf_Festuca_arundinacea,t1p3,p065,M22_1008,Heading,4/28/23,nonwheat,nonwheat,,sample,6,2,5,NA,NA,NA,NA,NA,14.5,34.9507953,-80.4252995,60,16.4,407,NA,NA,NA,NA,NA,NA,NA,NA,NA,NA,NA,NA,NA,NA,NA,NA,NA,0.41,0.96,13.6,89,1.5,5.9,18,57,2222,105,14,22.7,5.6,3.9,0.2,nonwheat_April,nonwheat,Yes,Yes
M22_16S_g06_G05,April,ROBVT,cf_Festuca_arundinacea,t1p3,p025,M22_0581,Heading,4/24/23,nonwheat,nonwheat,,sample,6,2,5,NA,NA,NA,NA,NA,6.6,34.4855603,-79.30504475,60,18.1,296,NA,NA,NA,NA,NA,NA,NA,NA,NA,NA,NA,NA,NA,NA,NA,NA,NA,0.66,1.1,6.8,64,2.4,5.2,71,220,542,137,14,9.8,12.1,0.6,0,nonwheat_April,nonwheat,Yes,Yes
M22_16S_g07_E11,April,ROWVT,cf_Festuca_arundinacea,t1p3,p005,M22_0773,Heading,4/27/23,nonwheat,nonwheat,,sample,7,2,5,NA,NA,NA,NA,NA,18.9,35.69656235,-80.62304328,25,15,469,NA,NA,NA,NA,NA,NA,NA,NA,NA,NA,NA,NA,NA,NA,NA,NA,NA,0.46,0.84,11.1,88,1.3,6.2,65,243,1252,347,24,111.3,7.8,4.6,0.1,nonwheat_April,nonwheat,Yes,Yes
M22_16S_g08_B01,April,PERVT,cf_Festuca_arundinacea,t2p5,p080,M22_0421,Heading,5/5/23,nonwheat,nonwheat,,sample,8,2,5,NA,NA,NA,NA,NA,48.3,36.1785017,-76.358848,65,15.7,361,NA,NA,NA,NA,NA,NA,NA,NA,NA,NA,NA,NA,NA,NA,NA,NA,NA,0.66,0.83,7.7,66,2.6,4.8,38,84,694,177,17,11.2,6.6,0.8,0.1,nonwheat_April,nonwheat,Yes,Yes
M22_16S_g08_B10,April,ROBVT,cf_Festuca_arundinacea,t1p4,p028,M22_0584,Heading,4/24/23,nonwheat,nonwheat,,sample,8,2,5,NA,NA,NA,NA,NA,8.7,34.47314145,-79.30499563,92,18.1,296,NA,NA,NA,NA,NA,NA,NA,NA,NA,NA,NA,NA,NA,NA,NA,NA,NA,0.71,1.08,6.7,62,2.55,5.1,101,188.5,532,125.5,15,13.25,21.95,1.35,0,nonwheat_April,nonwheat,Yes,Yes
M22_16S_g08_D05,April,ROBVT,cf_Festuca_arundinacea,t1p2,p024,M22_0580,Heading,4/24/23,nonwheat,nonwheat,,sample,8,2,5,NA,NA,NA,NA,NA,12.6,34.49797915,-79.30509388,45,18.1,296,NA,NA,NA,NA,NA,NA,NA,NA,NA,NA,NA,NA,NA,NA,NA,NA,NA,0.61,1.09,5.85,60.5,2.25,5.1,135.5,182.5,428,119,13,8.15,8.75,0.75,0,nonwheat_April,nonwheat,Yes,Yes
M22_16S_g09_E08,April,ROBVT,cf_Festuca_arundinacea,t1p1,p021,M22_0577,Heading,4/24/23,nonwheat,nonwheat,,sample,9,3,5,NA,NA,NA,NA,NA,12.9,34.510398,-79.305143,43,18.1,296,NA,NA,NA,NA,NA,NA,NA,NA,NA,NA,NA,NA,NA,NA,NA,NA,NA,0.56,1.08,4.9,57,2.1,5,200,145,314,101,12,6.5,5.4,0.9,0,nonwheat_April,nonwheat,Yes,Yes
M22_16S_g10_A05,April,ROWVT,cf_Festuca_arundinacea,t1p2,p003,M22_0753,Heading,4/27/23,nonwheat,nonwheat,,sample,10,3,5,NA,NA,NA,NA,NA,17.4,35.69651018,-80.62303714,13,15,469,NA,NA,NA,NA,NA,NA,NA,NA,NA,NA,NA,NA,NA,NA,NA,NA,NA,0.435,0.785,12.2,88,1.45,6.25,92,259.5,1385,386,22,76.75,8.95,4.75,0.1,nonwheat_April,nonwheat,Yes,Yes
M22_16S_g10_A12,April,ROBVT,cf_Festuca_arundinacea,t1p3,p026,M22_0582,Heading,4/24/23,nonwheat,nonwheat,,sample,10,3,5,NA,NA,NA,NA,NA,6.6,34.4855603,-79.30504475,55,18.1,296,NA,NA,NA,NA,NA,NA,NA,NA,NA,NA,NA,NA,NA,NA,NA,NA,NA,0.66,1.1,6.8,64,2.4,5.2,71,220,542,137,14,9.8,12.1,0.6,0,nonwheat_April,nonwheat,Yes,Yes
M22_16S_g11_B02,April,PERVT,cf_Festuca_arundinacea,t1p4,p028,M22_0336,Heading,5/5/23,nonwheat,nonwheat,,sample,11,3,5,NA,NA,NA,NA,NA,28.4,36.17845578,-76.35887025,60,15.7,361,NA,NA,NA,NA,NA,NA,NA,NA,NA,NA,NA,NA,NA,NA,NA,NA,NA,0.635,0.79,8.4,79.5,1.7,5.5,148,124,961.5,191,15.5,13,6.25,1.35,0.2,nonwheat_April,nonwheat,Yes,Yes
M22_16S_g11_G03,April,ROWVT,cf_Festuca_arundinacea,t2p4,p068,M22_0839,Heading,4/27/23,nonwheat,nonwheat,,sample,11,3,5,NA,NA,NA,NA,NA,12.5,35.69639293,-80.62234192,16,15,469,NA,NA,NA,NA,NA,NA,NA,NA,NA,NA,NA,NA,NA,NA,NA,NA,NA,0.51,0.815,10.3,82.5,1.8,5.85,50,253.5,1119,276.5,13,89.75,6.9,2.95,0.1,nonwheat_April,nonwheat,Yes,Yes
M22_16S_g12_G06,April,ROWVT,cf_Festuca_arundinacea,t2p2,p063,M22_0822,Heading,4/27/23,nonwheat,nonwheat,,sample,12,3,5,NA,NA,NA,NA,NA,14.5,35.69640098,-80.62258131,14,15,469,NA,NA,NA,NA,NA,NA,NA,NA,NA,NA,NA,NA,NA,NA,NA,NA,NA,0.58,0.815,9.45,75.5,2.2,5.45,51.5,230,950,233,16,66.35,8.25,2.9,0.1,nonwheat_April,nonwheat,Yes,Yes
M22_16S_g14_B01,April,ROBVT,cf_Festuca_arundinacea,t1p5,p029,M22_0585,Heading,4/24/23,nonwheat,nonwheat,,sample,14,4,5,NA,NA,NA,NA,NA,9.1,34.4607226,-79.3049465,94,18.1,296,NA,NA,NA,NA,NA,NA,NA,NA,NA,NA,NA,NA,NA,NA,NA,NA,NA,0.76,1.06,6.6,60,2.7,5,131,157,522,114,16,16.7,31.8,2.1,0,nonwheat_April,nonwheat,Yes,Yes
M22_16S_g14_D01,April,ROWVT,cf_Festuca_arundinacea,t2p5,p069,M22_0846,Heading,4/27/23,nonwheat,nonwheat,,sample,14,4,5,NA,NA,NA,NA,NA,9.6,35.6963889,-80.62222222,15,15,469,NA,NA,NA,NA,NA,NA,NA,NA,NA,NA,NA,NA,NA,NA,NA,NA,NA,0.46,0.86,9.8,84,1.6,6,45,253,1084,263,11,88.9,6,3,0.1,nonwheat_April,nonwheat,Yes,Yes
M22_16S_g14_E03,April,ROWVT,cf_Festuca_arundinacea,t2p3,p065,M22_0830,Heading,4/27/23,nonwheat,nonwheat,,sample,14,4,5,NA,NA,NA,NA,NA,11.1,35.69639695,-80.62246161,13,15,469,NA,NA,NA,NA,NA,NA,NA,NA,NA,NA,NA,NA,NA,NA,NA,NA,NA,0.56,0.77,10.8,81,2,5.7,55,254,1154,290,15,90.6,7.8,2.9,0.1,nonwheat_April,nonwheat,Yes,Yes
M22_16S_g15_D04,April,ROWVT,cf_Festuca_arundinacea,t2p4,p067,M22_0838,Heading,4/27/23,nonwheat,nonwheat,,sample,15,4,5,NA,NA,NA,NA,NA,12.5,35.69639293,-80.62234192,4,15,469,NA,NA,NA,NA,NA,NA,NA,NA,NA,NA,NA,NA,NA,NA,NA,NA,NA,0.51,0.815,10.3,82.5,1.8,5.85,50,253.5,1119,276.5,13,89.75,6.9,2.95,0.1,nonwheat_April,nonwheat,Yes,Yes
M22_16S_g15_H10,April,PERVT,cf_Festuca_arundinacea,t2p1,p072,M22_0362,Heading,5/5/23,nonwheat,nonwheat,,sample,15,4,5,NA,NA,NA,NA,NA,43.7,36.178693,-76.35845,82,15.7,361,NA,NA,NA,NA,NA,NA,NA,NA,NA,NA,NA,NA,NA,NA,NA,NA,NA,0.56,0.83,9.7,79,2.1,5.4,53,86,1078,246,16,16.6,6.2,1.1,0.2,nonwheat_April,nonwheat,Yes,Yes
M22_16S_g16_E12,April,UNIVT,cf_Festuca_arundinacea,t1p5,p061,M22_1028,Heading,4/28/23,nonwheat,nonwheat,,sample,16,4,5,NA,NA,NA,NA,NA,7,34.9505556,-80.425,50,16.4,407,NA,NA,NA,NA,NA,NA,NA,NA,NA,NA,NA,NA,NA,NA,NA,NA,NA,0.46,0.99,9.6,80,1.9,5.3,17,66,1050,279,12,20.2,5.4,2.2,0.3,nonwheat_April,nonwheat,Yes,Yes
M22_16S_g17_F01,April,PERVT,cf_Festuca_arundinacea,t1p2,p024,M22_0324,Heading,5/5/23,nonwheat,nonwheat,,sample,17,5,5,NA,NA,NA,NA,NA,32.7,36.17836393,-76.35891475,89,15.7,361,NA,NA,NA,NA,NA,NA,NA,NA,NA,NA,NA,NA,NA,NA,NA,NA,NA,0.61,0.785,8.65,84.5,1.35,5.85,208,161,1051,198.5,14.5,12.45,13.25,1.8,0.2,nonwheat_April,nonwheat,Yes,Yes
M22_16S_g17_F06,April,ROWVT,cf_Festuca_arundinacea,t2p1,p062,M22_0815,Heading,4/27/23,nonwheat,nonwheat,,sample,17,5,5,NA,NA,NA,NA,NA,15.3,35.696405,-80.622701,5,15,469,NA,NA,NA,NA,NA,NA,NA,NA,NA,NA,NA,NA,NA,NA,NA,NA,NA,0.6,0.86,8.1,70,2.4,5.2,48,206,746,176,17,42.1,8.7,2.9,0.1,nonwheat_April,nonwheat,Yes,Yes
M22_16S_g18_B03,April,UNIVT,cf_Festuca_arundinacea,t1p5,p062,M22_1029,Heading,4/28/23,nonwheat,nonwheat,,sample,18,5,5,NA,NA,NA,NA,NA,7,34.9505556,-80.425,74,16.4,407,NA,NA,NA,NA,NA,NA,NA,NA,NA,NA,NA,NA,NA,NA,NA,NA,NA,0.46,0.99,9.6,80,1.9,5.3,17,66,1050,279,12,20.2,5.4,2.2,0.3,nonwheat_April,nonwheat,Yes,Yes
M22_16S_g18_F10,April,PERVT,cf_Festuca_arundinacea,t2p2,p074,M22_0388,Heading,5/5/23,nonwheat,nonwheat,,sample,18,5,5,NA,NA,NA,NA,NA,44.8,36.17864518,-76.3585495,110,15.7,361,NA,NA,NA,NA,NA,NA,NA,NA,NA,NA,NA,NA,NA,NA,NA,NA,NA,0.635,0.82,9.15,75.5,2.25,5.2,56.5,93,987.5,213.5,17,16.65,6.6,1,0.2,nonwheat_April,nonwheat,Yes,Yes
M22_16S_g20_C09,April,ROWVT,cf_Festuca_arundinacea,t2p2,p064,M22_0823,Heading,4/27/23,nonwheat,nonwheat,,sample,20,5,5,NA,NA,NA,NA,NA,14.5,35.69640098,-80.62258131,6,15,469,NA,NA,NA,NA,NA,NA,NA,NA,NA,NA,NA,NA,NA,NA,NA,NA,NA,0.58,0.815,9.45,75.5,2.2,5.45,51.5,230,950,233,16,66.35,8.25,2.9,0.1,nonwheat_April,nonwheat,Yes,Yes
M22_16S_g20_D07,April,PERVT,cf_Festuca_arundinacea,t2p3,p075,M22_0397,Heading,5/5/23,nonwheat,nonwheat,,sample,20,5,5,NA,NA,NA,NA,NA,50.8,36.17859735,-76.358649,87,15.7,361,NA,NA,NA,NA,NA,NA,NA,NA,NA,NA,NA,NA,NA,NA,NA,NA,NA,0.71,0.81,8.6,72,2.4,5,60,100,897,181,18,16.7,7,0.9,0.2,nonwheat_April,nonwheat,Yes,Yes
M22_16S_g20_E07,April,ROWVT,cf_Festuca_arundinacea,t2p5,p070,M22_0847,Heading,4/27/23,nonwheat,nonwheat,,sample,20,5,5,NA,NA,NA,NA,NA,9.6,35.6963889,-80.62222222,16,15,469,NA,NA,NA,NA,NA,NA,NA,NA,NA,NA,NA,NA,NA,NA,NA,NA,NA,0.46,0.86,9.8,84,1.6,6,45,253,1084,263,11,88.9,6,3,0.1,nonwheat_April,nonwheat,Yes,Yes
M22_16S_g20_F10,April,ROWVT,cf_Festuca_arundinacea,t1p1,p001,M22_0741,Heading,4/27/23,nonwheat,nonwheat,,sample,20,5,5,NA,NA,NA,NA,NA,20.8,35.696458,-80.623031,14,15,469,NA,NA,NA,NA,NA,NA,NA,NA,NA,NA,NA,NA,NA,NA,NA,NA,NA,0.41,0.73,13.3,88,1.6,6.3,119,276,1518,425,20,42.2,10.1,4.9,0.1,nonwheat_April,nonwheat,Yes,Yes
M22_16S_g21_B03,April,UNIVT,cf_Festuca_arundinacea,t1p3,p066,M22_1009,Heading,4/28/23,nonwheat,nonwheat,,sample,21,6,5,NA,NA,NA,NA,NA,14.5,34.9507953,-80.4252995,73,16.4,407,NA,NA,NA,NA,NA,NA,NA,NA,NA,NA,NA,NA,NA,NA,NA,NA,NA,0.41,0.96,13.6,89,1.5,5.9,18,57,2222,105,14,22.7,5.6,3.9,0.2,nonwheat_April,nonwheat,Yes,Yes
M22_16S_g21_B11,April,ROWVT,cf_Festuca_arundinacea,t1p2,p004,M22_0754,Heading,4/27/23,nonwheat,nonwheat,,sample,21,6,5,NA,NA,NA,NA,NA,17.4,35.69651018,-80.62303714,10,15,469,NA,NA,NA,NA,NA,NA,NA,NA,NA,NA,NA,NA,NA,NA,NA,NA,NA,0.435,0.785,12.2,88,1.45,6.25,92,259.5,1385,386,22,76.75,8.95,4.75,0.1,nonwheat_April,nonwheat,Yes,Yes
M22_16S_g21_E09,April,PERVT,cf_Festuca_arundinacea,t1p1,p021,M22_0301,Heading,5/5/23,nonwheat,nonwheat,,sample,21,6,5,NA,NA,NA,NA,NA,31.9,36.178318,-76.358937,65,15.7,361,NA,NA,NA,NA,NA,NA,NA,NA,NA,NA,NA,NA,NA,NA,NA,NA,NA,0.51,0.79,8.3,87,1.1,6.1,248,185,1052,183,13,14.1,20.6,2,0.2,nonwheat_April,nonwheat,Yes,Yes
M22_16S_g22_B04,April,ROBVT,cf_Festuca_arundinacea,t1p4,p027,M22_0583,Heading,4/24/23,nonwheat,nonwheat,,sample,22,6,5,NA,NA,NA,NA,NA,8.7,34.47314145,-79.30499563,27,18.1,296,NA,NA,NA,NA,NA,NA,NA,NA,NA,NA,NA,NA,NA,NA,NA,NA,NA,0.71,1.08,6.7,62,2.55,5.1,101,188.5,532,125.5,15,13.25,21.95,1.35,0,nonwheat_April,nonwheat,Yes,Yes
M22_16S_g22_E05,April,UNIVT,cf_Festuca_arundinacea,t1p1,p070,M22_0989,Heading,4/28/23,nonwheat,nonwheat,,sample,22,6,5,NA,NA,NA,NA,NA,12.5,34.951035,-80.425599,72,16.4,407,NA,NA,NA,NA,NA,NA,NA,NA,NA,NA,NA,NA,NA,NA,NA,NA,NA,0.46,1.01,10.2,73,2.7,4.9,15,62,1049,253,14,18.2,4.1,1.7,0.1,nonwheat_April,nonwheat,Yes,Yes
M22_16S_g22_H09,April,ROWVT,cf_Festuca_arundinacea,t1p5,p009,M22_0797,Heading,4/27/23,nonwheat,nonwheat,,sample,22,6,5,NA,NA,NA,NA,NA,25.7,35.6966667,-80.62305556,14,15,469,NA,NA,NA,NA,NA,NA,NA,NA,NA,NA,NA,NA,NA,NA,NA,NA,NA,0.51,0.71,11.9,84,1.9,6,128,183,1335,351,16,53,8.6,3.4,0.1,nonwheat_April,nonwheat,Yes,Yes
M22_16S_g23_B03,April,PERVT,cf_Festuca_arundinacea,t1p4,p027,M22_0335,Heading,5/5/23,nonwheat,nonwheat,,sample,23,6,5,NA,NA,NA,NA,NA,28.4,36.17845578,-76.35887025,86,15.7,361,NA,NA,NA,NA,NA,NA,NA,NA,NA,NA,NA,NA,NA,NA,NA,NA,NA,0.635,0.79,8.4,79.5,1.7,5.5,148,124,961.5,191,15.5,13,6.25,1.35,0.2,nonwheat_April,nonwheat,Yes,Yes
M22_16S_g24_A07,April,ROWVT,cf_Festuca_arundinacea,t1p1,p002,M22_0742,Heading,4/27/23,nonwheat,nonwheat,,sample,24,6,5,NA,NA,NA,NA,NA,20.8,35.696458,-80.623031,9,15,469,NA,NA,NA,NA,NA,NA,NA,NA,NA,NA,NA,NA,NA,NA,NA,NA,NA,0.41,0.73,13.3,88,1.6,6.3,119,276,1518,425,20,42.2,10.1,4.9,0.1,nonwheat_April,nonwheat,Yes,Yes
M22_16S_g24_B02,April,UNIVT,cf_Festuca_arundinacea,t1p4,p064,M22_1019,Heading,4/28/23,nonwheat,nonwheat,,sample,24,6,5,NA,NA,NA,NA,NA,3,34.95067545,-80.42514975,66,16.4,407,NA,NA,NA,NA,NA,NA,NA,NA,NA,NA,NA,NA,NA,NA,NA,NA,NA,0.435,0.975,11.6,84.5,1.7,5.6,17.5,61.5,1636,192,13,21.45,5.5,3.05,0.25,nonwheat_April,nonwheat,Yes,Yes
M22_16S_g25_C04,April,ROWVT,cf_Festuca_arundinacea,t2p1,p061,M22_0814,Heading,4/27/23,nonwheat,nonwheat,,sample,25,7,5,NA,NA,NA,NA,NA,15.3,35.696405,-80.622701,10,15,469,NA,NA,NA,NA,NA,NA,NA,NA,NA,NA,NA,NA,NA,NA,NA,NA,NA,0.6,0.86,8.1,70,2.4,5.2,48,206,746,176,17,42.1,8.7,2.9,0.1,nonwheat_April,nonwheat,Yes,Yes
M22_16S_g26_A09,April,PERVT,cf_Festuca_arundinacea,t2p2,p073,M22_0387,Heading,5/5/23,nonwheat,nonwheat,,sample,26,7,5,NA,NA,NA,NA,NA,44.8,36.17864518,-76.3585495,105,15.7,361,NA,NA,NA,NA,NA,NA,NA,NA,NA,NA,NA,NA,NA,NA,NA,NA,NA,0.635,0.82,9.15,75.5,2.25,5.2,56.5,93,987.5,213.5,17,16.65,6.6,1,0.2,nonwheat_April,nonwheat,Yes,Yes
M22_16S_g26_B02,April,ROWVT,cf_Festuca_arundinacea,t2p3,p066,M22_0831,Heading,4/27/23,nonwheat,nonwheat,,sample,26,7,5,NA,NA,NA,NA,NA,11.1,35.69639695,-80.62246161,16,15,469,NA,NA,NA,NA,NA,NA,NA,NA,NA,NA,NA,NA,NA,NA,NA,NA,NA,0.56,0.77,10.8,81,2,5.7,55,254,1154,290,15,90.6,7.8,2.9,0.1,nonwheat_April,nonwheat,Yes,Yes
M22_16S_g26_H01,April,ROBVT,cf_Festuca_arundinacea,t1p1,p022,M22_0578,Heading,4/24/23,nonwheat,nonwheat,,sample,26,7,5,NA,NA,NA,NA,NA,12.9,34.510398,-79.305143,44,18.1,296,NA,NA,NA,NA,NA,NA,NA,NA,NA,NA,NA,NA,NA,NA,NA,NA,NA,0.56,1.08,4.9,57,2.1,5,200,145,314,101,12,6.5,5.4,0.9,0,nonwheat_April,nonwheat,Yes,Yes
M22_16S_g27_C01,April,ROWVT,cf_Festuca_arundinacea,t1p5,p010,M22_0798,Heading,4/27/23,nonwheat,nonwheat,,sample,27,7,5,NA,NA,NA,NA,NA,25.7,35.6966667,-80.62305556,18,15,469,NA,NA,NA,NA,NA,NA,NA,NA,NA,NA,NA,NA,NA,NA,NA,NA,NA,0.51,0.71,11.9,84,1.9,6,128,183,1335,351,16,53,8.6,3.4,0.1,nonwheat_April,nonwheat,Yes,Yes
M22_16S_g27_C11,April,UNIVT,cf_Festuca_arundinacea,t1p2,p068,M22_0999,Heading,4/28/23,nonwheat,nonwheat,,sample,27,7,5,NA,NA,NA,NA,NA,7.9,34.95091515,-80.42544925,51,16.4,407,NA,NA,NA,NA,NA,NA,NA,NA,NA,NA,NA,NA,NA,NA,NA,NA,NA,0.435,0.985,11.9,81,2.1,5.4,16.5,59.5,1635.5,179,14,20.45,4.85,2.8,0.15,nonwheat_April,nonwheat,Yes,Yes
M22_16S_g27_H12,April,ROWVT,cf_Festuca_arundinacea,t1p4,p007,M22_0785,Heading,4/27/23,nonwheat,nonwheat,,sample,27,7,5,NA,NA,NA,NA,NA,18.2,35.69661453,-80.62304942,13,15,469,NA,NA,NA,NA,NA,NA,NA,NA,NA,NA,NA,NA,NA,NA,NA,NA,NA,0.485,0.775,11.5,86,1.6,6.1,96.5,213,1293.5,349,20,82.15,8.2,4,0.1,nonwheat_April,nonwheat,Yes,Yes
M22_16S_g28_C06,April,PERVT,cf_Festuca_arundinacea,t1p5,p030,M22_0352,Heading,5/5/23,nonwheat,nonwheat,,sample,28,7,5,NA,NA,NA,NA,NA,25.8,36.1785017,-76.358848,96,15.7,361,NA,NA,NA,NA,NA,NA,NA,NA,NA,NA,NA,NA,NA,NA,NA,NA,NA,0.56,0.8,7.8,77,1.8,5.4,128,111,873,168,15,15.2,6.6,1.1,0.2,nonwheat_April,nonwheat,Yes,Yes
M22_16S_g28_D11,April,PERVT,cf_Festuca_arundinacea,t1p3,p026,M22_0330,Heading,5/5/23,nonwheat,nonwheat,,sample,28,7,5,NA,NA,NA,NA,NA,34.2,36.17840985,-76.3588925,82,15.7,361,NA,NA,NA,NA,NA,NA,NA,NA,NA,NA,NA,NA,NA,NA,NA,NA,NA,0.71,0.78,9,82,1.6,5.6,168,137,1050,214,16,10.8,5.9,1.6,0.2,nonwheat_April,nonwheat,Yes,Yes
M22_16S_g28_F08,April,PERVT,cf_Festuca_arundinacea,t2p3,p076,M22_0398,Heading,5/5/23,nonwheat,nonwheat,,sample,28,7,5,NA,NA,NA,NA,NA,50.8,36.17859735,-76.358649,120,15.7,361,NA,NA,NA,NA,NA,NA,NA,NA,NA,NA,NA,NA,NA,NA,NA,NA,NA,0.71,0.81,8.6,72,2.4,5,60,100,897,181,18,16.7,7,0.9,0.2,nonwheat_April,nonwheat,Yes,Yes
M22_16S_g30_A02,April,PERVT,cf_Festuca_arundinacea,t2p1,p071,M22_0361,Heading,5/5/23,nonwheat,nonwheat,,sample,30,8,5,NA,NA,NA,NA,NA,43.7,36.178693,-76.35845,83,15.7,361,NA,NA,NA,NA,NA,NA,NA,NA,NA,NA,NA,NA,NA,NA,NA,NA,NA,0.56,0.83,9.7,79,2.1,5.4,53,86,1078,246,16,16.6,6.2,1.1,0.2,nonwheat_April,nonwheat,Yes,Yes
M22_16S_g31_A10,April,ROBVT,cf_Festuca_arundinacea,t1p2,p023,M22_0579,Heading,4/24/23,nonwheat,nonwheat,,sample,31,8,5,NA,NA,NA,NA,NA,12.6,34.49797915,-79.30509388,60,18.1,296,NA,NA,NA,NA,NA,NA,NA,NA,NA,NA,NA,NA,NA,NA,NA,NA,NA,0.61,1.09,5.85,60.5,2.25,5.1,135.5,182.5,428,119,13,8.15,8.75,0.75,0,nonwheat_April,nonwheat,Yes,Yes
M22_16S_g31_C01,April,PERVT,cf_Festuca_arundinacea,t2p5,p079,M22_0420,Heading,5/5/23,nonwheat,nonwheat,,sample,31,8,5,NA,NA,NA,NA,NA,48.3,36.1785017,-76.358848,91,15.7,361,NA,NA,NA,NA,NA,NA,NA,NA,NA,NA,NA,NA,NA,NA,NA,NA,NA,0.66,0.83,7.7,66,2.6,4.8,38,84,694,177,17,11.2,6.6,0.8,0.1,nonwheat_April,nonwheat,Yes,Yes
M22_16S_g31_E12,April,PERVT,cf_Festuca_arundinacea,t1p2,p023,M22_0323,Heading,5/5/23,nonwheat,nonwheat,,sample,31,8,5,NA,NA,NA,NA,NA,32.7,36.17836393,-76.35891475,77,15.7,361,NA,NA,NA,NA,NA,NA,NA,NA,NA,NA,NA,NA,NA,NA,NA,NA,NA,0.61,0.785,8.65,84.5,1.35,5.85,208,161,1051,198.5,14.5,12.45,13.25,1.8,0.2,nonwheat_April,nonwheat,Yes,Yes
M22_16S_g01_E05,April,WAKMP,cf_Festuca_perennis,t2p4,p064,M22_1297,Heading,4/19/23,nonwheat,nonwheat,,sample,1,1,5,NA,NA,NA,NA,NA,30.8,35.73403068,-78.70058017,14,16,419,NA,NA,NA,NA,NA,NA,NA,NA,NA,NA,NA,NA,NA,NA,NA,NA,NA,0.58,1.015,7.65,76,1.85,5.6,180.5,87,862.5,154,17.5,11.3,7.95,1.05,0.1,nonwheat_April,nonwheat,Yes,Yes
M22_16S_g01_E12,April,WAKMP,cf_Festuca_perennis,t2p5,p061,M22_1302,Heading,4/19/23,nonwheat,nonwheat,,sample,1,1,5,NA,NA,NA,NA,NA,28.8,35.7338889,-78.70055556,8,16,419,NA,NA,NA,NA,NA,NA,NA,NA,NA,NA,NA,NA,NA,NA,NA,NA,NA,0.6,1.07,7.6,75,1.9,5.5,202,100,847,143,17,10.9,7.3,1,0.1,nonwheat_April,nonwheat,Yes,Yes
M22_16S_g01_G07,April,WAKMP,cf_Festuca_perennis,t1p3,p019,M22_1226,Heading,4/19/23,nonwheat,nonwheat,,sample,1,1,5,NA,NA,NA,NA,NA,27.5,35.7344487,-78.70152033,20,16,419,NA,NA,NA,NA,NA,NA,NA,NA,NA,NA,NA,NA,NA,NA,NA,NA,NA,0.36,1.05,7.4,78,1.6,5.8,232,118,806,176,16,15.3,17.2,1.1,0.1,nonwheat_April,nonwheat,Yes,Yes
M22_16S_g01_H02,April,UNIVT,cf_Festuca_perennis,t1p3,p096,M22_1015,Heading,4/28/23,nonwheat,nonwheat,,sample,1,1,5,NA,NA,NA,NA,NA,14.5,34.9507953,-80.4252995,49,16.4,407,NA,NA,NA,NA,NA,NA,NA,NA,NA,NA,NA,NA,NA,NA,NA,NA,NA,0.41,0.96,13.6,89,1.5,5.9,18,57,2222,105,14,22.7,5.6,3.9,0.2,nonwheat_April,nonwheat,Yes,Yes
M22_16S_g02_C05,April,UNIVT,cf_Festuca_perennis,t1p1,p091,M22_0994,Heading,4/28/23,nonwheat,nonwheat,,sample,2,1,5,NA,NA,NA,NA,NA,12.5,34.951035,-80.425599,64,16.4,407,NA,NA,NA,NA,NA,NA,NA,NA,NA,NA,NA,NA,NA,NA,NA,NA,NA,0.46,1.01,10.2,73,2.7,4.9,15,62,1049,253,14,18.2,4.1,1.7,0.1,nonwheat_April,nonwheat,Yes,Yes
M22_16S_g02_H01,March,PERVT,cf_Festuca_perennis,t1p4,p013,M22_1754,Jointing,3/28/23,nonwheat,nonwheat,,sample,2,1,0.1,NA,NA,NA,NA,NA,40.6,36.1785611,-76.35858781,5.4,12.8,295,NA,NA,NA,NA,NA,NA,NA,NA,NA,NA,NA,NA,NA,NA,NA,NA,NA,0.36,0.945,9.2,82.5,1.6,5.7,77,138,973,291,17,12.4,4,0.95,0.2,nonwheat_March,nonwheat,Yes,Yes
M22_16S_g03_A12,April,UNIVT,cf_Festuca_perennis,t1p4,p097,M22_1024,Heading,4/28/23,nonwheat,nonwheat,,sample,3,1,5,NA,NA,NA,NA,NA,3,34.95067545,-80.42514975,47,16.4,407,NA,NA,NA,NA,NA,NA,NA,NA,NA,NA,NA,NA,NA,NA,NA,NA,NA,0.435,0.975,11.6,84.5,1.7,5.6,17.5,61.5,1636,192,13,21.45,5.5,3.05,0.25,nonwheat_April,nonwheat,Yes,Yes
M22_16S_g03_E02,March,PERVT,cf_Festuca_perennis,t1p5,p012,M22_1765,Jointing,3/28/23,nonwheat,nonwheat,,sample,3,1,5,NA,NA,NA,NA,NA,48.5,36.1785315,-76.35863131,14.6,12.8,295,NA,NA,NA,NA,NA,NA,NA,NA,NA,NA,NA,NA,NA,NA,NA,NA,NA,0.36,0.98,9.3,84,1.5,5.7,46,139,943,331,18,8,2.2,0.8,0.2,nonwheat_March,nonwheat,Yes,Yes
M22_16S_g03_H08,April,WAKMP,cf_Festuca_perennis,t1p3,p017,M22_1224,Heading,4/19/23,nonwheat,nonwheat,,sample,3,1,5,NA,NA,NA,NA,NA,27.5,35.7344487,-78.70152033,20,16,419,NA,NA,NA,NA,NA,NA,NA,NA,NA,NA,NA,NA,NA,NA,NA,NA,NA,0.36,1.05,7.4,78,1.6,5.8,232,118,806,176,16,15.3,17.2,1.1,0.1,nonwheat_April,nonwheat,Yes,Yes
M22_16S_g04_A10,April,WAKMP,cf_Festuca_perennis,t2p1,p070,M22_1266,Heading,4/19/23,nonwheat,nonwheat,,sample,4,1,5,NA,NA,NA,NA,NA,37.3,35.734456,-78.700654,17,16,419,NA,NA,NA,NA,NA,NA,NA,NA,NA,NA,NA,NA,NA,NA,NA,NA,NA,0.71,1.02,6,70,1.8,5.5,115,44,646,110,15,10.2,5.7,0.6,0.1,nonwheat_April,nonwheat,Yes,Yes
M22_16S_g04_D06,April,WAKMP,cf_Festuca_perennis,t2p1,p069,M22_1265,Heading,4/19/23,nonwheat,nonwheat,,sample,4,1,5,NA,NA,NA,NA,NA,37.3,35.734456,-78.700654,7,16,419,NA,NA,NA,NA,NA,NA,NA,NA,NA,NA,NA,NA,NA,NA,NA,NA,NA,0.71,1.02,6,70,1.8,5.5,115,44,646,110,15,10.2,5.7,0.6,0.1,nonwheat_April,nonwheat,Yes,Yes
M22_16S_g04_F10,March,PERVT,cf_Festuca_perennis,t1p3,p015,M22_1744,Jointing,3/28/23,nonwheat,nonwheat,,sample,4,1,5,NA,NA,NA,NA,NA,53.6,36.1785907,-76.35854431,8.6,12.8,295,NA,NA,NA,NA,NA,NA,NA,NA,NA,NA,NA,NA,NA,NA,NA,NA,NA,0.36,0.91,9.1,81,1.7,5.7,108,137,1003,251,16,16.8,5.8,1.1,0.2,nonwheat_March,nonwheat,Yes,Yes
M22_16S_g05_H10,March,PERVT,cf_Festuca_perennis,t1p1,p020,M22_1717,Jointing,3/28/23,nonwheat,nonwheat,,sample,5,2,5,NA,NA,NA,NA,NA,48.7,36.1786499,-76.3584573,7.4,12.8,295,NA,NA,NA,NA,NA,NA,NA,NA,NA,NA,NA,NA,NA,NA,NA,NA,NA,0.46,0.95,11,84,1.8,5.7,115,197,1208,321,14,12.3,5.8,1,0.2,nonwheat_March,nonwheat,Yes,Yes
M22_16S_g08_D03,April,WAKMP,cf_Festuca_perennis,t1p4,p016,M22_1251,Heading,4/19/23,nonwheat,nonwheat,,sample,8,2,5,NA,NA,NA,NA,NA,20.2,35.73444655,-78.7015935,18,16,419,NA,NA,NA,NA,NA,NA,NA,NA,NA,NA,NA,NA,NA,NA,NA,NA,NA,0.41,1.05,6.75,72.5,1.8,5.5,198,103,706,140,25.5,14.9,11.35,1.15,0.1,nonwheat_April,nonwheat,Yes,Yes
M22_16S_g11_E09,March,PERVT,cf_Festuca_perennis,t1p2,p018,M22_1735,Jointing,3/28/23,nonwheat,nonwheat,,sample,11,3,5,NA,NA,NA,NA,NA,48.1,36.1786203,-76.3585008,10.7,12.8,295,NA,NA,NA,NA,NA,NA,NA,NA,NA,NA,NA,NA,NA,NA,NA,NA,NA,0.41,0.93,10.05,82.5,1.75,5.7,111.5,167,1105.5,286,15,14.55,5.8,1.05,0.2,nonwheat_March,nonwheat,Yes,Yes
M22_16S_g12_E12,April,WAKMP,cf_Festuca_perennis,t2p3,p066,M22_1287,Heading,4/19/23,nonwheat,nonwheat,,sample,12,3,5,NA,NA,NA,NA,NA,32.7,35.73417245,-78.70060478,19,16,419,NA,NA,NA,NA,NA,NA,NA,NA,NA,NA,NA,NA,NA,NA,NA,NA,NA,0.56,0.96,7.7,77,1.8,5.7,159,74,878,165,18,11.7,8.6,1.1,0.1,nonwheat_April,nonwheat,Yes,Yes
M22_16S_g12_G09,April,WAKMP,cf_Festuca_perennis,t1p5,p014,M22_1259,Heading,4/19/23,nonwheat,nonwheat,,sample,12,3,5,NA,NA,NA,NA,NA,25.1,35.7344444,-78.70166667,11,16,419,NA,NA,NA,NA,NA,NA,NA,NA,NA,NA,NA,NA,NA,NA,NA,NA,NA,0.46,1.05,6.1,67,2,5.2,164,88,606,104,35,14.5,5.5,1.2,0.1,nonwheat_April,nonwheat,Yes,Yes
M22_16S_g13_C01,April,UNIVT,cf_Festuca_perennis,t1p1,p092,M22_0995,Heading,4/28/23,nonwheat,nonwheat,,sample,13,4,5,NA,NA,NA,NA,NA,12.5,34.951035,-80.425599,42,16.4,407,NA,NA,NA,NA,NA,NA,NA,NA,NA,NA,NA,NA,NA,NA,NA,NA,NA,0.46,1.01,10.2,73,2.7,4.9,15,62,1049,253,14,18.2,4.1,1.7,0.1,nonwheat_April,nonwheat,Yes,Yes
M22_16S_g15_G07,April,WAKMP,cf_Festuca_perennis,t2p4,p063,M22_1296,Heading,4/19/23,nonwheat,nonwheat,,sample,15,4,5,NA,NA,NA,NA,NA,30.8,35.73403068,-78.70058017,14,16,419,NA,NA,NA,NA,NA,NA,NA,NA,NA,NA,NA,NA,NA,NA,NA,NA,NA,0.58,1.015,7.65,76,1.85,5.6,180.5,87,862.5,154,17.5,11.3,7.95,1.05,0.1,nonwheat_April,nonwheat,Yes,Yes
M22_16S_g19_B10,April,UNIVT,cf_Festuca_perennis,t1p3,p095,M22_1014,Heading,4/28/23,nonwheat,nonwheat,,sample,19,5,5,NA,NA,NA,NA,NA,14.5,34.9507953,-80.4252995,44,16.4,407,NA,NA,NA,NA,NA,NA,NA,NA,NA,NA,NA,NA,NA,NA,NA,NA,NA,0.41,0.96,13.6,89,1.5,5.9,18,57,2222,105,14,22.7,5.6,3.9,0.2,nonwheat_April,nonwheat,Yes,Yes
M22_16S_g19_E03,April,WAKMP,cf_Festuca_perennis,t1p1,p020,M22_1207,Heading,4/19/23,nonwheat,nonwheat,,sample,19,5,5,NA,NA,NA,NA,NA,27.7,35.734453,-78.701374,16,16,419,NA,NA,NA,NA,NA,NA,NA,NA,NA,NA,NA,NA,NA,NA,NA,NA,NA,0.32,1.02,8.6,84,1.4,6,429,167,1059,181,18,18.9,20,1.3,0.1,nonwheat_April,nonwheat,Yes,Yes
M22_16S_g19_H01,April,WAKMP,cf_Festuca_perennis,t2p3,p065,M22_1286,Heading,4/19/23,nonwheat,nonwheat,,sample,19,5,5,NA,NA,NA,NA,NA,32.7,35.73417245,-78.70060478,8,16,419,NA,NA,NA,NA,NA,NA,NA,NA,NA,NA,NA,NA,NA,NA,NA,NA,NA,0.56,0.96,7.7,77,1.8,5.7,159,74,878,165,18,11.7,8.6,1.1,0.1,nonwheat_April,nonwheat,Yes,Yes
M22_16S_g19_H06,April,UNIVT,cf_Festuca_perennis,t1p5,p100,M22_1035,Heading,4/28/23,nonwheat,nonwheat,,sample,19,5,5,NA,NA,NA,NA,NA,7,34.9505556,-80.425,35,16.4,407,NA,NA,NA,NA,NA,NA,NA,NA,NA,NA,NA,NA,NA,NA,NA,NA,NA,0.46,0.99,9.6,80,1.9,5.3,17,66,1050,279,12,20.2,5.4,2.2,0.3,nonwheat_April,nonwheat,Yes,Yes
M22_16S_g20_C11,April,UNIVT,cf_Festuca_perennis,t1p4,p098,M22_1025,Heading,4/28/23,nonwheat,nonwheat,,sample,20,5,5,NA,NA,NA,NA,NA,3,34.95067545,-80.42514975,37,16.4,407,NA,NA,NA,NA,NA,NA,NA,NA,NA,NA,NA,NA,NA,NA,NA,NA,NA,0.435,0.975,11.6,84.5,1.7,5.6,17.5,61.5,1636,192,13,21.45,5.5,3.05,0.25,nonwheat_April,nonwheat,Yes,Yes
M22_16S_g20_G06,March,PERVT,cf_Festuca_perennis,t1p3,p016,M22_1745,Jointing,3/28/23,nonwheat,nonwheat,,sample,20,5,5,NA,NA,NA,NA,NA,53.6,36.1785907,-76.35854431,13.3,12.8,295,NA,NA,NA,NA,NA,NA,NA,NA,NA,NA,NA,NA,NA,NA,NA,NA,NA,0.36,0.91,9.1,81,1.7,5.7,108,137,1003,251,16,16.8,5.8,1.1,0.2,nonwheat_March,nonwheat,Yes,Yes
M22_16S_g21_C06,March,PERVT,cf_Festuca_perennis,t1p2,p017,M22_1734,Jointing,3/28/23,nonwheat,nonwheat,,sample,21,6,5,NA,NA,NA,NA,NA,48.1,36.1786203,-76.3585008,2.8,12.8,295,NA,NA,NA,NA,NA,NA,NA,NA,NA,NA,NA,NA,NA,NA,NA,NA,NA,0.41,0.93,10.05,82.5,1.75,5.7,111.5,167,1105.5,286,15,14.55,5.8,1.05,0.2,nonwheat_March,nonwheat,Yes,Yes
M22_16S_g24_B06,April,WAKMP,cf_Festuca_perennis,t1p4,p015,M22_1250,Heading,4/19/23,nonwheat,nonwheat,,sample,24,6,5,NA,NA,NA,NA,NA,20.2,35.73444655,-78.7015935,12,16,419,NA,NA,NA,NA,NA,NA,NA,NA,NA,NA,NA,NA,NA,NA,NA,NA,NA,0.41,1.05,6.75,72.5,1.8,5.5,198,103,706,140,25.5,14.9,11.35,1.15,0.1,nonwheat_April,nonwheat,Yes,Yes
M22_16S_g24_C09,April,UNIVT,cf_Festuca_perennis,t1p5,p099,M22_1034,Heading,4/28/23,nonwheat,nonwheat,,sample,24,6,5,NA,NA,NA,NA,NA,7,34.9505556,-80.425,53,16.4,407,NA,NA,NA,NA,NA,NA,NA,NA,NA,NA,NA,NA,NA,NA,NA,NA,NA,0.46,0.99,9.6,80,1.9,5.3,17,66,1050,279,12,20.2,5.4,2.2,0.3,nonwheat_April,nonwheat,Yes,Yes
M22_16S_g25_B03,April,WAKMP,cf_Festuca_perennis,t2p5,p062,M22_1303,Heading,4/19/23,nonwheat,nonwheat,,sample,25,7,5,NA,NA,NA,NA,NA,28.8,35.7338889,-78.70055556,8,16,419,NA,NA,NA,NA,NA,NA,NA,NA,NA,NA,NA,NA,NA,NA,NA,NA,NA,0.6,1.07,7.6,75,1.9,5.5,202,100,847,143,17,10.9,7.3,1,0.1,nonwheat_April,nonwheat,Yes,Yes
M22_16S_g26_A01,April,UNIVT,cf_Festuca_perennis,t1p2,p094,M22_1005,Heading,4/28/23,nonwheat,nonwheat,,sample,26,7,5,NA,NA,NA,NA,NA,7.9,34.95091515,-80.42544925,46,16.4,407,NA,NA,NA,NA,NA,NA,NA,NA,NA,NA,NA,NA,NA,NA,NA,NA,NA,0.435,0.985,11.9,81,2.1,5.4,16.5,59.5,1635.5,179,14,20.45,4.85,2.8,0.15,nonwheat_April,nonwheat,Yes,Yes
M22_16S_g27_D07,March,PERVT,cf_Festuca_perennis,t1p4,p014,M22_1755,Jointing,3/28/23,nonwheat,nonwheat,,sample,27,7,5,NA,NA,NA,NA,NA,40.6,36.1785611,-76.35858781,17.5,12.8,295,NA,NA,NA,NA,NA,NA,NA,NA,NA,NA,NA,NA,NA,NA,NA,NA,NA,0.36,0.945,9.2,82.5,1.6,5.7,77,138,973,291,17,12.4,4,0.95,0.2,nonwheat_March,nonwheat,Yes,Yes
M22_16S_g27_G04,April,WAKMP,cf_Festuca_perennis,t1p5,p012,M22_1257,Heading,4/19/23,nonwheat,nonwheat,,sample,27,7,5,NA,NA,NA,NA,NA,25.1,35.7344444,-78.70166667,9,16,419,NA,NA,NA,NA,NA,NA,NA,NA,NA,NA,NA,NA,NA,NA,NA,NA,NA,0.46,1.05,6.1,67,2,5.2,164,88,606,104,35,14.5,5.5,1.2,0.1,nonwheat_April,nonwheat,Yes,Yes
M22_16S_g27_H01,March,PERVT,cf_Festuca_perennis,t1p5,p011,M22_1764,Jointing,3/28/23,nonwheat,nonwheat,,sample,27,7,5,NA,NA,NA,NA,NA,48.5,36.1785315,-76.35863131,18.9,12.8,295,NA,NA,NA,NA,NA,NA,NA,NA,NA,NA,NA,NA,NA,NA,NA,NA,NA,0.36,0.98,9.3,84,1.5,5.7,46,139,943,331,18,8,2.2,0.8,0.2,nonwheat_March,nonwheat,Yes,Yes
M22_16S_g28_D04,April,WAKMP,cf_Festuca_perennis,t2p2,p068,M22_1277,Heading,4/19/23,nonwheat,nonwheat,,sample,28,7,5,NA,NA,NA,NA,NA,36,35.73431423,-78.70062939,4,16,419,NA,NA,NA,NA,NA,NA,NA,NA,NA,NA,NA,NA,NA,NA,NA,NA,NA,0.635,0.99,6.85,73.5,1.8,5.6,137,59,762,137.5,16.5,10.95,7.15,0.85,0.1,nonwheat_April,nonwheat,Yes,Yes
M22_16S_g29_B09,April,WAKMP,cf_Festuca_perennis,t1p5,p011,M22_1256,Heading,4/19/23,nonwheat,nonwheat,,sample,29,8,5,NA,NA,NA,NA,NA,25.1,35.7344444,-78.70166667,10,16,419,NA,NA,NA,NA,NA,NA,NA,NA,NA,NA,NA,NA,NA,NA,NA,NA,NA,0.46,1.05,6.1,67,2,5.2,164,88,606,104,35,14.5,5.5,1.2,0.1,nonwheat_April,nonwheat,Yes,Yes
M22_16S_g29_C04,April,WAKMP,cf_Festuca_perennis,t1p3,p018,M22_1225,Heading,4/19/23,nonwheat,nonwheat,,sample,29,8,5,NA,NA,NA,NA,NA,27.5,35.7344487,-78.70152033,17,16,419,NA,NA,NA,NA,NA,NA,NA,NA,NA,NA,NA,NA,NA,NA,NA,NA,NA,0.36,1.05,7.4,78,1.6,5.8,232,118,806,176,16,15.3,17.2,1.1,0.1,nonwheat_April,nonwheat,Yes,Yes
M22_16S_g29_G05,April,UNIVT,cf_Festuca_perennis,t1p2,p093,M22_1004,Heading,4/28/23,nonwheat,nonwheat,,sample,29,8,5,NA,NA,NA,NA,NA,7.9,34.95091515,-80.42544925,60,16.4,407,NA,NA,NA,NA,NA,NA,NA,NA,NA,NA,NA,NA,NA,NA,NA,NA,NA,0.435,0.985,11.9,81,2.1,5.4,16.5,59.5,1635.5,179,14,20.45,4.85,2.8,0.15,nonwheat_April,nonwheat,Yes,Yes
M22_16S_g29_H12,April,WAKMP,cf_Festuca_perennis,t1p5,p013,M22_1258,Heading,4/19/23,nonwheat,nonwheat,,sample,29,8,5,NA,NA,NA,NA,NA,25.1,35.7344444,-78.70166667,11,16,419,NA,NA,NA,NA,NA,NA,NA,NA,NA,NA,NA,NA,NA,NA,NA,NA,NA,0.46,1.05,6.1,67,2,5.2,164,88,606,104,35,14.5,5.5,1.2,0.1,nonwheat_April,nonwheat,Yes,Yes
M22_16S_g30_F12,April,WAKMP,cf_Festuca_perennis,t2p2,p067,M22_1276,Heading,4/19/23,nonwheat,nonwheat,,sample,30,8,5,NA,NA,NA,NA,NA,36,35.73431423,-78.70062939,11,16,419,NA,NA,NA,NA,NA,NA,NA,NA,NA,NA,NA,NA,NA,NA,NA,NA,NA,0.635,0.99,6.85,73.5,1.8,5.6,137,59,762,137.5,16.5,10.95,7.15,0.85,0.1,nonwheat_April,nonwheat,Yes,Yes
M22_16S_g01_A11,April,PERVT,cf_Festuca_sp,t2p2,p047,M22_0373,Heading,5/5/23,nonwheat,nonwheat,,sample,1,1,5,NA,NA,NA,NA,NA,44.8,36.17864518,-76.3585495,3,15.7,361,NA,NA,NA,NA,NA,NA,NA,NA,NA,NA,NA,NA,NA,NA,NA,NA,NA,0.635,0.82,9.15,75.5,2.25,5.2,56.5,93,987.5,213.5,17,16.65,6.6,1,0.2,nonwheat_April,nonwheat,Yes,Yes
M22_16S_g02_E12,April,PERVT,cf_Festuca_sp,t2p4,p044,M22_0405,Heading,5/5/23,nonwheat,nonwheat,,sample,2,1,5,NA,NA,NA,NA,NA,35.9,36.17854953,-76.3587485,3,15.7,361,NA,NA,NA,NA,NA,NA,NA,NA,NA,NA,NA,NA,NA,NA,NA,NA,NA,0.685,0.82,8.15,69,2.5,4.9,49,92,795.5,179,17.5,13.95,6.8,0.85,0.15,nonwheat_April,nonwheat,Yes,Yes
M22_16S_g04_B05,April,PERVT,cf_Festuca_sp,t2p2,p048,M22_0374,Heading,5/5/23,nonwheat,nonwheat,,sample,4,1,5,NA,NA,NA,NA,NA,44.8,36.17864518,-76.3585495,3,15.7,361,NA,NA,NA,NA,NA,NA,NA,NA,NA,NA,NA,NA,NA,NA,NA,NA,NA,0.635,0.82,9.15,75.5,2.25,5.2,56.5,93,987.5,213.5,17,16.65,6.6,1,0.2,nonwheat_April,nonwheat,Yes,Yes
M22_16S_g04_C02,April,PERVT,cf_Festuca_sp,t2p1,p050,M22_0356,Heading,5/5/23,nonwheat,nonwheat,,sample,4,1,5,NA,NA,NA,NA,NA,43.7,36.178693,-76.35845,3,15.7,361,NA,NA,NA,NA,NA,NA,NA,NA,NA,NA,NA,NA,NA,NA,NA,NA,NA,0.56,0.83,9.7,79,2.1,5.4,53,86,1078,246,16,16.6,6.2,1.1,0.2,nonwheat_April,nonwheat,Yes,Yes
M22_16S_g04_C12,March,WASVT,cf_Festuca_sp,t2p4,p098,M22_2747,Jointing,3/27/23,nonwheat,nonwheat,,sample,4,1,5,NA,NA,NA,NA,NA,15.2,35.84835033,-76.65574642,3.5,13.2,293,NA,NA,NA,NA,NA,NA,NA,NA,NA,NA,NA,NA,NA,NA,NA,NA,NA,3.055,0.87,10.6,71,3,5.3,69.5,196.5,979,265.5,19.5,3.55,2.85,0.55,0.15,nonwheat_March,nonwheat,Yes,Yes
M22_16S_g04_H10,March,WASVT,cf_Festuca_sp,t2p5,p099,M22_2756,Jointing,3/27/23,nonwheat,nonwheat,,sample,4,1,5,NA,NA,NA,NA,NA,21.7,35.8483191,-76.65583056,3,13.2,293,NA,NA,NA,NA,NA,NA,NA,NA,NA,NA,NA,NA,NA,NA,NA,NA,NA,3.1,0.86,11.3,74,2.9,5.4,76,201,1081,302,17,3.8,3.3,0.6,0.1,nonwheat_March,nonwheat,Yes,Yes
M22_16S_g07_B08,April,PERVT,cf_Festuca_sp,t2p3,p045,M22_0391,Heading,5/5/23,nonwheat,nonwheat,,sample,7,2,5,NA,NA,NA,NA,NA,50.8,36.17859735,-76.358649,3,15.7,361,NA,NA,NA,NA,NA,NA,NA,NA,NA,NA,NA,NA,NA,NA,NA,NA,NA,0.71,0.81,8.6,72,2.4,5,60,100,897,181,18,16.7,7,0.9,0.2,nonwheat_April,nonwheat,Yes,Yes
M22_16S_g09_B01,April,PERVT,cf_Festuca_sp,t2p5,p041,M22_0414,Heading,5/5/23,nonwheat,nonwheat,,sample,9,3,5,NA,NA,NA,NA,NA,48.3,36.1785017,-76.358848,3,15.7,361,NA,NA,NA,NA,NA,NA,NA,NA,NA,NA,NA,NA,NA,NA,NA,NA,NA,0.66,0.83,7.7,66,2.6,4.8,38,84,694,177,17,11.2,6.6,0.8,0.1,nonwheat_April,nonwheat,Yes,Yes
M22_16S_g10_D07,March,WASVT,cf_Festuca_sp,t2p2,p094,M22_2727,Jointing,3/27/23,nonwheat,nonwheat,,sample,10,3,5,NA,NA,NA,NA,NA,17.2,35.84841278,-76.65557814,5,13.2,293,NA,NA,NA,NA,NA,NA,NA,NA,NA,NA,NA,NA,NA,NA,NA,NA,NA,2.845,0.86,10.65,71.5,3,5.3,77.5,240,988,254,21,4.4,3,0.7,0.15,nonwheat_March,nonwheat,Yes,Yes
M22_16S_g13_B02,March,WASVT,cf_Festuca_sp,t2p4,p097,M22_2746,Jointing,3/27/23,nonwheat,nonwheat,,sample,13,4,5,NA,NA,NA,NA,NA,15.2,35.84835033,-76.65574642,3,13.2,293,NA,NA,NA,NA,NA,NA,NA,NA,NA,NA,NA,NA,NA,NA,NA,NA,NA,3.055,0.87,10.6,71,3,5.3,69.5,196.5,979,265.5,19.5,3.55,2.85,0.55,0.15,nonwheat_March,nonwheat,Yes,Yes
M22_16S_g13_C04,March,WASVT,cf_Festuca_sp,t2p3,p095,M22_2736,Jointing,3/27/23,nonwheat,nonwheat,,sample,13,4,5,NA,NA,NA,NA,NA,16.9,35.84838155,-76.65566228,3,13.2,293,NA,NA,NA,NA,NA,NA,NA,NA,NA,NA,NA,NA,NA,NA,NA,NA,NA,3.01,0.88,9.9,68,3.1,5.2,63,192,877,229,22,3.3,2.4,0.5,0.2,nonwheat_March,nonwheat,Yes,Yes
M22_16S_g16_A02,March,WASVT,cf_Festuca_sp,t2p2,p093,M22_2726,Jointing,3/27/23,nonwheat,nonwheat,,sample,16,4,5,NA,NA,NA,NA,NA,17.2,35.84841278,-76.65557814,3,13.2,293,NA,NA,NA,NA,NA,NA,NA,NA,NA,NA,NA,NA,NA,NA,NA,NA,NA,2.845,0.86,10.65,71.5,3,5.3,77.5,240,988,254,21,4.4,3,0.7,0.15,nonwheat_March,nonwheat,Yes,Yes
M22_16S_g22_G03,April,PERVT,cf_Festuca_sp,t2p4,p043,M22_0404,Heading,5/5/23,nonwheat,nonwheat,,sample,22,6,5,NA,NA,NA,NA,NA,35.9,36.17854953,-76.3587485,3,15.7,361,NA,NA,NA,NA,NA,NA,NA,NA,NA,NA,NA,NA,NA,NA,NA,NA,NA,0.685,0.82,8.15,69,2.5,4.9,49,92,795.5,179,17.5,13.95,6.8,0.85,0.15,nonwheat_April,nonwheat,Yes,Yes
M22_16S_g22_G12,March,WASVT,cf_Festuca_sp,t2p1,p091,M22_2716,Jointing,3/27/23,nonwheat,nonwheat,,sample,22,6,5,NA,NA,NA,NA,NA,19.7,35.848444,-76.655494,5,13.2,293,NA,NA,NA,NA,NA,NA,NA,NA,NA,NA,NA,NA,NA,NA,NA,NA,NA,2.68,0.84,11.4,75,2.9,5.4,92,288,1099,279,20,5.5,3.6,0.9,0.1,nonwheat_March,nonwheat,Yes,Yes
M22_16S_g28_F10,March,WASVT,cf_Festuca_sp,t2p3,p096,M22_2737,Jointing,3/27/23,nonwheat,nonwheat,,sample,28,7,5,NA,NA,NA,NA,NA,16.9,35.84838155,-76.65566228,3,13.2,293,NA,NA,NA,NA,NA,NA,NA,NA,NA,NA,NA,NA,NA,NA,NA,NA,NA,3.01,0.88,9.9,68,3.1,5.2,63,192,877,229,22,3.3,2.4,0.5,0.2,nonwheat_March,nonwheat,Yes,Yes
M22_16S_g28_G06,April,PERVT,cf_Festuca_sp,t2p3,p046,M22_0392,Heading,5/5/23,nonwheat,nonwheat,,sample,28,7,5,NA,NA,NA,NA,NA,50.8,36.17859735,-76.358649,4,15.7,361,NA,NA,NA,NA,NA,NA,NA,NA,NA,NA,NA,NA,NA,NA,NA,NA,NA,0.71,0.81,8.6,72,2.4,5,60,100,897,181,18,16.7,7,0.9,0.2,nonwheat_April,nonwheat,Yes,Yes
M22_16S_g29_A03,March,WASVT,cf_Festuca_sp,t2p5,p100,M22_2757,Jointing,3/27/23,nonwheat,nonwheat,,sample,29,8,5,NA,NA,NA,NA,NA,21.7,35.8483191,-76.65583056,6,13.2,293,NA,NA,NA,NA,NA,NA,NA,NA,NA,NA,NA,NA,NA,NA,NA,NA,NA,3.1,0.86,11.3,74,2.9,5.4,76,201,1081,302,17,3.8,3.3,0.6,0.1,nonwheat_March,nonwheat,Yes,Yes
M22_16S_g30_D05,April,PERVT,cf_Festuca_sp,t2p1,p049,M22_0355,Heading,5/5/23,nonwheat,nonwheat,,sample,30,8,5,NA,NA,NA,NA,NA,43.7,36.178693,-76.35845,3,15.7,361,NA,NA,NA,NA,NA,NA,NA,NA,NA,NA,NA,NA,NA,NA,NA,NA,NA,0.56,0.83,9.7,79,2.1,5.4,53,86,1078,246,16,16.6,6.2,1.1,0.2,nonwheat_April,nonwheat,Yes,Yes
M22_16S_g30_G02,April,PERVT,cf_Festuca_sp,t2p5,p042,M22_0415,Heading,5/5/23,nonwheat,nonwheat,,sample,30,8,5,NA,NA,NA,NA,NA,48.3,36.1785017,-76.358848,2,15.7,361,NA,NA,NA,NA,NA,NA,NA,NA,NA,NA,NA,NA,NA,NA,NA,NA,NA,0.66,0.83,7.7,66,2.6,4.8,38,84,694,177,17,11.2,6.6,0.8,0.1,nonwheat_April,nonwheat,Yes,Yes
M22_16S_g31_B01,March,WASVT,cf_Festuca_sp,t2p1,p092,M22_2717,Jointing,3/27/23,nonwheat,nonwheat,,sample,31,8,5,NA,NA,NA,NA,NA,19.7,35.848444,-76.655494,4,13.2,293,NA,NA,NA,NA,NA,NA,NA,NA,NA,NA,NA,NA,NA,NA,NA,NA,NA,2.68,0.84,11.4,75,2.9,5.4,92,288,1099,279,20,5.5,3.6,0.9,0.1,nonwheat_March,nonwheat,Yes,Yes
M22_16S_g01_B09,March,UNIVT,cf_Festuca1,t1p5,p010,M22_2318,Jointing,3/20/23,nonwheat,nonwheat,,sample,1,1,5,NA,NA,NA,NA,NA,42.9,34.9505249,-80.4250531,3,13.1,313,NA,NA,NA,NA,NA,NA,NA,NA,NA,NA,NA,NA,NA,NA,NA,NA,NA,0.41,0.91,10.7,81,2.1,5.4,12,57,1424,166,17,31.4,4.2,3.9,0.4,nonwheat_March,nonwheat,Yes,Yes
M22_16S_g01_G02,March,UNIVT,cf_Festuca1,t2p2,p013,M22_2333,Jointing,3/20/23,nonwheat,nonwheat,,sample,1,1,5,NA,NA,NA,NA,NA,39.8,34.9503922,-80.42452776,12,13.1,313,NA,NA,NA,NA,NA,NA,NA,NA,NA,NA,NA,NA,NA,NA,NA,NA,NA,0.315,1.025,6.3,66.5,2.1,5.05,25.5,58,672,84,19.5,17.25,1.9,1.75,0.1,nonwheat_March,nonwheat,Yes,Yes
M22_16S_g01_G06,March,UNIVT,cf_Festuca1,t2p3,p016,M22_2342,Jointing,3/20/23,nonwheat,nonwheat,,sample,1,1,5,NA,NA,NA,NA,NA,36,34.9503476,-80.42437912,8,13.1,313,NA,NA,NA,NA,NA,NA,NA,NA,NA,NA,NA,NA,NA,NA,NA,NA,NA,0.27,1,6.3,65,2.2,5,28,60,666,78,22,18,1.9,1.9,0.1,nonwheat_March,nonwheat,Yes,Yes
M22_16S_g04_E09,March,UNIVT,cf_Festuca1,t2p5,p026,M22_2357,Jointing,3/20/23,nonwheat,nonwheat,,sample,4,1,5,NA,NA,NA,NA,NA,38,34.9502584,-80.42408184,7,13.1,313,NA,NA,NA,NA,NA,NA,NA,NA,NA,NA,NA,NA,NA,NA,NA,NA,NA,0.22,1.12,5.6,65,2,5,11,40,579,77,27,22.9,1.1,2,0.1,nonwheat_March,nonwheat,Yes,Yes
M22_16S_g05_A08,March,UNIVT,cf_Festuca1,t2p3,p015,M22_2341,Jointing,3/20/23,nonwheat,nonwheat,,sample,5,2,5,NA,NA,NA,NA,NA,36,34.9503476,-80.42437912,11,13.1,313,NA,NA,NA,NA,NA,NA,NA,NA,NA,NA,NA,NA,NA,NA,NA,NA,NA,0.27,1,6.3,65,2.2,5,28,60,666,78,22,18,1.9,1.9,0.1,nonwheat_March,nonwheat,Yes,Yes
M22_16S_g06_A09,March,UNIVT,cf_Festuca1,t1p5,p009,M22_2317,Jointing,3/20/23,nonwheat,nonwheat,,sample,6,2,5,NA,NA,NA,NA,NA,42.9,34.9505249,-80.4250531,4,13.1,313,NA,NA,NA,NA,NA,NA,NA,NA,NA,NA,NA,NA,NA,NA,NA,NA,NA,0.41,0.91,10.7,81,2.1,5.4,12,57,1424,166,17,31.4,4.2,3.9,0.4,nonwheat_March,nonwheat,Yes,Yes
M22_16S_g09_H05,March,UNIVT,cf_Festuca1,t2p5,p025,M22_2356,Jointing,3/20/23,nonwheat,nonwheat,,sample,9,3,5,NA,NA,NA,NA,NA,38,34.9502584,-80.42408184,17,13.1,313,NA,NA,NA,NA,NA,NA,NA,NA,NA,NA,NA,NA,NA,NA,NA,NA,NA,0.22,1.12,5.6,65,2,5,11,40,579,77,27,22.9,1.1,2,0.1,nonwheat_March,nonwheat,Yes,Yes
M22_16S_g11_A07,March,UNIVT,cf_Festuca1,t2p4,p018,M22_2349,Jointing,3/20/23,nonwheat,nonwheat,,sample,11,3,5,NA,NA,NA,NA,NA,33.3,34.950303,-80.42423048,8,13.1,313,NA,NA,NA,NA,NA,NA,NA,NA,NA,NA,NA,NA,NA,NA,NA,NA,NA,0.245,1.06,5.95,65,2.1,5,19.5,50,622.5,77.5,24.5,20.45,1.5,1.95,0.1,nonwheat_March,nonwheat,Yes,Yes
M22_16S_g11_C03,March,UNIVT,cf_Festuca1,t2p4,p017,M22_2348,Jointing,3/20/23,nonwheat,nonwheat,,sample,11,3,5,NA,NA,NA,NA,NA,33.3,34.950303,-80.42423048,16,13.1,313,NA,NA,NA,NA,NA,NA,NA,NA,NA,NA,NA,NA,NA,NA,NA,NA,NA,0.245,1.06,5.95,65,2.1,5,19.5,50,622.5,77.5,24.5,20.45,1.5,1.95,0.1,nonwheat_March,nonwheat,Yes,Yes
M22_16S_g11_E07,March,UNIVT,cf_Festuca1,t2p2,p014,M22_2334,Jointing,3/20/23,nonwheat,nonwheat,,sample,11,3,5,NA,NA,NA,NA,NA,39.8,34.9503922,-80.42452776,8,13.1,313,NA,NA,NA,NA,NA,NA,NA,NA,NA,NA,NA,NA,NA,NA,NA,NA,NA,0.315,1.025,6.3,66.5,2.1,5.05,25.5,58,672,84,19.5,17.25,1.9,1.75,0.1,nonwheat_March,nonwheat,Yes,Yes
M22_16S_g14_C01,March,UNIVT,cf_Festuca1,t1p3,p006,M22_2294,Jointing,3/20/23,nonwheat,nonwheat,,sample,14,4,5,NA,NA,NA,NA,NA,39.8,34.9507646,-80.4253526,5,13.1,313,NA,NA,NA,NA,NA,NA,NA,NA,NA,NA,NA,NA,NA,NA,NA,NA,NA,0.36,0.92,11.5,83,2,5.5,9,54,1506,231,18,14.8,3.1,2.3,0.6,nonwheat_March,nonwheat,Yes,Yes
M22_16S_g15_A01,March,UNIVT,cf_Festuca1,t1p3,p005,M22_2293,Jointing,3/20/23,nonwheat,nonwheat,,sample,15,4,5,NA,NA,NA,NA,NA,39.8,34.9507646,-80.4253526,6,13.1,313,NA,NA,NA,NA,NA,NA,NA,NA,NA,NA,NA,NA,NA,NA,NA,NA,NA,0.36,0.92,11.5,83,2,5.5,9,54,1506,231,18,14.8,3.1,2.3,0.6,nonwheat_March,nonwheat,Yes,Yes
M22_16S_g19_G07,March,UNIVT,cf_Festuca1,t1p2,p003,M22_2285,Jointing,3/20/23,nonwheat,nonwheat,,sample,19,5,5,NA,NA,NA,NA,NA,41.2,34.95088445,-80.42550235,4,13.1,313,NA,NA,NA,NA,NA,NA,NA,NA,NA,NA,NA,NA,NA,NA,NA,NA,NA,0.41,0.88,10.7,77,2.4,5.2,11,59.5,1305,200.5,18.5,22.95,4.8,2.55,0.4,nonwheat_March,nonwheat,Yes,Yes
M22_16S_g21_B07,March,UNIVT,cf_Festuca1,t2p1,p011,M22_2325,Jointing,3/20/23,nonwheat,nonwheat,,sample,21,6,5,NA,NA,NA,NA,NA,34.7,34.9504368,-80.4246764,8,13.1,313,NA,NA,NA,NA,NA,NA,NA,NA,NA,NA,NA,NA,NA,NA,NA,NA,NA,0.36,1.05,6.3,68,2,5.1,23,56,678,90,17,16.5,1.9,1.6,0.1,nonwheat_March,nonwheat,Yes,Yes
M22_16S_g23_E12,March,UNIVT,cf_Festuca1,t1p4,p007,M22_2309,Jointing,3/20/23,nonwheat,nonwheat,,sample,23,6,5,NA,NA,NA,NA,NA,35.3,34.95064475,-80.42520285,4,13.1,313,NA,NA,NA,NA,NA,NA,NA,NA,NA,NA,NA,NA,NA,NA,NA,NA,NA,0.385,0.915,11.1,82,2.05,5.45,10.5,55.5,1465,198.5,17.5,23.1,3.65,3.1,0.5,nonwheat_March,nonwheat,Yes,Yes
M22_16S_g24_C04,March,UNIVT,cf_Festuca1,t2p1,p012,M22_2326,Jointing,3/20/23,nonwheat,nonwheat,,sample,24,6,5,NA,NA,NA,NA,NA,34.7,34.9504368,-80.4246764,9,13.1,313,NA,NA,NA,NA,NA,NA,NA,NA,NA,NA,NA,NA,NA,NA,NA,NA,NA,0.36,1.05,6.3,68,2,5.1,23,56,678,90,17,16.5,1.9,1.6,0.1,nonwheat_March,nonwheat,Yes,Yes
M22_16S_g25_H08,March,UNIVT,cf_Festuca1,t1p2,p004,M22_2286,Jointing,3/20/23,nonwheat,nonwheat,,sample,25,7,5,NA,NA,NA,NA,NA,41.2,34.95088445,-80.42550235,2,13.1,313,NA,NA,NA,NA,NA,NA,NA,NA,NA,NA,NA,NA,NA,NA,NA,NA,NA,0.41,0.88,10.7,77,2.4,5.2,11,59.5,1305,200.5,18.5,22.95,4.8,2.55,0.4,nonwheat_March,nonwheat,Yes,Yes
M22_16S_g26_C11,March,UNIVT,cf_Festuca1,t1p4,p008,M22_2310,Jointing,3/20/23,nonwheat,nonwheat,,sample,26,7,5,NA,NA,NA,NA,NA,35.3,34.95064475,-80.42520285,6,13.1,313,NA,NA,NA,NA,NA,NA,NA,NA,NA,NA,NA,NA,NA,NA,NA,NA,NA,0.385,0.915,11.1,82,2.05,5.45,10.5,55.5,1465,198.5,17.5,23.1,3.65,3.1,0.5,nonwheat_March,nonwheat,Yes,Yes
M22_16S_g26_D01,March,UNIVT,cf_Festuca1,t1p1,p001,M22_2277,Jointing,3/20/23,nonwheat,nonwheat,,sample,26,7,5,NA,NA,NA,NA,NA,34.2,34.9510043,-80.4256521,5,13.1,313,NA,NA,NA,NA,NA,NA,NA,NA,NA,NA,NA,NA,NA,NA,NA,NA,NA,0.46,0.84,9.9,71,2.8,4.9,13,65,1104,170,19,31.1,6.5,2.8,0.2,nonwheat_March,nonwheat,Yes,Yes
M22_16S_g31_F10,March,UNIVT,cf_Festuca1,t1p1,p002,M22_2278,Jointing,3/20/23,nonwheat,nonwheat,,sample,31,8,5,NA,NA,NA,NA,NA,34.2,34.9510043,-80.4256521,3,13.1,313,NA,NA,NA,NA,NA,NA,NA,NA,NA,NA,NA,NA,NA,NA,NA,NA,NA,0.46,0.84,9.9,71,2.8,4.9,13,65,1104,170,19,31.1,6.5,2.8,0.2,nonwheat_March,nonwheat,Yes,Yes
M22_16S_g01_F08,March,ROBVT,cf_Galium_aparine,t2p1,p051,M22_1980,Jointing,3/21/23,nonwheat,nonwheat,,sample,1,1,5,NA,NA,NA,NA,NA,31.8,34.5109768,-79.3050372,15,14.7,239,NA,NA,NA,NA,NA,NA,NA,NA,NA,NA,NA,NA,NA,NA,NA,NA,NA,0.41,1.02,8.3,90,0.8,6.5,54,230,961,249,16,8.2,9,0.7,0.1,nonwheat_March,nonwheat,No,Yes
M22_16S_g05_C09,March,ROBVT,cf_Galium_aparine,t2p5,p060,M22_2006,Jointing,3/21/23,nonwheat,nonwheat,,sample,5,2,5,NA,NA,NA,NA,NA,25.8,34.5113581,-79.3050805,13,14.7,239,NA,NA,NA,NA,NA,NA,NA,NA,NA,NA,NA,NA,NA,NA,NA,NA,NA,0.41,1,7.5,82,1.4,6,58,233,774,200,17,7.4,5.1,0.6,0.1,nonwheat_March,nonwheat,No,Yes
M22_16S_g10_G12,March,ROBVT,cf_Galium_aparine,t2p4,p057,M22_1999,Jointing,3/21/23,nonwheat,nonwheat,,sample,10,3,5,NA,NA,NA,NA,NA,21.6,34.51126278,-79.30506968,11,14.7,239,NA,NA,NA,NA,NA,NA,NA,NA,NA,NA,NA,NA,NA,NA,NA,NA,NA,0.41,1.06,7.15,84,1.15,6.15,55.5,207.5,785.5,184,16,6.9,5.35,0.7,0.1,nonwheat_March,nonwheat,No,Yes
M22_16S_g13_F05,March,ROBVT,cf_Galium_aparine,t2p3,p055,M22_1993,Jointing,3/21/23,nonwheat,nonwheat,,sample,13,4,5,NA,NA,NA,NA,NA,23.3,34.51116745,-79.30505885,21,14.7,239,NA,NA,NA,NA,NA,NA,NA,NA,NA,NA,NA,NA,NA,NA,NA,NA,NA,0.41,1.12,6.8,86,0.9,6.3,53,182,797,168,15,6.4,5.6,0.8,0.1,nonwheat_March,nonwheat,No,Yes
M22_16S_g18_E08,March,ROBVT,cf_Galium_aparine,t2p3,p054,M22_1992,Jointing,3/21/23,nonwheat,nonwheat,,sample,18,5,5,NA,NA,NA,NA,NA,23.3,34.51116745,-79.30505885,22,14.7,239,NA,NA,NA,NA,NA,NA,NA,NA,NA,NA,NA,NA,NA,NA,NA,NA,NA,0.41,1.12,6.8,86,0.9,6.3,53,182,797,168,15,6.4,5.6,0.8,0.1,nonwheat_March,nonwheat,No,Yes
M22_16S_g25_D08,March,ROBVT,cf_Galium_aparine,t2p4,p058,M22_2000,Jointing,3/21/23,nonwheat,nonwheat,,sample,25,7,5,NA,NA,NA,NA,NA,21.6,34.51126278,-79.30506968,12,14.7,239,NA,NA,NA,NA,NA,NA,NA,NA,NA,NA,NA,NA,NA,NA,NA,NA,NA,0.41,1.06,7.15,84,1.15,6.15,55.5,207.5,785.5,184,16,6.9,5.35,0.7,0.1,nonwheat_March,nonwheat,No,Yes
M22_16S_g26_H02,March,ROBVT,cf_Galium_aparine,t2p4,p056,M22_1998,Jointing,3/21/23,nonwheat,nonwheat,,sample,26,7,5,NA,NA,NA,NA,NA,21.6,34.51126278,-79.30506968,7,14.7,239,NA,NA,NA,NA,NA,NA,NA,NA,NA,NA,NA,NA,NA,NA,NA,NA,NA,0.41,1.06,7.15,84,1.15,6.15,55.5,207.5,785.5,184,16,6.9,5.35,0.7,0.1,nonwheat_March,nonwheat,No,Yes
M22_16S_g27_H04,March,ROBVT,cf_Galium_aparine,t2p5,p059,M22_2005,Jointing,3/21/23,nonwheat,nonwheat,,sample,27,7,5,NA,NA,NA,NA,NA,25.8,34.5113581,-79.3050805,17,14.7,239,NA,NA,NA,NA,NA,NA,NA,NA,NA,NA,NA,NA,NA,NA,NA,NA,NA,0.41,1,7.5,82,1.4,6,58,233,774,200,17,7.4,5.1,0.6,0.1,nonwheat_March,nonwheat,No,Yes
M22_16S_g29_A01,March,ROBVT,cf_Galium_aparine,t2p2,p052,M22_1985,Jointing,3/21/23,nonwheat,nonwheat,,sample,29,8,5,NA,NA,NA,NA,NA,26.2,34.51107213,-79.30504803,10,14.7,239,NA,NA,NA,NA,NA,NA,NA,NA,NA,NA,NA,NA,NA,NA,NA,NA,NA,0.41,1.07,7.55,88,0.85,6.4,53.5,206,879,208.5,15.5,7.3,7.3,0.75,0.1,nonwheat_March,nonwheat,No,Yes
M22_16S_g29_A12,March,ROBVT,cf_Galium_aparine,t2p3,p053,M22_1991,Jointing,3/21/23,nonwheat,nonwheat,,sample,29,8,5,NA,NA,NA,NA,NA,23.3,34.51116745,-79.30505885,8,14.7,239,NA,NA,NA,NA,NA,NA,NA,NA,NA,NA,NA,NA,NA,NA,NA,NA,NA,0.41,1.12,6.8,86,0.9,6.3,53,182,797,168,15,6.4,5.6,0.8,0.1,nonwheat_March,nonwheat,No,Yes
M22_16S_g01_D05,April,LENVT,cf_Hordeum_pusillum,t1p1,p080,M22_0122,Heading,4/20/23,nonwheat,nonwheat,,sample,1,1,5,NA,NA,NA,NA,NA,13.7,35.3789173,-77.56070681,91,16.4,335,NA,NA,NA,NA,NA,NA,NA,NA,NA,NA,NA,NA,NA,NA,NA,NA,NA,0.51,1.06,5.4,63,2,5.1,80,73,507,84,16,28.5,4.2,0.5,0.1,nonwheat_April,nonwheat,Yes,Yes
M22_16S_g03_A04,April,LENVT,cf_Hordeum_pusillum,t1p1,p079,M22_0121,Heading,4/20/23,nonwheat,nonwheat,,sample,3,1,5,NA,NA,NA,NA,NA,13.7,35.3789173,-77.56070681,87,16.4,335,NA,NA,NA,NA,NA,NA,NA,NA,NA,NA,NA,NA,NA,NA,NA,NA,NA,0.51,1.06,5.4,63,2,5.1,80,73,507,84,16,28.5,4.2,0.5,0.1,nonwheat_April,nonwheat,Yes,Yes
M22_16S_g04_E01,April,WAKMP,cf_Hordeum_pusillum,t1p2,p006,M22_1216,Heading,4/19/23,nonwheat,nonwheat,,sample,4,1,1.34,NA,NA,NA,NA,NA,22.2,35.73445085,-78.70144717,21,16,419,NA,NA,NA,NA,NA,NA,NA,NA,NA,NA,NA,NA,NA,NA,NA,NA,NA,0.34,1.035,8,81,1.5,5.9,330.5,142.5,932.5,178.5,17,17.1,18.6,1.2,0.1,nonwheat_April,nonwheat,Yes,Yes
M22_16S_g05_E06,April,LENVT,cf_Hordeum_pusillum,t1p2,p077,M22_0131,Heading,4/20/23,nonwheat,nonwheat,,sample,5,2,5,NA,NA,NA,NA,NA,15.9,35.37882025,-77.56075176,59,16.4,335,NA,NA,NA,NA,NA,NA,NA,NA,NA,NA,NA,NA,NA,NA,NA,NA,NA,0.51,1.06,5.65,64.5,2,5.1,88.5,65,550.5,87.5,16.5,21.5,3.6,0.5,0.1,nonwheat_April,nonwheat,Yes,Yes
M22_16S_g06_D02,April,WAKMP,cf_Hordeum_pusillum,t2p5,p060,M22_1301,Heading,4/19/23,nonwheat,nonwheat,,sample,6,2,5,NA,NA,NA,NA,NA,28.8,35.7338889,-78.70055556,13,16,419,NA,NA,NA,NA,NA,NA,NA,NA,NA,NA,NA,NA,NA,NA,NA,NA,NA,0.6,1.07,7.6,75,1.9,5.5,202,100,847,143,17,10.9,7.3,1,0.1,nonwheat_April,nonwheat,Yes,Yes
M22_16S_g06_D07,April,LENVT,cf_Hordeum_pusillum,t1p3,p075,M22_0141,Heading,4/20/23,nonwheat,nonwheat,,sample,6,2,5,NA,NA,NA,NA,NA,14.6,35.3787232,-77.56079671,87,16.4,335,NA,NA,NA,NA,NA,NA,NA,NA,NA,NA,NA,NA,NA,NA,NA,NA,NA,0.51,1.06,5.9,66,2,5.1,97,57,594,91,17,14.5,3,0.5,0.1,nonwheat_April,nonwheat,Yes,Yes
M22_16S_g08_A02,April,WAKMP,cf_Hordeum_pusillum,t1p1,p001,M22_1204,Heading,4/19/23,nonwheat,nonwheat,,sample,8,2,5,NA,NA,NA,NA,NA,27.7,35.734453,-78.701374,25,16,419,NA,NA,NA,NA,NA,NA,NA,NA,NA,NA,NA,NA,NA,NA,NA,NA,NA,0.32,1.02,8.6,84,1.4,6,429,167,1059,181,18,18.9,20,1.3,0.1,nonwheat_April,nonwheat,Yes,Yes
M22_16S_g08_A07,April,ROBVT,cf_Hordeum_pusillum,t1p5,p007,M22_0555,Heading,4/24/23,nonwheat,nonwheat,,sample,8,2,5,NA,NA,NA,NA,NA,9.1,34.4607226,-79.3049465,29,18.1,296,NA,NA,NA,NA,NA,NA,NA,NA,NA,NA,NA,NA,NA,NA,NA,NA,NA,0.76,1.06,6.6,60,2.7,5,131,157,522,114,16,16.7,31.8,2.1,0,nonwheat_April,nonwheat,Yes,Yes
M22_16S_g08_D12,April,ROBVT,cf_Hordeum_pusillum,t1p4,p005,M22_0553,Heading,4/24/23,nonwheat,nonwheat,,sample,8,2,5,NA,NA,NA,NA,NA,8.7,34.47314145,-79.30499563,25,18.1,296,NA,NA,NA,NA,NA,NA,NA,NA,NA,NA,NA,NA,NA,NA,NA,NA,NA,0.71,1.08,6.7,62,2.55,5.1,101,188.5,532,125.5,15,13.25,21.95,1.35,0,nonwheat_April,nonwheat,Yes,Yes
M22_16S_g08_H04,April,LENVT,cf_Hordeum_pusillum,t1p3,p076,M22_0142,Heading,4/20/23,nonwheat,nonwheat,,sample,8,2,5,NA,NA,NA,NA,NA,14.6,35.3787232,-77.56079671,92,16.4,335,NA,NA,NA,NA,NA,NA,NA,NA,NA,NA,NA,NA,NA,NA,NA,NA,NA,0.51,1.06,5.9,66,2,5.1,97,57,594,91,17,14.5,3,0.5,0.1,nonwheat_April,nonwheat,Yes,Yes
M22_16S_g09_A08,April,ROBVT,cf_Hordeum_pusillum,t1p5,p008,M22_0556,Heading,4/24/23,nonwheat,nonwheat,,sample,9,3,5,NA,NA,NA,NA,NA,9.1,34.4607226,-79.3049465,28,18.1,296,NA,NA,NA,NA,NA,NA,NA,NA,NA,NA,NA,NA,NA,NA,NA,NA,NA,0.76,1.06,6.6,60,2.7,5,131,157,522,114,16,16.7,31.8,2.1,0,nonwheat_April,nonwheat,Yes,Yes
M22_16S_g09_B06,April,ROBVT,cf_Hordeum_pusillum,t1p5,p009,M22_0557,Heading,4/24/23,nonwheat,nonwheat,,sample,9,3,5,NA,NA,NA,NA,NA,9.1,34.4607226,-79.3049465,37,18.1,296,NA,NA,NA,NA,NA,NA,NA,NA,NA,NA,NA,NA,NA,NA,NA,NA,NA,0.76,1.06,6.6,60,2.7,5,131,157,522,114,16,16.7,31.8,2.1,0,nonwheat_April,nonwheat,Yes,Yes
M22_16S_g09_F07,April,LENVT,cf_Hordeum_pusillum,t1p4,p073,M22_0151,Heading,4/20/23,nonwheat,nonwheat,,sample,9,3,5,NA,NA,NA,NA,NA,14.9,35.37862615,-77.56084165,68,16.4,335,NA,NA,NA,NA,NA,NA,NA,NA,NA,NA,NA,NA,NA,NA,NA,NA,NA,0.485,1.1,5.1,61.5,1.95,5.05,117.5,49.5,473,80.5,17.5,11.5,3.15,0.55,0.1,nonwheat_April,nonwheat,Yes,Yes
M22_16S_g10_A01,April,WAKMP,cf_Hordeum_pusillum,t2p1,p053,M22_1264,Heading,4/19/23,nonwheat,nonwheat,,sample,10,3,5,NA,NA,NA,NA,NA,37.3,35.734456,-78.700654,12,16,419,NA,NA,NA,NA,NA,NA,NA,NA,NA,NA,NA,NA,NA,NA,NA,NA,NA,0.71,1.02,6,70,1.8,5.5,115,44,646,110,15,10.2,5.7,0.6,0.1,nonwheat_April,nonwheat,Yes,Yes
M22_16S_g10_A09,April,WAKMP,cf_Hordeum_pusillum,t1p2,p004,M22_1214,Heading,4/19/23,nonwheat,nonwheat,,sample,10,3,5,NA,NA,NA,NA,NA,22.2,35.73445085,-78.70144717,21,16,419,NA,NA,NA,NA,NA,NA,NA,NA,NA,NA,NA,NA,NA,NA,NA,NA,NA,0.34,1.035,8,81,1.5,5.9,330.5,142.5,932.5,178.5,17,17.1,18.6,1.2,0.1,nonwheat_April,nonwheat,Yes,Yes
M22_16S_g10_F03,April,WAKMP,cf_Hordeum_pusillum,t1p4,p007,M22_1238,Heading,4/19/23,nonwheat,nonwheat,,sample,10,3,5,NA,NA,NA,NA,NA,20.2,35.73444655,-78.7015935,22,16,419,NA,NA,NA,NA,NA,NA,NA,NA,NA,NA,NA,NA,NA,NA,NA,NA,NA,0.41,1.05,6.75,72.5,1.8,5.5,198,103,706,140,25.5,14.9,11.35,1.15,0.1,nonwheat_April,nonwheat,Yes,Yes
M22_16S_g12_D12,April,ROBVT,cf_Hordeum_pusillum,t1p3,p003,M22_0551,Heading,4/24/23,nonwheat,nonwheat,,sample,12,3,5,NA,NA,NA,NA,NA,6.6,34.4855603,-79.30504475,24,18.1,296,NA,NA,NA,NA,NA,NA,NA,NA,NA,NA,NA,NA,NA,NA,NA,NA,NA,0.66,1.1,6.8,64,2.4,5.2,71,220,542,137,14,9.8,12.1,0.6,0,nonwheat_April,nonwheat,Yes,Yes
M22_16S_g13_D06,April,WAKMP,cf_Hordeum_pusillum,t2p2,p054,M22_1273,Heading,4/19/23,nonwheat,nonwheat,,sample,13,4,5,NA,NA,NA,NA,NA,36,35.73431423,-78.70062939,15,16,419,NA,NA,NA,NA,NA,NA,NA,NA,NA,NA,NA,NA,NA,NA,NA,NA,NA,0.635,0.99,6.85,73.5,1.8,5.6,137,59,762,137.5,16.5,10.95,7.15,0.85,0.1,nonwheat_April,nonwheat,Yes,Yes
M22_16S_g14_G06,April,WAKMP,cf_Hordeum_pusillum,t1p1,p003,M22_1206,Heading,4/19/23,nonwheat,nonwheat,,sample,14,4,5,NA,NA,NA,NA,NA,27.7,35.734453,-78.701374,19,16,419,NA,NA,NA,NA,NA,NA,NA,NA,NA,NA,NA,NA,NA,NA,NA,NA,NA,0.32,1.02,8.6,84,1.4,6,429,167,1059,181,18,18.9,20,1.3,0.1,nonwheat_April,nonwheat,Yes,Yes
M22_16S_g16_A05,April,ROBVT,cf_Hordeum_pusillum,t1p3,p004,M22_0552,Heading,4/24/23,nonwheat,nonwheat,,sample,16,4,5,NA,NA,NA,NA,NA,6.6,34.4855603,-79.30504475,17,18.1,296,NA,NA,NA,NA,NA,NA,NA,NA,NA,NA,NA,NA,NA,NA,NA,NA,NA,0.66,1.1,6.8,64,2.4,5.2,71,220,542,137,14,9.8,12.1,0.6,0,nonwheat_April,nonwheat,Yes,Yes
M22_16S_g16_E06,April,LENVT,cf_Hordeum_pusillum,t1p2,p078,M22_0132,Heading,4/20/23,nonwheat,nonwheat,,sample,16,4,5,NA,NA,NA,NA,NA,15.9,35.37882025,-77.56075176,105,16.4,335,NA,NA,NA,NA,NA,NA,NA,NA,NA,NA,NA,NA,NA,NA,NA,NA,NA,0.51,1.06,5.65,64.5,2,5.1,88.5,65,550.5,87.5,16.5,21.5,3.6,0.5,0.1,nonwheat_April,nonwheat,Yes,Yes
M22_16S_g16_G06,April,ROBVT,cf_Hordeum_pusillum,t1p4,p006,M22_0554,Heading,4/24/23,nonwheat,nonwheat,,sample,16,4,5,NA,NA,NA,NA,NA,8.7,34.47314145,-79.30499563,28,18.1,296,NA,NA,NA,NA,NA,NA,NA,NA,NA,NA,NA,NA,NA,NA,NA,NA,NA,0.71,1.08,6.7,62,2.55,5.1,101,188.5,532,125.5,15,13.25,21.95,1.35,0,nonwheat_April,nonwheat,Yes,Yes
M22_16S_g17_A01,April,LENVT,cf_Hordeum_pusillum,t1p5,p072,M22_0162,Heading,4/20/23,nonwheat,nonwheat,,sample,17,5,5,NA,NA,NA,NA,NA,16,35.3785291,-77.5608866,54,16.4,335,NA,NA,NA,NA,NA,NA,NA,NA,NA,NA,NA,NA,NA,NA,NA,NA,NA,0.46,1.14,4.3,57,1.9,5,138,42,352,70,18,8.5,3.3,0.6,0.1,nonwheat_April,nonwheat,Yes,Yes
M22_16S_g17_G06,April,WAKMP,cf_Hordeum_pusillum,t2p3,p058,M22_1285,Heading,4/19/23,nonwheat,nonwheat,,sample,17,5,5,NA,NA,NA,NA,NA,32.7,35.73417245,-78.70060478,15,16,419,NA,NA,NA,NA,NA,NA,NA,NA,NA,NA,NA,NA,NA,NA,NA,NA,NA,0.56,0.96,7.7,77,1.8,5.7,159,74,878,165,18,11.7,8.6,1.1,0.1,nonwheat_April,nonwheat,Yes,Yes
M22_16S_g21_F10,April,WAKMP,cf_Hordeum_pusillum,t1p4,p008,M22_1239,Heading,4/19/23,nonwheat,nonwheat,,sample,21,6,5,NA,NA,NA,NA,NA,20.2,35.73444655,-78.7015935,22,16,419,NA,NA,NA,NA,NA,NA,NA,NA,NA,NA,NA,NA,NA,NA,NA,NA,NA,0.41,1.05,6.75,72.5,1.8,5.5,198,103,706,140,25.5,14.9,11.35,1.15,0.1,nonwheat_April,nonwheat,Yes,Yes
M22_16S_g22_G11,April,ROBVT,cf_Hordeum_pusillum,t1p1,p001,M22_0549,Heading,4/24/23,nonwheat,nonwheat,,sample,22,6,5,NA,NA,NA,NA,NA,12.9,34.510398,-79.305143,15,18.1,296,NA,NA,NA,NA,NA,NA,NA,NA,NA,NA,NA,NA,NA,NA,NA,NA,NA,0.56,1.08,4.9,57,2.1,5,200,145,314,101,12,6.5,5.4,0.9,0,nonwheat_April,nonwheat,Yes,Yes
M22_16S_g23_D06,April,WAKMP,cf_Hordeum_pusillum,t2p1,p051,M22_1262,Heading,4/19/23,nonwheat,nonwheat,,sample,23,6,5,NA,NA,NA,NA,NA,37.3,35.734456,-78.700654,12,16,419,NA,NA,NA,NA,NA,NA,NA,NA,NA,NA,NA,NA,NA,NA,NA,NA,NA,0.71,1.02,6,70,1.8,5.5,115,44,646,110,15,10.2,5.7,0.6,0.1,nonwheat_April,nonwheat,Yes,Yes
M22_16S_g26_F05,April,WAKMP,cf_Hordeum_pusillum,t1p2,p005,M22_1215,Heading,4/19/23,nonwheat,nonwheat,,sample,26,7,5,NA,NA,NA,NA,NA,22.2,35.73445085,-78.70144717,23,16,419,NA,NA,NA,NA,NA,NA,NA,NA,NA,NA,NA,NA,NA,NA,NA,NA,NA,0.34,1.035,8,81,1.5,5.9,330.5,142.5,932.5,178.5,17,17.1,18.6,1.2,0.1,nonwheat_April,nonwheat,Yes,Yes
M22_16S_g26_F11,April,WAKMP,cf_Hordeum_pusillum,t1p4,p009,M22_1240,Heading,4/19/23,nonwheat,nonwheat,,sample,26,7,5,NA,NA,NA,NA,NA,20.2,35.73444655,-78.7015935,25,16,419,NA,NA,NA,NA,NA,NA,NA,NA,NA,NA,NA,NA,NA,NA,NA,NA,NA,0.41,1.05,6.75,72.5,1.8,5.5,198,103,706,140,25.5,14.9,11.35,1.15,0.1,nonwheat_April,nonwheat,Yes,Yes
M22_16S_g27_C05,April,WAKMP,cf_Hordeum_pusillum,t2p3,p057,M22_1284,Heading,4/19/23,nonwheat,nonwheat,,sample,27,7,5,NA,NA,NA,NA,NA,32.7,35.73417245,-78.70060478,14,16,419,NA,NA,NA,NA,NA,NA,NA,NA,NA,NA,NA,NA,NA,NA,NA,NA,NA,0.56,0.96,7.7,77,1.8,5.7,159,74,878,165,18,11.7,8.6,1.1,0.1,nonwheat_April,nonwheat,Yes,Yes
M22_16S_g27_C08,April,WAKMP,cf_Hordeum_pusillum,t2p2,p056,M22_1275,Heading,4/19/23,nonwheat,nonwheat,,sample,27,7,5,NA,NA,NA,NA,NA,36,35.73431423,-78.70062939,15,16,419,NA,NA,NA,NA,NA,NA,NA,NA,NA,NA,NA,NA,NA,NA,NA,NA,NA,0.635,0.99,6.85,73.5,1.8,5.6,137,59,762,137.5,16.5,10.95,7.15,0.85,0.1,nonwheat_April,nonwheat,Yes,Yes
M22_16S_g27_H05,April,WAKMP,cf_Hordeum_pusillum,t2p1,p052,M22_1263,Heading,4/19/23,nonwheat,nonwheat,,sample,27,7,5,NA,NA,NA,NA,NA,37.3,35.734456,-78.700654,20,16,419,NA,NA,NA,NA,NA,NA,NA,NA,NA,NA,NA,NA,NA,NA,NA,NA,NA,0.71,1.02,6,70,1.8,5.5,115,44,646,110,15,10.2,5.7,0.6,0.1,nonwheat_April,nonwheat,Yes,Yes
M22_16S_g28_F04,April,WAKMP,cf_Hordeum_pusillum,t1p1,p002,M22_1205,Heading,4/19/23,nonwheat,nonwheat,,sample,28,7,5,NA,NA,NA,NA,NA,27.7,35.734453,-78.701374,30,16,419,NA,NA,NA,NA,NA,NA,NA,NA,NA,NA,NA,NA,NA,NA,NA,NA,NA,0.32,1.02,8.6,84,1.4,6,429,167,1059,181,18,18.9,20,1.3,0.1,nonwheat_April,nonwheat,Yes,Yes
M22_16S_g29_B01,April,ROBVT,cf_Hordeum_pusillum,t1p1,p002,M22_0550,Heading,4/24/23,nonwheat,nonwheat,,sample,29,8,5,NA,NA,NA,NA,NA,12.9,34.510398,-79.305143,16,18.1,296,NA,NA,NA,NA,NA,NA,NA,NA,NA,NA,NA,NA,NA,NA,NA,NA,NA,0.56,1.08,4.9,57,2.1,5,200,145,314,101,12,6.5,5.4,0.9,0,nonwheat_April,nonwheat,Yes,Yes
M22_16S_g30_B11,April,WAKMP,cf_Hordeum_pusillum,t2p5,p059,M22_1300,Heading,4/19/23,nonwheat,nonwheat,,sample,30,8,5,NA,NA,NA,NA,NA,28.8,35.7338889,-78.70055556,12,16,419,NA,NA,NA,NA,NA,NA,NA,NA,NA,NA,NA,NA,NA,NA,NA,NA,NA,0.6,1.07,7.6,75,1.9,5.5,202,100,847,143,17,10.9,7.3,1,0.1,nonwheat_April,nonwheat,Yes,Yes
M22_16S_g30_C05,April,WAKMP,cf_Hordeum_pusillum,t2p2,p055,M22_1274,Heading,4/19/23,nonwheat,nonwheat,,sample,30,8,5,NA,NA,NA,NA,NA,36,35.73431423,-78.70062939,13,16,419,NA,NA,NA,NA,NA,NA,NA,NA,NA,NA,NA,NA,NA,NA,NA,NA,NA,0.635,0.99,6.85,73.5,1.8,5.6,137,59,762,137.5,16.5,10.95,7.15,0.85,0.1,nonwheat_April,nonwheat,Yes,Yes
M22_16S_g31_A11,April,WAKMP,cf_Hordeum_pusillum,t1p4,p010,M22_1249,Heading,4/19/23,nonwheat,nonwheat,,sample,31,8,5,NA,NA,NA,NA,NA,20.2,35.73444655,-78.7015935,20,16,419,NA,NA,NA,NA,NA,NA,NA,NA,NA,NA,NA,NA,NA,NA,NA,NA,NA,0.41,1.05,6.75,72.5,1.8,5.5,198,103,706,140,25.5,14.9,11.35,1.15,0.1,nonwheat_April,nonwheat,Yes,Yes
M22_16S_g31_C03,April,ROBVT,cf_Hordeum_pusillum,t1p5,p010,M22_0558,Heading,4/24/23,nonwheat,nonwheat,,sample,31,8,5,NA,NA,NA,NA,NA,9.1,34.4607226,-79.3049465,29,18.1,296,NA,NA,NA,NA,NA,NA,NA,NA,NA,NA,NA,NA,NA,NA,NA,NA,NA,0.76,1.06,6.6,60,2.7,5,131,157,522,114,16,16.7,31.8,2.1,0,nonwheat_April,nonwheat,Yes,Yes
M22_16S_g31_F07,April,LENVT,cf_Hordeum_pusillum,t1p4,p074,M22_0152,Heading,4/20/23,nonwheat,nonwheat,,sample,31,8,5,NA,NA,NA,NA,NA,14.9,35.37862615,-77.56084165,56,16.4,335,NA,NA,NA,NA,NA,NA,NA,NA,NA,NA,NA,NA,NA,NA,NA,NA,NA,0.485,1.1,5.1,61.5,1.95,5.05,117.5,49.5,473,80.5,17.5,11.5,3.15,0.55,0.1,nonwheat_April,nonwheat,Yes,Yes
M22_16S_g31_F11,April,LENVT,cf_Hordeum_pusillum,t1p5,p071,M22_0161,Heading,4/20/23,nonwheat,nonwheat,,sample,31,8,4.79,NA,NA,NA,NA,NA,16,35.3785291,-77.5608866,70,16.4,335,NA,NA,NA,NA,NA,NA,NA,NA,NA,NA,NA,NA,NA,NA,NA,NA,NA,0.46,1.14,4.3,57,1.9,5,138,42,352,70,18,8.5,3.3,0.6,0.1,nonwheat_April,nonwheat,Yes,Yes
M22_16S_g01_A02,March,WASVT,cf_Poa_pratensis,t1,p046,M22_2654,Jointing,3/27/23,nonwheat,nonwheat,,sample,1,1,5,NA,NA,NA,NA,NA,22.4,35.849825,-76.654673,2,13.2,293,NA,NA,NA,NA,NA,NA,NA,NA,NA,NA,NA,NA,NA,NA,NA,NA,NA,2.706666667,0.883333333,12.1,82.33333333,2.133333333,5.9,117.3333333,191.6666667,1248,395,17,2.7,1.4,0.9,0.1,nonwheat_March,nonwheat,Yes,Yes
M22_16S_g01_B04,March,UNIVT,cf_Poa_pratensis,t2p2,p023,M22_2335,Jointing,3/20/23,nonwheat,nonwheat,,sample,1,1,5,NA,NA,NA,NA,NA,39.8,34.9503922,-80.42452776,3,13.1,313,NA,NA,NA,NA,NA,NA,NA,NA,NA,NA,NA,NA,NA,NA,NA,NA,NA,0.315,1.025,6.3,66.5,2.1,5.05,25.5,58,672,84,19.5,17.25,1.9,1.75,0.1,nonwheat_March,nonwheat,Yes,Yes
M22_16S_g01_G10,April,LENVT,cf_Poa_pratensis,t2p1,p019,M22_0167,Heading,4/20/23,nonwheat,nonwheat,,sample,1,1,5,NA,NA,NA,NA,NA,12.2,35.3791616,-77.560684,17,16.4,335,NA,NA,NA,NA,NA,NA,NA,NA,NA,NA,NA,NA,NA,NA,NA,NA,NA,0.66,1.03,7.7,87,1,6.3,60,110,928,216,19,13.1,2.4,0.8,0.1,nonwheat_April,nonwheat,Yes,Yes
M22_16S_g01_H04,March,WAKMP,cf_Poa_pratensis,t1p2,p051,M22_2548,Jointing,3/10/23,nonwheat,nonwheat,,sample,1,1,5,NA,NA,NA,NA,NA,21.7,35.73445085,-78.70144717,NA,12.7,324,NA,NA,NA,NA,NA,NA,NA,NA,NA,NA,NA,NA,NA,NA,NA,NA,NA,0.36,1.015,6.65,70,1.8,5.35,253,113.5,675,146.5,29,20.85,12.55,1.1,0.05,nonwheat_March,nonwheat,Yes,Yes
M22_16S_g02_E04,March,PERVT,cf_Poa_pratensis,t2p2,p068,M22_1793,Jointing,3/28/23,nonwheat,nonwheat,,sample,2,1,5,NA,NA,NA,NA,NA,40.5,36.17848368,-76.35873081,1.8,12.8,295,NA,NA,NA,NA,NA,NA,NA,NA,NA,NA,NA,NA,NA,NA,NA,NA,NA,0.51,0.82,8.5,81,1.6,5.75,233,134.5,998.5,191,19.5,13.8,6.9,1.55,0.2,nonwheat_March,nonwheat,Yes,Yes
M22_16S_g02_F05,April,WAKMP,cf_Poa_pratensis,t1p2,p043,M22_1223,Heading,4/19/23,nonwheat,nonwheat,,sample,2,1,5,NA,NA,NA,NA,NA,22.2,35.73445085,-78.70144717,25,16,419,NA,NA,NA,NA,NA,NA,NA,NA,NA,NA,NA,NA,NA,NA,NA,NA,NA,0.34,1.035,8,81,1.5,5.9,330.5,142.5,932.5,178.5,17,17.1,18.6,1.2,0.1,nonwheat_April,nonwheat,Yes,Yes
M22_16S_g03_C07,April,LENVT,cf_Poa_pratensis,t2p2,p017,M22_0175,Heading,4/20/23,nonwheat,nonwheat,,sample,3,1,5,NA,NA,NA,NA,NA,15.2,35.37913073,-77.56057455,21,16.4,335,NA,NA,NA,NA,NA,NA,NA,NA,NA,NA,NA,NA,NA,NA,NA,NA,NA,0.66,1.085,5.45,64,1.45,5.5,68,92.5,554,120.5,19,13.45,2.4,0.65,0.05,nonwheat_April,nonwheat,Yes,Yes
M22_16S_g03_D09,March,ROWVT,cf_Poa_pratensis,t1p3,p006,M22_2131,Jointing,3/15/23,nonwheat,nonwheat,,sample,3,1,5,NA,NA,NA,NA,NA,35.7,35.69656235,-80.62304328,5,11.7,390,NA,NA,NA,NA,NA,NA,NA,NA,NA,NA,NA,NA,NA,NA,NA,NA,NA,0.46,0.79,11.3,85,1.7,6,49,217,1375,267,22,43,9,6.7,0.1,nonwheat_March,nonwheat,Yes,Yes
M22_16S_g03_F04,March,WAKMP,cf_Poa_pratensis,t1p3,p018,M22_2564,Jointing,3/10/23,nonwheat,nonwheat,,sample,3,1,5,NA,NA,NA,NA,NA,19.5,35.7344487,-78.70152033,2,12.7,324,NA,NA,NA,NA,NA,NA,NA,NA,NA,NA,NA,NA,NA,NA,NA,NA,NA,0.36,1.03,5,58,2.1,4.9,181,140,373,85,30,21.7,5.6,0.9,0,nonwheat_March,nonwheat,Yes,Yes
M22_16S_g03_H01,March,WASVT,cf_Poa_pratensis,t1,p049,M22_2657,Jointing,3/27/23,nonwheat,nonwheat,,sample,3,1,0.1,NA,NA,NA,NA,NA,22.4,35.849825,-76.654673,2,13.2,293,NA,NA,NA,NA,NA,NA,NA,NA,NA,NA,NA,NA,NA,NA,NA,NA,NA,2.706666667,0.883333333,12.1,82.33333333,2.133333333,5.9,117.3333333,191.6666667,1248,395,17,2.7,1.4,0.9,0.1,nonwheat_March,nonwheat,Yes,Yes
M22_16S_g04_A06,April,WAKMP,cf_Poa_pratensis,t2p3,p075,M22_1288,Heading,4/19/23,nonwheat,nonwheat,,sample,4,1,5,NA,NA,NA,NA,NA,32.7,35.73417245,-78.70060478,13,16,419,NA,NA,NA,NA,NA,NA,NA,NA,NA,NA,NA,NA,NA,NA,NA,NA,NA,0.56,0.96,7.7,77,1.8,5.7,159,74,878,165,18,11.7,8.6,1.1,0.1,nonwheat_April,nonwheat,Yes,Yes
M22_16S_g04_D10,April,PERVT,cf_Poa_pratensis,t1p4,p007,M22_0331,Heading,5/5/23,nonwheat,nonwheat,,sample,4,1,5,NA,NA,NA,NA,NA,28.4,36.17845578,-76.35887025,13,15.7,361,NA,NA,NA,NA,NA,NA,NA,NA,NA,NA,NA,NA,NA,NA,NA,NA,NA,0.635,0.79,8.4,79.5,1.7,5.5,148,124,961.5,191,15.5,13,6.25,1.35,0.2,nonwheat_April,nonwheat,Yes,Yes
M22_16S_g04_E07,March,PERVT,cf_Poa_pratensis,t1p5,p031,M22_1768,Jointing,3/28/23,nonwheat,nonwheat,,sample,4,1,5,NA,NA,NA,NA,NA,48.5,36.1785315,-76.35863131,0.4,12.8,295,NA,NA,NA,NA,NA,NA,NA,NA,NA,NA,NA,NA,NA,NA,NA,NA,NA,0.36,0.98,9.3,84,1.5,5.7,46,139,943,331,18,8,2.2,0.8,0.2,nonwheat_March,nonwheat,Yes,Yes
M22_16S_g04_G06,March,PERVT,cf_Poa_pratensis,t2p5,p062,M22_1839,Jointing,3/28/23,nonwheat,nonwheat,,sample,4,1,5,NA,NA,NA,NA,NA,29.5,36.1783402,-76.35902931,1.4,12.8,295,NA,NA,NA,NA,NA,NA,NA,NA,NA,NA,NA,NA,NA,NA,NA,NA,NA,0.66,0.81,6.2,65,2.2,4.8,338,101,584,106,26,19.4,8.7,1.5,0.1,nonwheat_March,nonwheat,Yes,Yes
M22_16S_g04_G07,March,UNIVT,cf_Poa_pratensis,t2p2,p024,M22_2336,Jointing,3/20/23,nonwheat,nonwheat,,sample,4,1,5,NA,NA,NA,NA,NA,39.8,34.9503922,-80.42452776,4,13.1,313,NA,NA,NA,NA,NA,NA,NA,NA,NA,NA,NA,NA,NA,NA,NA,NA,NA,0.315,1.025,6.3,66.5,2.1,5.05,25.5,58,672,84,19.5,17.25,1.9,1.75,0.1,nonwheat_March,nonwheat,Yes,Yes
M22_16S_g04_H03,March,ROWVT,cf_Poa_pratensis,t1p2,p004,M22_2125,Jointing,3/15/23,nonwheat,nonwheat,,sample,4,1,5,NA,NA,NA,NA,NA,35.7,35.69651018,-80.62303714,1,11.7,390,NA,NA,NA,NA,NA,NA,NA,NA,NA,NA,NA,NA,NA,NA,NA,NA,NA,0.435,0.795,11.15,85.5,1.6,6.05,45,218.5,1369,262,20,44.95,8.15,7,0.1,nonwheat_March,nonwheat,Yes,Yes
M22_16S_g05_C01,March,UNIVT,cf_Poa_pratensis,t1p3,p036,M22_2296,Jointing,3/20/23,nonwheat,nonwheat,,sample,5,2,5,NA,NA,NA,NA,NA,39.8,34.9507646,-80.4253526,3,13.1,313,NA,NA,NA,NA,NA,NA,NA,NA,NA,NA,NA,NA,NA,NA,NA,NA,NA,0.36,0.92,11.5,83,2,5.5,9,54,1506,231,18,14.8,3.1,2.3,0.6,nonwheat_March,nonwheat,Yes,Yes
M22_16S_g05_C03,March,PERVT,cf_Poa_pratensis,t1p1,p040,M22_1729,Jointing,3/28/23,nonwheat,nonwheat,,sample,5,2,5,NA,NA,NA,NA,NA,48.7,36.1786499,-76.3584573,2.4,12.8,295,NA,NA,NA,NA,NA,NA,NA,NA,NA,NA,NA,NA,NA,NA,NA,NA,NA,0.46,0.95,11,84,1.8,5.7,115,197,1208,321,14,12.3,5.8,1,0.2,nonwheat_March,nonwheat,Yes,Yes
M22_16S_g05_D01,March,UNIVT,cf_Poa_pratensis,t1p2,p037,M22_2287,Jointing,3/20/23,nonwheat,nonwheat,,sample,5,2,5,NA,NA,NA,NA,NA,41.2,34.95088445,-80.42550235,4,13.1,313,NA,NA,NA,NA,NA,NA,NA,NA,NA,NA,NA,NA,NA,NA,NA,NA,NA,0.41,0.88,10.7,77,2.4,5.2,11,59.5,1305,200.5,18.5,22.95,4.8,2.55,0.4,nonwheat_March,nonwheat,Yes,Yes
M22_16S_g05_F06,March,PERVT,cf_Poa_pratensis,t2p3,p065,M22_1804,Jointing,3/28/23,nonwheat,nonwheat,,sample,5,2,5,NA,NA,NA,NA,NA,33,36.17843585,-76.35883031,0.7,12.8,295,NA,NA,NA,NA,NA,NA,NA,NA,NA,NA,NA,NA,NA,NA,NA,NA,NA,0.56,0.83,9,82,1.6,5.8,251,163,1068,199,20,14.6,7.9,1.8,0.2,nonwheat_March,nonwheat,Yes,Yes
M22_16S_g06_H01,March,ROBVT,cf_Poa_pratensis,t2p4,p078,M22_2004,Jointing,3/21/23,nonwheat,nonwheat,,sample,6,2,0.1,NA,NA,NA,NA,NA,21.6,34.51126278,-79.30506968,4,14.7,239,NA,NA,NA,NA,NA,NA,NA,NA,NA,NA,NA,NA,NA,NA,NA,NA,NA,0.41,1.06,7.15,84,1.15,6.15,55.5,207.5,785.5,184,16,6.9,5.35,0.7,0.1,nonwheat_March,nonwheat,Yes,Yes
M22_16S_g06_H06,March,WAKMP,cf_Poa_pratensis,t1p2,p052,M22_2549,Jointing,3/10/23,nonwheat,nonwheat,,sample,6,2,5,NA,NA,NA,NA,NA,21.7,35.73445085,-78.70144717,NA,12.7,324,NA,NA,NA,NA,NA,NA,NA,NA,NA,NA,NA,NA,NA,NA,NA,NA,NA,0.36,1.015,6.65,70,1.8,5.35,253,113.5,675,146.5,29,20.85,12.55,1.1,0.05,nonwheat_March,nonwheat,Yes,Yes
M22_16S_g07_A02,March,UNIVT,cf_Poa_pratensis,t2p1,p030,M22_2328,Jointing,3/20/23,nonwheat,nonwheat,,sample,7,2,5,NA,NA,NA,NA,NA,34.7,34.9504368,-80.4246764,4,13.1,313,NA,NA,NA,NA,NA,NA,NA,NA,NA,NA,NA,NA,NA,NA,NA,NA,NA,0.36,1.05,6.3,68,2,5.1,23,56,678,90,17,16.5,1.9,1.6,0.1,nonwheat_March,nonwheat,Yes,Yes
M22_16S_g07_E02,April,PERVT,cf_Poa_pratensis,t1p3,p005,M22_0325,Heading,5/5/23,nonwheat,nonwheat,,sample,7,2,5,NA,NA,NA,NA,NA,34.2,36.17840985,-76.3588925,15,15.7,361,NA,NA,NA,NA,NA,NA,NA,NA,NA,NA,NA,NA,NA,NA,NA,NA,NA,0.61,0.785,8.65,84.5,1.35,5.85,208,161,1051,198.5,14.5,12.45,13.25,1.8,0.2,nonwheat_April,nonwheat,Yes,Yes
M22_16S_g07_F09,April,WAKMP,cf_Poa_pratensis,t1p3,p050,M22_1237,Heading,4/19/23,nonwheat,nonwheat,,sample,7,2,5,NA,NA,NA,NA,NA,27.5,35.7344487,-78.70152033,15,16,419,NA,NA,NA,NA,NA,NA,NA,NA,NA,NA,NA,NA,NA,NA,NA,NA,NA,0.36,1.05,7.4,78,1.6,5.8,232,118,806,176,16,15.3,17.2,1.1,0.1,nonwheat_April,nonwheat,Yes,Yes
M22_16S_g07_H03,March,UNIVT,cf_Poa_pratensis,t1p2,p038,M22_2288,Jointing,3/20/23,nonwheat,nonwheat,,sample,7,2,5,NA,NA,NA,NA,NA,41.2,34.95088445,-80.42550235,2,13.1,313,NA,NA,NA,NA,NA,NA,NA,NA,NA,NA,NA,NA,NA,NA,NA,NA,NA,0.41,0.88,10.7,77,2.4,5.2,11,59.5,1305,200.5,18.5,22.95,4.8,2.55,0.4,nonwheat_March,nonwheat,Yes,Yes
M22_16S_g07_H04,March,UNIVT,cf_Poa_pratensis,t1p5,p031,M22_2319,Jointing,3/20/23,nonwheat,nonwheat,,sample,7,2,5,NA,NA,NA,NA,NA,42.9,34.9505249,-80.4250531,3,13.1,313,NA,NA,NA,NA,NA,NA,NA,NA,NA,NA,NA,NA,NA,NA,NA,NA,NA,0.41,0.91,10.7,81,2.1,5.4,12,57,1424,166,17,31.4,4.2,3.9,0.4,nonwheat_March,nonwheat,Yes,Yes
M22_16S_g08_B09,March,WAKMP,cf_Poa_pratensis,t1p2,p053,M22_2550,Jointing,3/10/23,nonwheat,nonwheat,,sample,8,2,5,NA,NA,NA,NA,NA,21.7,35.73445085,-78.70144717,NA,12.7,324,NA,NA,NA,NA,NA,NA,NA,NA,NA,NA,NA,NA,NA,NA,NA,NA,NA,0.36,1.015,6.65,70,1.8,5.35,253,113.5,675,146.5,29,20.85,12.55,1.1,0.05,nonwheat_March,nonwheat,Yes,Yes
M22_16S_g08_D02,March,ROWVT,cf_Poa_pratensis,t2p3,p066,M22_2182,Jointing,3/15/23,nonwheat,nonwheat,,sample,8,2,5,NA,NA,NA,NA,NA,24.3,35.69632495,-80.62257361,2,11.7,390,NA,NA,NA,NA,NA,NA,NA,NA,NA,NA,NA,NA,NA,NA,NA,NA,NA,0.41,0.76,8.9,78,2,5.6,60,281,836,244,19,93.6,7.1,3.3,0.1,nonwheat_March,nonwheat,Yes,Yes
M22_16S_g08_H05,March,WASVT,cf_Poa_pratensis,t1,p041,M22_2649,Jointing,3/27/23,nonwheat,nonwheat,,sample,8,2,5,NA,NA,NA,NA,NA,22.4,35.849825,-76.654673,3,13.2,293,NA,NA,NA,NA,NA,NA,NA,NA,NA,NA,NA,NA,NA,NA,NA,NA,NA,2.706666667,0.883333333,12.1,82.33333333,2.133333333,5.9,117.3333333,191.6666667,1248,395,17,2.7,1.4,0.9,0.1,nonwheat_March,nonwheat,Yes,Yes
M22_16S_g09_A07,March,PERVT,cf_Poa_pratensis,t1p2,p038,M22_1739,Jointing,3/28/23,nonwheat,nonwheat,,sample,9,3,5,NA,NA,NA,NA,NA,48.1,36.1786203,-76.3585008,2.9,12.8,295,NA,NA,NA,NA,NA,NA,NA,NA,NA,NA,NA,NA,NA,NA,NA,NA,NA,0.41,0.93,10.05,82.5,1.75,5.7,111.5,167,1105.5,286,15,14.55,5.8,1.05,0.2,nonwheat_March,nonwheat,Yes,Yes
M22_16S_g09_B09,March,WAKMP,cf_Poa_pratensis,t1p2,p006,M22_2536,Jointing,3/10/23,nonwheat,nonwheat,,sample,9,3,5,NA,NA,NA,NA,NA,21.7,35.73445085,-78.70144717,2,12.7,324,NA,NA,NA,NA,NA,NA,NA,NA,NA,NA,NA,NA,NA,NA,NA,NA,NA,0.36,1.015,6.65,70,1.8,5.35,253,113.5,675,146.5,29,20.85,12.55,1.1,0.05,nonwheat_March,nonwheat,Yes,Yes
M22_16S_g09_B11,April,LENVT,cf_Poa_pratensis,t2p3,p015,M22_0183,Heading,4/20/23,nonwheat,nonwheat,,sample,9,3,5,NA,NA,NA,NA,NA,20.1,35.37909985,-77.5604651,27,16.4,335,NA,NA,NA,NA,NA,NA,NA,NA,NA,NA,NA,NA,NA,NA,NA,NA,NA,0.66,1.14,3.2,41,1.9,4.7,76,75,180,25,19,13.8,2.4,0.5,0,nonwheat_April,nonwheat,Yes,Yes
M22_16S_g09_C04,April,PERVT,cf_Poa_pratensis,t1p3,p006,M22_0326,Heading,5/5/23,nonwheat,nonwheat,,sample,9,3,5,NA,NA,NA,NA,NA,34.2,36.17840985,-76.3588925,11,15.7,361,NA,NA,NA,NA,NA,NA,NA,NA,NA,NA,NA,NA,NA,NA,NA,NA,NA,0.71,0.78,9,82,1.6,5.6,168,137,1050,214,16,10.8,5.9,1.6,0.2,nonwheat_April,nonwheat,Yes,Yes
M22_16S_g09_D10,March,UNIVT,cf_Poa_pratensis,t2p3,p022,M22_2344,Jointing,3/20/23,nonwheat,nonwheat,,sample,9,3,5,NA,NA,NA,NA,NA,36,34.9503476,-80.42437912,1,13.1,313,NA,NA,NA,NA,NA,NA,NA,NA,NA,NA,NA,NA,NA,NA,NA,NA,NA,0.27,1,6.3,65,2.2,5,28,60,666,78,22,18,1.9,1.9,0.1,nonwheat_March,nonwheat,Yes,Yes
M22_16S_g09_F04,March,ROBVT,cf_Poa_pratensis,t2p2,p074,M22_1990,Jointing,3/21/23,nonwheat,nonwheat,,sample,9,3,5,NA,NA,NA,NA,NA,26.2,34.51107213,-79.30504803,4,14.7,239,NA,NA,NA,NA,NA,NA,NA,NA,NA,NA,NA,NA,NA,NA,NA,NA,NA,0.41,1.07,7.55,88,0.85,6.4,53.5,206,879,208.5,15.5,7.3,7.3,0.75,0.1,nonwheat_March,nonwheat,Yes,Yes
M22_16S_g09_G01,March,WASVT,cf_Poa_pratensis,t1,p048,M22_2656,Jointing,3/27/23,nonwheat,nonwheat,,sample,9,3,0.29,NA,NA,NA,NA,NA,22.4,35.849825,-76.654673,1,13.2,293,NA,NA,NA,NA,NA,NA,NA,NA,NA,NA,NA,NA,NA,NA,NA,NA,NA,2.706666667,0.883333333,12.1,82.33333333,2.133333333,5.9,117.3333333,191.6666667,1248,395,17,2.7,1.4,0.9,0.1,nonwheat_March,nonwheat,Yes,Yes
M22_16S_g09_G03,March,ROWVT,cf_Poa_pratensis,t2p2,p063,M22_2167,Jointing,3/15/23,nonwheat,nonwheat,,sample,9,3,5,NA,NA,NA,NA,NA,25.8,35.69632898,-80.62269331,3,11.7,390,NA,NA,NA,NA,NA,NA,NA,NA,NA,NA,NA,NA,NA,NA,NA,NA,NA,0.46,0.79,8.7,76.5,2.1,5.5,51.5,214.5,835,229.5,19.5,92.1,5.35,3.55,0.1,nonwheat_March,nonwheat,Yes,Yes
M22_16S_g09_G05,March,ROWVT,cf_Poa_pratensis,t1p3,p005,M22_2130,Jointing,3/15/23,nonwheat,nonwheat,,sample,9,3,5,NA,NA,NA,NA,NA,35.7,35.69656235,-80.62304328,3,11.7,390,NA,NA,NA,NA,NA,NA,NA,NA,NA,NA,NA,NA,NA,NA,NA,NA,NA,0.46,0.79,11.3,85,1.7,6,49,217,1375,267,22,43,9,6.7,0.1,nonwheat_March,nonwheat,Yes,Yes
M22_16S_g10_B12,March,ROWVT,cf_Poa_pratensis,t1p2,p003,M22_2124,Jointing,3/15/23,nonwheat,nonwheat,,sample,10,3,5,NA,NA,NA,NA,NA,35.7,35.69651018,-80.62303714,3,11.7,390,NA,NA,NA,NA,NA,NA,NA,NA,NA,NA,NA,NA,NA,NA,NA,NA,NA,0.435,0.795,11.15,85.5,1.6,6.05,45,218.5,1369,262,20,44.95,8.15,7,0.1,nonwheat_March,nonwheat,Yes,Yes
M22_16S_g10_D11,April,WAKMP,cf_Poa_pratensis,t1p3,p048,M22_1235,Heading,4/19/23,nonwheat,nonwheat,,sample,10,3,5,NA,NA,NA,NA,NA,27.5,35.7344487,-78.70152033,20,16,419,NA,NA,NA,NA,NA,NA,NA,NA,NA,NA,NA,NA,NA,NA,NA,NA,NA,0.36,1.05,7.4,78,1.6,5.8,232,118,806,176,16,15.3,17.2,1.1,0.1,nonwheat_April,nonwheat,Yes,Yes
M22_16S_g10_E02,March,WAKMP,cf_Poa_pratensis,t1p3,p011,M22_2558,Jointing,3/10/23,nonwheat,nonwheat,,sample,10,3,5,NA,NA,NA,NA,NA,19.5,35.7344487,-78.70152033,1,12.7,324,NA,NA,NA,NA,NA,NA,NA,NA,NA,NA,NA,NA,NA,NA,NA,NA,NA,0.36,1.03,5,58,2.1,4.9,181,140,373,85,30,21.7,5.6,0.9,0,nonwheat_March,nonwheat,Yes,Yes
M22_16S_g10_E05,March,ROWVT,cf_Poa_pratensis,t1p5,p010,M22_2146,Jointing,3/15/23,nonwheat,nonwheat,,sample,10,3,5,NA,NA,NA,NA,NA,36.5,35.6966667,-80.62305556,3,11.7,390,NA,NA,NA,NA,NA,NA,NA,NA,NA,NA,NA,NA,NA,NA,NA,NA,NA,0.36,0.87,8.8,81,1.6,5.9,25,197,913,260,15,130,4.6,5.2,0.1,nonwheat_March,nonwheat,Yes,Yes
M22_16S_g10_F08,April,WAKMP,cf_Poa_pratensis,t2p3,p077,M22_1290,Heading,4/19/23,nonwheat,nonwheat,,sample,10,3,5,NA,NA,NA,NA,NA,32.7,35.73417245,-78.70060478,14,16,419,NA,NA,NA,NA,NA,NA,NA,NA,NA,NA,NA,NA,NA,NA,NA,NA,NA,0.56,0.96,7.7,77,1.8,5.7,159,74,878,165,18,11.7,8.6,1.1,0.1,nonwheat_April,nonwheat,Yes,Yes
M22_16S_g11_A04,April,LENVT,cf_Poa_pratensis,t2p1,p020,M22_0168,Heading,4/20/23,nonwheat,nonwheat,,sample,11,3,5,NA,NA,NA,NA,NA,12.2,35.3791616,-77.560684,24,16.4,335,NA,NA,NA,NA,NA,NA,NA,NA,NA,NA,NA,NA,NA,NA,NA,NA,NA,0.66,1.03,7.7,87,1,6.3,60,110,928,216,19,13.1,2.4,0.8,0.1,nonwheat_April,nonwheat,Yes,Yes
M22_16S_g11_D06,March,UNIVT,cf_Poa_pratensis,t1p4,p034,M22_2312,Jointing,3/20/23,nonwheat,nonwheat,,sample,11,3,5,NA,NA,NA,NA,NA,35.3,34.95064475,-80.42520285,2,13.1,313,NA,NA,NA,NA,NA,NA,NA,NA,NA,NA,NA,NA,NA,NA,NA,NA,NA,0.385,0.915,11.1,82,2.05,5.45,10.5,55.5,1465,198.5,17.5,23.1,3.65,3.1,0.5,nonwheat_March,nonwheat,Yes,Yes
M22_16S_g11_G07,March,UNIVT,cf_Poa_pratensis,t2p4,p020,M22_2351,Jointing,3/20/23,nonwheat,nonwheat,,sample,11,3,5,NA,NA,NA,NA,NA,33.3,34.950303,-80.42423048,2,13.1,313,NA,NA,NA,NA,NA,NA,NA,NA,NA,NA,NA,NA,NA,NA,NA,NA,NA,0.245,1.06,5.95,65,2.1,5,19.5,50,622.5,77.5,24.5,20.45,1.5,1.95,0.1,nonwheat_March,nonwheat,Yes,Yes
M22_16S_g11_H05,March,ROBVT,cf_Poa_pratensis,t2p3,p075,M22_1996,Jointing,3/21/23,nonwheat,nonwheat,,sample,11,3,5,NA,NA,NA,NA,NA,23.3,34.51116745,-79.30505885,4,14.7,239,NA,NA,NA,NA,NA,NA,NA,NA,NA,NA,NA,NA,NA,NA,NA,NA,NA,0.41,1.12,6.8,86,0.9,6.3,53,182,797,168,15,6.4,5.6,0.8,0.1,nonwheat_March,nonwheat,Yes,Yes
M22_16S_g12_C10,March,ROBVT,cf_Poa_pratensis,t2p5,p080,M22_2017,Jointing,3/21/23,nonwheat,nonwheat,,sample,12,3,5,NA,NA,NA,NA,NA,25.8,34.5113581,-79.3050805,6,14.7,239,NA,NA,NA,NA,NA,NA,NA,NA,NA,NA,NA,NA,NA,NA,NA,NA,NA,0.41,1,7.5,82,1.4,6,58,233,774,200,17,7.4,5.1,0.6,0.1,nonwheat_March,nonwheat,Yes,Yes
M22_16S_g12_D02,March,PERVT,cf_Poa_pratensis,t1p3,p035,M22_1748,Jointing,3/28/23,nonwheat,nonwheat,,sample,12,3,5,NA,NA,NA,NA,NA,53.6,36.1785907,-76.35854431,2.3,12.8,295,NA,NA,NA,NA,NA,NA,NA,NA,NA,NA,NA,NA,NA,NA,NA,NA,NA,0.36,0.91,9.1,81,1.7,5.7,108,137,1003,251,16,16.8,5.8,1.1,0.2,nonwheat_March,nonwheat,Yes,Yes
M22_16S_g13_C10,March,UNIVT,cf_Poa_pratensis,t1p4,p033,M22_2311,Jointing,3/20/23,nonwheat,nonwheat,,sample,13,4,5,NA,NA,NA,NA,NA,35.3,34.95064475,-80.42520285,5,13.1,313,NA,NA,NA,NA,NA,NA,NA,NA,NA,NA,NA,NA,NA,NA,NA,NA,NA,0.385,0.915,11.1,82,2.05,5.45,10.5,55.5,1465,198.5,17.5,23.1,3.65,3.1,0.5,nonwheat_March,nonwheat,Yes,Yes
M22_16S_g13_D07,March,ROWVT,cf_Poa_pratensis,t1p5,p009,M22_2145,Jointing,3/15/23,nonwheat,nonwheat,,sample,13,4,5,NA,NA,NA,NA,NA,36.5,35.6966667,-80.62305556,2,11.7,390,NA,NA,NA,NA,NA,NA,NA,NA,NA,NA,NA,NA,NA,NA,NA,NA,NA,0.36,0.87,8.8,81,1.6,5.9,25,197,913,260,15,130,4.6,5.2,0.1,nonwheat_March,nonwheat,Yes,Yes
M22_16S_g13_D09,April,WAKMP,cf_Poa_pratensis,t1p2,p042,M22_1222,Heading,4/19/23,nonwheat,nonwheat,,sample,13,4,5,NA,NA,NA,NA,NA,22.2,35.73445085,-78.70144717,20,16,419,NA,NA,NA,NA,NA,NA,NA,NA,NA,NA,NA,NA,NA,NA,NA,NA,NA,0.34,1.035,8,81,1.5,5.9,330.5,142.5,932.5,178.5,17,17.1,18.6,1.2,0.1,nonwheat_April,nonwheat,Yes,Yes
M22_16S_g13_E09,March,ROWVT,cf_Poa_pratensis,t1p4,p008,M22_2138,Jointing,3/15/23,nonwheat,nonwheat,,sample,13,4,5,NA,NA,NA,NA,NA,39,35.69661453,-80.62304942,2,11.7,390,NA,NA,NA,NA,NA,NA,NA,NA,NA,NA,NA,NA,NA,NA,NA,NA,NA,0.41,0.83,10.05,83,1.65,5.95,37,207,1144,263.5,18.5,86.5,6.8,5.95,0.1,nonwheat_March,nonwheat,Yes,Yes
M22_16S_g13_E10,March,PERVT,cf_Poa_pratensis,t1p2,p037,M22_1738,Jointing,3/28/23,nonwheat,nonwheat,,sample,13,4,5,NA,NA,NA,NA,NA,48.1,36.1786203,-76.3585008,3.4,12.8,295,NA,NA,NA,NA,NA,NA,NA,NA,NA,NA,NA,NA,NA,NA,NA,NA,NA,0.41,0.93,10.05,82.5,1.75,5.7,111.5,167,1105.5,286,15,14.55,5.8,1.05,0.2,nonwheat_March,nonwheat,Yes,Yes
M22_16S_g13_H08,April,WAKMP,cf_Poa_pratensis,t2p2,p074,M22_1278,Heading,4/19/23,nonwheat,nonwheat,,sample,13,4,5,NA,NA,NA,NA,NA,36,35.73431423,-78.70062939,10,16,419,NA,NA,NA,NA,NA,NA,NA,NA,NA,NA,NA,NA,NA,NA,NA,NA,NA,0.635,0.99,6.85,73.5,1.8,5.6,137,59,762,137.5,16.5,10.95,7.15,0.85,0.1,nonwheat_April,nonwheat,Yes,Yes
M22_16S_g14_D02,March,WASVT,cf_Poa_pratensis,t1,p050,M22_2658,Jointing,3/27/23,nonwheat,nonwheat,,sample,14,4,5,NA,NA,NA,NA,NA,22.4,35.849825,-76.654673,2,13.2,293,NA,NA,NA,NA,NA,NA,NA,NA,NA,NA,NA,NA,NA,NA,NA,NA,NA,2.706666667,0.883333333,12.1,82.33333333,2.133333333,5.9,117.3333333,191.6666667,1248,395,17,2.7,1.4,0.9,0.1,nonwheat_March,nonwheat,Yes,Yes
M22_16S_g14_E07,March,UNIVT,cf_Poa_pratensis,t1p5,p032,M22_2320,Jointing,3/20/23,nonwheat,nonwheat,,sample,14,4,5,NA,NA,NA,NA,NA,42.9,34.9505249,-80.4250531,1,13.1,313,NA,NA,NA,NA,NA,NA,NA,NA,NA,NA,NA,NA,NA,NA,NA,NA,NA,0.41,0.91,10.7,81,2.1,5.4,12,57,1424,166,17,31.4,4.2,3.9,0.4,nonwheat_March,nonwheat,Yes,Yes
M22_16S_g14_F05,March,UNIVT,cf_Poa_pratensis,t2p1,p029,M22_2327,Jointing,3/20/23,nonwheat,nonwheat,,sample,14,4,5,NA,NA,NA,NA,NA,34.7,34.9504368,-80.4246764,4,13.1,313,NA,NA,NA,NA,NA,NA,NA,NA,NA,NA,NA,NA,NA,NA,NA,NA,NA,0.36,1.05,6.3,68,2,5.1,23,56,678,90,17,16.5,1.9,1.6,0.1,nonwheat_March,nonwheat,Yes,Yes
M22_16S_g15_A09,March,UNIVT,cf_Poa_pratensis,t1p3,p035,M22_2295,Jointing,3/20/23,nonwheat,nonwheat,,sample,15,4,5,NA,NA,NA,NA,NA,39.8,34.9507646,-80.4253526,2,13.1,313,NA,NA,NA,NA,NA,NA,NA,NA,NA,NA,NA,NA,NA,NA,NA,NA,NA,0.36,0.92,11.5,83,2,5.5,9,54,1506,231,18,14.8,3.1,2.3,0.6,nonwheat_March,nonwheat,Yes,Yes
M22_16S_g15_A11,April,LENVT,cf_Poa_pratensis,t2p5,p011,M22_0207,Heading,4/20/23,nonwheat,nonwheat,,sample,15,4,5,NA,NA,NA,NA,NA,21.8,35.3790381,-77.5602462,29,16.4,335,NA,NA,NA,NA,NA,NA,NA,NA,NA,NA,NA,NA,NA,NA,NA,NA,NA,0.56,1.02,3.8,49,2,4.9,71,70,238,62,18,31.9,4.4,0.6,0.1,nonwheat_April,nonwheat,Yes,Yes
M22_16S_g15_C07,March,UNIVT,cf_Poa_pratensis,t2p5,p028,M22_2359,Jointing,3/20/23,nonwheat,nonwheat,,sample,15,4,5,NA,NA,NA,NA,NA,38,34.9502584,-80.42408184,3,13.1,313,NA,NA,NA,NA,NA,NA,NA,NA,NA,NA,NA,NA,NA,NA,NA,NA,NA,0.22,1.12,5.6,65,2,5,11,40,579,77,27,22.9,1.1,2,0.1,nonwheat_March,nonwheat,Yes,Yes
M22_16S_g15_D10,March,PERVT,cf_Poa_pratensis,t1p1,p039,M22_1720,Jointing,3/28/23,nonwheat,nonwheat,,sample,15,4,5,NA,NA,NA,NA,NA,48.7,36.1786499,-76.3584573,2.1,12.8,295,NA,NA,NA,NA,NA,NA,NA,NA,NA,NA,NA,NA,NA,NA,NA,NA,NA,0.46,0.95,11,84,1.8,5.7,115,197,1208,321,14,12.3,5.8,1,0.2,nonwheat_March,nonwheat,Yes,Yes
M22_16S_g15_H12,April,LENVT,cf_Poa_pratensis,t2p3,p016,M22_0184,Heading,4/20/23,nonwheat,nonwheat,,sample,15,4,5,NA,NA,NA,NA,NA,20.1,35.37909985,-77.5604651,31,16.4,335,NA,NA,NA,NA,NA,NA,NA,NA,NA,NA,NA,NA,NA,NA,NA,NA,NA,0.66,1.14,3.2,41,1.9,4.7,76,75,180,25,19,13.8,2.4,0.5,0,nonwheat_April,nonwheat,Yes,Yes
M22_16S_g16_C04,April,LENVT,cf_Poa_pratensis,t2p4,p013,M22_0199,Heading,4/20/23,nonwheat,nonwheat,,sample,16,4,5,NA,NA,NA,NA,NA,22.4,35.37906898,-77.56035565,11,16.4,335,NA,NA,NA,NA,NA,NA,NA,NA,NA,NA,NA,NA,NA,NA,NA,NA,NA,0.61,1.08,3.5,45,1.95,4.8,73.5,72.5,209,43.5,18.5,22.85,3.4,0.55,0.05,nonwheat_April,nonwheat,Yes,Yes
M22_16S_g16_C08,April,LENVT,cf_Poa_pratensis,t2p5,p012,M22_0208,Heading,4/20/23,nonwheat,nonwheat,,sample,16,4,5,NA,NA,NA,NA,NA,21.8,35.3790381,-77.5602462,18,16.4,335,NA,NA,NA,NA,NA,NA,NA,NA,NA,NA,NA,NA,NA,NA,NA,NA,NA,0.56,1.02,3.8,49,2,4.9,71,70,238,62,18,31.9,4.4,0.6,0.1,nonwheat_April,nonwheat,Yes,Yes
M22_16S_g17_C04,March,ROBVT,cf_Poa_pratensis,t2p3,p076,M22_1997,Jointing,3/21/23,nonwheat,nonwheat,,sample,17,5,5,NA,NA,NA,NA,NA,23.3,34.51116745,-79.30505885,3,14.7,239,NA,NA,NA,NA,NA,NA,NA,NA,NA,NA,NA,NA,NA,NA,NA,NA,NA,0.41,1.12,6.8,86,0.9,6.3,53,182,797,168,15,6.4,5.6,0.8,0.1,nonwheat_March,nonwheat,Yes,Yes
M22_16S_g17_C05,March,ROWVT,cf_Poa_pratensis,t1p1,p001,M22_2118,Jointing,3/15/23,nonwheat,nonwheat,,sample,17,5,5,NA,NA,NA,NA,NA,38.2,35.696458,-80.623031,3,11.7,390,NA,NA,NA,NA,NA,NA,NA,NA,NA,NA,NA,NA,NA,NA,NA,NA,NA,0.41,0.8,11,86,1.5,6.1,41,220,1363,257,18,46.9,7.3,7.3,0.1,nonwheat_March,nonwheat,Yes,Yes
M22_16S_g17_E08,April,LENVT,cf_Poa_pratensis,t2p2,p018,M22_0176,Heading,4/20/23,nonwheat,nonwheat,,sample,17,5,5,NA,NA,NA,NA,NA,15.2,35.37913073,-77.56057455,24,16.4,335,NA,NA,NA,NA,NA,NA,NA,NA,NA,NA,NA,NA,NA,NA,NA,NA,NA,0.66,1.085,5.45,64,1.45,5.5,68,92.5,554,120.5,19,13.45,2.4,0.65,0.05,nonwheat_April,nonwheat,Yes,Yes
M22_16S_g17_G09,April,PERVT,cf_Poa_pratensis,t1p5,p010,M22_0348,Heading,5/5/23,nonwheat,nonwheat,,sample,17,5,5,NA,NA,NA,NA,NA,25.8,36.1785017,-76.358848,10,15.7,361,NA,NA,NA,NA,NA,NA,NA,NA,NA,NA,NA,NA,NA,NA,NA,NA,NA,0.56,0.8,7.8,77,1.8,5.4,128,111,873,168,15,15.2,6.6,1.1,0.2,nonwheat_April,nonwheat,Yes,Yes
M22_16S_g17_G10,March,ROWVT,cf_Poa_pratensis,t1p4,p007,M22_2137,Jointing,3/15/23,nonwheat,nonwheat,,sample,17,5,5,NA,NA,NA,NA,NA,39,35.69661453,-80.62304942,4,11.7,390,NA,NA,NA,NA,NA,NA,NA,NA,NA,NA,NA,NA,NA,NA,NA,NA,NA,0.41,0.83,10.05,83,1.65,5.95,37,207,1144,263.5,18.5,86.5,6.8,5.95,0.1,nonwheat_March,nonwheat,Yes,Yes
M22_16S_g17_H11,March,WASVT,cf_Poa_pratensis,t1,p043,M22_2651,Jointing,3/27/23,nonwheat,nonwheat,,sample,17,5,5,NA,NA,NA,NA,NA,22.4,35.849825,-76.654673,1,13.2,293,NA,NA,NA,NA,NA,NA,NA,NA,NA,NA,NA,NA,NA,NA,NA,NA,NA,2.706666667,0.883333333,12.1,82.33333333,2.133333333,5.9,117.3333333,191.6666667,1248,395,17,2.7,1.4,0.9,0.1,nonwheat_March,nonwheat,Yes,Yes
M22_16S_g18_B02,March,PERVT,cf_Poa_pratensis,t2p5,p061,M22_1838,Jointing,3/28/23,nonwheat,nonwheat,,sample,18,5,5,NA,NA,NA,NA,NA,29.5,36.1783402,-76.35902931,3.3,12.8,295,NA,NA,NA,NA,NA,NA,NA,NA,NA,NA,NA,NA,NA,NA,NA,NA,NA,0.66,0.81,6.2,65,2.2,4.8,338,101,584,106,26,19.4,8.7,1.5,0.1,nonwheat_March,nonwheat,Yes,Yes
M22_16S_g18_C06,March,UNIVT,cf_Poa_pratensis,t2p3,p021,M22_2343,Jointing,3/20/23,nonwheat,nonwheat,,sample,18,5,5,NA,NA,NA,NA,NA,36,34.9503476,-80.42437912,3,13.1,313,NA,NA,NA,NA,NA,NA,NA,NA,NA,NA,NA,NA,NA,NA,NA,NA,NA,0.27,1,6.3,65,2.2,5,28,60,666,78,22,18,1.9,1.9,0.1,nonwheat_March,nonwheat,Yes,Yes
M22_16S_g19_A10,March,PERVT,cf_Poa_pratensis,t2p4,p064,M22_1827,Jointing,3/28/23,nonwheat,nonwheat,,sample,19,5,5,NA,NA,NA,NA,NA,38.3,36.17838803,-76.35892981,1.4,12.8,295,NA,NA,NA,NA,NA,NA,NA,NA,NA,NA,NA,NA,NA,NA,NA,NA,NA,0.61,0.82,7.6,73.5,1.9,5.3,294.5,132,826,152.5,23,17,8.3,1.65,0.15,nonwheat_March,nonwheat,Yes,Yes
M22_16S_g19_C06,March,ROWVT,cf_Poa_pratensis,t2p5,p070,M22_2194,Jointing,3/15/23,nonwheat,nonwheat,,sample,19,5,5,NA,NA,NA,NA,NA,24.1,35.6963169,-80.62233422,3,11.7,390,NA,NA,NA,NA,NA,NA,NA,NA,NA,NA,NA,NA,NA,NA,NA,NA,NA,0.46,0.72,9.2,79,2,5.6,68,200,957,237,17,111.5,7.6,3.5,0.1,nonwheat_March,nonwheat,Yes,Yes
M22_16S_g19_C09,March,WAKMP,cf_Poa_pratensis,t1p1,p048,M22_2533,Jointing,3/10/23,nonwheat,nonwheat,,sample,19,5,5,NA,NA,NA,NA,NA,26.3,35.734453,-78.701374,3,12.7,324,NA,NA,NA,NA,NA,NA,NA,NA,NA,NA,NA,NA,NA,NA,NA,NA,NA,0.36,1,8.3,82,1.5,5.8,325,87,977,208,28,20,19.5,1.3,0.1,nonwheat_March,nonwheat,Yes,Yes
M22_16S_g19_E12,March,PERVT,cf_Poa_pratensis,t1p4,p033,M22_1758,Jointing,3/28/23,nonwheat,nonwheat,,sample,19,5,5,NA,NA,NA,NA,NA,40.6,36.1785611,-76.35858781,2,12.8,295,NA,NA,NA,NA,NA,NA,NA,NA,NA,NA,NA,NA,NA,NA,NA,NA,NA,0.36,0.945,9.2,82.5,1.6,5.7,77,138,973,291,17,12.4,4,0.95,0.2,nonwheat_March,nonwheat,Yes,Yes
M22_16S_g19_F02,March,PERVT,cf_Poa_pratensis,t2p2,p067,M22_1792,Jointing,3/28/23,nonwheat,nonwheat,,sample,19,5,5,NA,NA,NA,NA,NA,40.5,36.17848368,-76.35873081,1.6,12.8,295,NA,NA,NA,NA,NA,NA,NA,NA,NA,NA,NA,NA,NA,NA,NA,NA,NA,0.51,0.82,8.5,81,1.6,5.75,233,134.5,998.5,191,19.5,13.8,6.9,1.55,0.2,nonwheat_March,nonwheat,Yes,Yes
M22_16S_g19_F09,March,WAKMP,cf_Poa_pratensis,t1p1,p049,M22_2534,Jointing,3/10/23,nonwheat,nonwheat,,sample,19,5,5,NA,NA,NA,NA,NA,26.3,35.734453,-78.701374,4,12.7,324,NA,NA,NA,NA,NA,NA,NA,NA,NA,NA,NA,NA,NA,NA,NA,NA,NA,0.36,1,8.3,82,1.5,5.8,325,87,977,208,28,20,19.5,1.3,0.1,nonwheat_March,nonwheat,Yes,Yes
M22_16S_g19_H10,March,WAKMP,cf_Poa_pratensis,t1p1,p050,M22_2535,Jointing,3/10/23,nonwheat,nonwheat,,sample,19,5,5,NA,NA,NA,NA,NA,26.3,35.734453,-78.701374,3,12.7,324,NA,NA,NA,NA,NA,NA,NA,NA,NA,NA,NA,NA,NA,NA,NA,NA,NA,0.36,1,8.3,82,1.5,5.8,325,87,977,208,28,20,19.5,1.3,0.1,nonwheat_March,nonwheat,Yes,Yes
M22_16S_g20_A05,April,WAKMP,cf_Poa_pratensis,t1p3,p047,M22_1234,Heading,4/19/23,nonwheat,nonwheat,,sample,20,5,5,NA,NA,NA,NA,NA,27.5,35.7344487,-78.70152033,20,16,419,NA,NA,NA,NA,NA,NA,NA,NA,NA,NA,NA,NA,NA,NA,NA,NA,NA,0.36,1.05,7.4,78,1.6,5.8,232,118,806,176,16,15.3,17.2,1.1,0.1,nonwheat_April,nonwheat,Yes,Yes
M22_16S_g20_B04,April,PERVT,cf_Poa_pratensis,t1p1,p001,M22_0297,Heading,5/5/23,nonwheat,nonwheat,,sample,20,5,5,NA,NA,NA,NA,NA,31.9,36.178318,-76.358937,20,15.7,361,NA,NA,NA,NA,NA,NA,NA,NA,NA,NA,NA,NA,NA,NA,NA,NA,NA,0.51,0.79,8.3,87,1.1,6.1,248,185,1052,183,13,14.1,20.6,2,0.2,nonwheat_April,nonwheat,Yes,Yes
M22_16S_g20_B12,March,ROWVT,cf_Poa_pratensis,t2p5,p069,M22_2193,Jointing,3/15/23,nonwheat,nonwheat,,sample,20,5,5,NA,NA,NA,NA,NA,24.1,35.6963169,-80.62233422,2,11.7,390,NA,NA,NA,NA,NA,NA,NA,NA,NA,NA,NA,NA,NA,NA,NA,NA,NA,0.46,0.72,9.2,79,2,5.6,68,200,957,237,17,111.5,7.6,3.5,0.1,nonwheat_March,nonwheat,Yes,Yes
M22_16S_g20_D04,April,WAKMP,cf_Poa_pratensis,t2p1,p073,M22_1269,Heading,4/19/23,nonwheat,nonwheat,,sample,20,5,5,NA,NA,NA,NA,NA,37.3,35.734456,-78.700654,16,16,419,NA,NA,NA,NA,NA,NA,NA,NA,NA,NA,NA,NA,NA,NA,NA,NA,NA,0.71,1.02,6,70,1.8,5.5,115,44,646,110,15,10.2,5.7,0.6,0.1,nonwheat_April,nonwheat,Yes,Yes
M22_16S_g20_D09,April,WAKMP,cf_Poa_pratensis,t2p5,p080,M22_1305,Heading,4/19/23,nonwheat,nonwheat,,sample,20,5,5,NA,NA,NA,NA,NA,28.8,35.7338889,-78.70055556,10,16,419,NA,NA,NA,NA,NA,NA,NA,NA,NA,NA,NA,NA,NA,NA,NA,NA,NA,0.6,1.07,7.6,75,1.9,5.5,202,100,847,143,17,10.9,7.3,1,0.1,nonwheat_April,nonwheat,Yes,Yes
M22_16S_g21_C11,March,ROBVT,cf_Poa_pratensis,t2p5,p079,M22_2008,Jointing,3/21/23,nonwheat,nonwheat,,sample,21,6,5,NA,NA,NA,NA,NA,25.8,34.5113581,-79.3050805,3,14.7,239,NA,NA,NA,NA,NA,NA,NA,NA,NA,NA,NA,NA,NA,NA,NA,NA,NA,0.41,1,7.5,82,1.4,6,58,233,774,200,17,7.4,5.1,0.6,0.1,nonwheat_March,nonwheat,Yes,Yes
M22_16S_g21_D04,March,ROWVT,cf_Poa_pratensis,t2p3,p065,M22_2181,Jointing,3/15/23,nonwheat,nonwheat,,sample,21,6,5,NA,NA,NA,NA,NA,24.3,35.69632495,-80.62257361,3,11.7,390,NA,NA,NA,NA,NA,NA,NA,NA,NA,NA,NA,NA,NA,NA,NA,NA,NA,0.41,0.76,8.9,78,2,5.6,60,281,836,244,19,93.6,7.1,3.3,0.1,nonwheat_March,nonwheat,Yes,Yes
M22_16S_g21_E05,March,ROWVT,cf_Poa_pratensis,t2p4,p067,M22_2185,Jointing,3/15/23,nonwheat,nonwheat,,sample,21,6,5,NA,NA,NA,NA,NA,16.8,35.69632093,-80.62245392,2,11.7,390,NA,NA,NA,NA,NA,NA,NA,NA,NA,NA,NA,NA,NA,NA,NA,NA,NA,0.435,0.74,9.05,78.5,2,5.6,64,240.5,896.5,240.5,18,102.55,7.35,3.4,0.1,nonwheat_March,nonwheat,Yes,Yes
M22_16S_g21_F12,March,PERVT,cf_Poa_pratensis,t1p3,p036,M22_1749,Jointing,3/28/23,nonwheat,nonwheat,,sample,21,6,5,NA,NA,NA,NA,NA,53.6,36.1785907,-76.35854431,3,12.8,295,NA,NA,NA,NA,NA,NA,NA,NA,NA,NA,NA,NA,NA,NA,NA,NA,NA,0.36,0.91,9.1,81,1.7,5.7,108,137,1003,251,16,16.8,5.8,1.1,0.2,nonwheat_March,nonwheat,Yes,Yes
M22_16S_g22_A06,April,WAKMP,cf_Poa_pratensis,t1p3,p045,M22_1232,Heading,4/19/23,nonwheat,nonwheat,,sample,22,6,5,NA,NA,NA,NA,NA,27.5,35.7344487,-78.70152033,15,16,419,NA,NA,NA,NA,NA,NA,NA,NA,NA,NA,NA,NA,NA,NA,NA,NA,NA,0.36,1.05,7.4,78,1.6,5.8,232,118,806,176,16,15.3,17.2,1.1,0.1,nonwheat_April,nonwheat,Yes,Yes
M22_16S_g22_C05,April,WAKMP,cf_Poa_pratensis,t2p1,p071,M22_1267,Heading,4/19/23,nonwheat,nonwheat,,sample,22,6,5,NA,NA,NA,NA,NA,37.3,35.734456,-78.700654,18,16,419,NA,NA,NA,NA,NA,NA,NA,NA,NA,NA,NA,NA,NA,NA,NA,NA,NA,0.71,1.02,6,70,1.8,5.5,115,44,646,110,15,10.2,5.7,0.6,0.1,nonwheat_April,nonwheat,Yes,Yes
M22_16S_g22_D01,April,WAKMP,cf_Poa_pratensis,t2p3,p078,M22_1291,Heading,4/19/23,nonwheat,nonwheat,,sample,22,6,5,NA,NA,NA,NA,NA,32.7,35.73417245,-78.70060478,14,16,419,NA,NA,NA,NA,NA,NA,NA,NA,NA,NA,NA,NA,NA,NA,NA,NA,NA,0.56,0.96,7.7,77,1.8,5.7,159,74,878,165,18,11.7,8.6,1.1,0.1,nonwheat_April,nonwheat,Yes,Yes
M22_16S_g22_E11,April,WAKMP,cf_Poa_pratensis,t1p3,p046,M22_1233,Heading,4/19/23,nonwheat,nonwheat,,sample,22,6,5,NA,NA,NA,NA,NA,27.5,35.7344487,-78.70152033,12,16,419,NA,NA,NA,NA,NA,NA,NA,NA,NA,NA,NA,NA,NA,NA,NA,NA,NA,0.36,1.05,7.4,78,1.6,5.8,232,118,806,176,16,15.3,17.2,1.1,0.1,nonwheat_April,nonwheat,Yes,Yes
M22_16S_g22_F03,April,WAKMP,cf_Poa_pratensis,t1p3,p049,M22_1236,Heading,4/19/23,nonwheat,nonwheat,,sample,22,6,5,NA,NA,NA,NA,NA,27.5,35.7344487,-78.70152033,18,16,419,NA,NA,NA,NA,NA,NA,NA,NA,NA,NA,NA,NA,NA,NA,NA,NA,NA,0.36,1.05,7.4,78,1.6,5.8,232,118,806,176,16,15.3,17.2,1.1,0.1,nonwheat_April,nonwheat,Yes,Yes
M22_16S_g23_A03,March,ROWVT,cf_Poa_pratensis,t2p2,p064,M22_2168,Jointing,3/15/23,nonwheat,nonwheat,,sample,23,6,5,NA,NA,NA,NA,NA,25.8,35.69632898,-80.62269331,1,11.7,390,NA,NA,NA,NA,NA,NA,NA,NA,NA,NA,NA,NA,NA,NA,NA,NA,NA,0.46,0.79,8.7,76.5,2.1,5.5,51.5,214.5,835,229.5,19.5,92.1,5.35,3.55,0.1,nonwheat_March,nonwheat,Yes,Yes
M22_16S_g23_C08,March,WASVT,cf_Poa_pratensis,t1,p044,M22_2652,Jointing,3/27/23,nonwheat,nonwheat,,sample,23,6,5,NA,NA,NA,NA,NA,22.4,35.849825,-76.654673,1,13.2,293,NA,NA,NA,NA,NA,NA,NA,NA,NA,NA,NA,NA,NA,NA,NA,NA,NA,2.706666667,0.883333333,12.1,82.33333333,2.133333333,5.9,117.3333333,191.6666667,1248,395,17,2.7,1.4,0.9,0.1,nonwheat_March,nonwheat,Yes,Yes
M22_16S_g23_C10,March,PERVT,cf_Poa_pratensis,t2p3,p066,M22_1805,Jointing,3/28/23,nonwheat,nonwheat,,sample,23,6,5,NA,NA,NA,NA,NA,33,36.17843585,-76.35883031,1,12.8,295,NA,NA,NA,NA,NA,NA,NA,NA,NA,NA,NA,NA,NA,NA,NA,NA,NA,0.56,0.83,9,82,1.6,5.8,251,163,1068,199,20,14.6,7.9,1.8,0.2,nonwheat_March,nonwheat,Yes,Yes
M22_16S_g23_F11,March,ROWVT,cf_Poa_pratensis,t2p1,p061,M22_2157,Jointing,3/15/23,nonwheat,nonwheat,,sample,23,6,5,NA,NA,NA,NA,NA,23.3,35.696333,-80.622813,1,11.7,390,NA,NA,NA,NA,NA,NA,NA,NA,NA,NA,NA,NA,NA,NA,NA,NA,NA,0.51,0.82,8.5,75,2.2,5.4,43,148,834,215,20,90.6,3.6,3.8,0.1,nonwheat_March,nonwheat,Yes,Yes
M22_16S_g23_G04,March,UNIVT,cf_Poa_pratensis,t1p1,p040,M22_2280,Jointing,3/20/23,nonwheat,nonwheat,,sample,23,6,5,NA,NA,NA,NA,NA,34.2,34.9510043,-80.4256521,2,13.1,313,NA,NA,NA,NA,NA,NA,NA,NA,NA,NA,NA,NA,NA,NA,NA,NA,NA,0.46,0.84,9.9,71,2.8,4.9,13,65,1104,170,19,31.1,6.5,2.8,0.2,nonwheat_March,nonwheat,Yes,Yes
M22_16S_g23_G07,March,UNIVT,cf_Poa_pratensis,t1p1,p039,M22_2279,Jointing,3/20/23,nonwheat,nonwheat,,sample,23,6,5,NA,NA,NA,NA,NA,34.2,34.9510043,-80.4256521,3,13.1,313,NA,NA,NA,NA,NA,NA,NA,NA,NA,NA,NA,NA,NA,NA,NA,NA,NA,0.46,0.84,9.9,71,2.8,4.9,13,65,1104,170,19,31.1,6.5,2.8,0.2,nonwheat_March,nonwheat,Yes,Yes
M22_16S_g24_B11,March,WASVT,cf_Poa_pratensis,t1,p042,M22_2650,Jointing,3/27/23,nonwheat,nonwheat,,sample,24,6,5,NA,NA,NA,NA,NA,22.4,35.849825,-76.654673,2,13.2,293,NA,NA,NA,NA,NA,NA,NA,NA,NA,NA,NA,NA,NA,NA,NA,NA,NA,2.706666667,0.883333333,12.1,82.33333333,2.133333333,5.9,117.3333333,191.6666667,1248,395,17,2.7,1.4,0.9,0.1,nonwheat_March,nonwheat,Yes,Yes
M22_16S_g24_F02,March,PERVT,cf_Poa_pratensis,t2p3,p070,M22_1807,Jointing,3/28/23,nonwheat,nonwheat,,sample,24,6,5,NA,NA,NA,NA,NA,33,36.17843585,-76.35883031,2.1,12.8,295,NA,NA,NA,NA,NA,NA,NA,NA,NA,NA,NA,NA,NA,NA,NA,NA,NA,0.56,0.83,9,82,1.6,5.8,251,163,1068,199,20,14.6,7.9,1.8,0.2,nonwheat_March,nonwheat,Yes,Yes
M22_16S_g24_F06,April,WAKMP,cf_Poa_pratensis,t2p5,p079,M22_1304,Heading,4/19/23,nonwheat,nonwheat,,sample,24,6,5,NA,NA,NA,NA,NA,28.8,35.7338889,-78.70055556,10,16,419,NA,NA,NA,NA,NA,NA,NA,NA,NA,NA,NA,NA,NA,NA,NA,NA,NA,0.6,1.07,7.6,75,1.9,5.5,202,100,847,143,17,10.9,7.3,1,0.1,nonwheat_April,nonwheat,Yes,Yes
M22_16S_g24_F10,March,WAKMP,cf_Poa_pratensis,t1p1,p001,M22_2518,Jointing,3/10/23,nonwheat,nonwheat,,sample,24,6,5,NA,NA,NA,NA,NA,26.3,35.734453,-78.701374,4,12.7,324,NA,NA,NA,NA,NA,NA,NA,NA,NA,NA,NA,NA,NA,NA,NA,NA,NA,0.36,1,8.3,82,1.5,5.8,325,87,977,208,28,20,19.5,1.3,0.1,nonwheat_March,nonwheat,Yes,Yes
M22_16S_g24_G03,April,PERVT,cf_Poa_pratensis,t1p4,p008,M22_0332,Heading,5/5/23,nonwheat,nonwheat,,sample,24,6,5,NA,NA,NA,NA,NA,28.4,36.17845578,-76.35887025,12,15.7,361,NA,NA,NA,NA,NA,NA,NA,NA,NA,NA,NA,NA,NA,NA,NA,NA,NA,0.635,0.79,8.4,79.5,1.7,5.5,148,124,961.5,191,15.5,13,6.25,1.35,0.2,nonwheat_April,nonwheat,Yes,Yes
M22_16S_g25_A02,March,UNIVT,cf_Poa_pratensis,t2p4,p019,M22_2350,Jointing,3/20/23,nonwheat,nonwheat,,sample,25,7,5,NA,NA,NA,NA,NA,33.3,34.950303,-80.42423048,9,13.1,313,NA,NA,NA,NA,NA,NA,NA,NA,NA,NA,NA,NA,NA,NA,NA,NA,NA,0.245,1.06,5.95,65,2.1,5,19.5,50,622.5,77.5,24.5,20.45,1.5,1.95,0.1,nonwheat_March,nonwheat,Yes,Yes
M22_16S_g26_B06,March,PERVT,cf_Poa_pratensis,t1p5,p032,M22_1769,Jointing,3/28/23,nonwheat,nonwheat,,sample,26,7,5,NA,NA,NA,NA,NA,48.5,36.1785315,-76.35863131,0.3,12.8,295,NA,NA,NA,NA,NA,NA,NA,NA,NA,NA,NA,NA,NA,NA,NA,NA,NA,0.36,0.98,9.3,84,1.5,5.7,46,139,943,331,18,8,2.2,0.8,0.2,nonwheat_March,nonwheat,Yes,Yes
M22_16S_g26_D11,March,ROWVT,cf_Poa_pratensis,t2p4,p068,M22_2990,Jointing,3/15/23,nonwheat,nonwheat,,sample,26,7,5,NA,NA,NA,NA,NA,16.8,35.69632093,-80.62245392,1,11.7,390,NA,NA,NA,NA,NA,NA,NA,NA,NA,NA,NA,NA,NA,NA,NA,NA,NA,0.435,0.74,9.05,78.5,2,5.6,64,240.5,896.5,240.5,18,102.55,7.35,3.4,0.1,nonwheat_March,nonwheat,Yes,Yes
M22_16S_g26_E09,April,LENVT,cf_Poa_pratensis,t2p4,p014,M22_0200,Heading,4/20/23,nonwheat,nonwheat,,sample,26,7,5,NA,NA,NA,NA,NA,22.4,35.37906898,-77.56035565,24,16.4,335,NA,NA,NA,NA,NA,NA,NA,NA,NA,NA,NA,NA,NA,NA,NA,NA,NA,0.61,1.08,3.5,45,1.95,4.8,73.5,72.5,209,43.5,18.5,22.85,3.4,0.55,0.05,nonwheat_April,nonwheat,Yes,Yes
M22_16S_g26_E10,April,PERVT,cf_Poa_pratensis,t1p2,p003,M22_0319,Heading,5/5/23,nonwheat,nonwheat,,sample,26,7,5,NA,NA,NA,NA,NA,32.7,36.17836393,-76.35891475,16,15.7,361,NA,NA,NA,NA,NA,NA,NA,NA,NA,NA,NA,NA,NA,NA,NA,NA,NA,0.61,0.785,8.65,84.5,1.35,5.85,208,161,1051,198.5,14.5,12.45,13.25,1.8,0.2,nonwheat_April,nonwheat,Yes,Yes
M22_16S_g26_G07,April,WAKMP,cf_Poa_pratensis,t2p3,p076,M22_1289,Heading,4/19/23,nonwheat,nonwheat,,sample,26,7,5,NA,NA,NA,NA,NA,32.7,35.73417245,-78.70060478,15,16,419,NA,NA,NA,NA,NA,NA,NA,NA,NA,NA,NA,NA,NA,NA,NA,NA,NA,0.56,0.96,7.7,77,1.8,5.7,159,74,878,165,18,11.7,8.6,1.1,0.1,nonwheat_April,nonwheat,Yes,Yes
M22_16S_g27_C04,March,UNIVT,cf_Poa_pratensis,t2p5,p027,M22_2358,Jointing,3/20/23,nonwheat,nonwheat,,sample,27,7,5,NA,NA,NA,NA,NA,38,34.9502584,-80.42408184,7,13.1,313,NA,NA,NA,NA,NA,NA,NA,NA,NA,NA,NA,NA,NA,NA,NA,NA,NA,0.22,1.12,5.6,65,2,5,11,40,579,77,27,22.9,1.1,2,0.1,nonwheat_March,nonwheat,Yes,Yes
M22_16S_g27_F06,March,ROBVT,cf_Poa_pratensis,t2p1,p072,M22_1984,Jointing,3/21/23,nonwheat,nonwheat,,sample,27,7,5,NA,NA,NA,NA,NA,31.8,34.5109768,-79.3050372,5,14.7,239,NA,NA,NA,NA,NA,NA,NA,NA,NA,NA,NA,NA,NA,NA,NA,NA,NA,0.41,1.02,8.3,90,0.8,6.5,54,230,961,249,16,8.2,9,0.7,0.1,nonwheat_March,nonwheat,Yes,Yes
M22_16S_g28_B10,March,PERVT,cf_Poa_pratensis,t2p4,p063,M22_1826,Jointing,3/28/23,nonwheat,nonwheat,,sample,28,7,5,NA,NA,NA,NA,NA,38.3,36.17838803,-76.35892981,1.5,12.8,295,NA,NA,NA,NA,NA,NA,NA,NA,NA,NA,NA,NA,NA,NA,NA,NA,NA,0.61,0.82,7.6,73.5,1.9,5.3,294.5,132,826,152.5,23,17,8.3,1.65,0.15,nonwheat_March,nonwheat,Yes,Yes
M22_16S_g29_A06,April,PERVT,cf_Poa_pratensis,t1p2,p004,M22_0320,Heading,5/5/23,nonwheat,nonwheat,,sample,29,8,5,NA,NA,NA,NA,NA,32.7,36.17836393,-76.35891475,11,15.7,361,NA,NA,NA,NA,NA,NA,NA,NA,NA,NA,NA,NA,NA,NA,NA,NA,NA,0.61,0.785,8.65,84.5,1.35,5.85,208,161,1051,198.5,14.5,12.45,13.25,1.8,0.2,nonwheat_April,nonwheat,Yes,Yes
M22_16S_g29_B10,March,ROBVT,cf_Poa_pratensis,t2p1,p071,M22_1983,Jointing,3/21/23,nonwheat,nonwheat,,sample,29,8,5,NA,NA,NA,NA,NA,31.8,34.5109768,-79.3050372,6,14.7,239,NA,NA,NA,NA,NA,NA,NA,NA,NA,NA,NA,NA,NA,NA,NA,NA,NA,0.41,1.02,8.3,90,0.8,6.5,54,230,961,249,16,8.2,9,0.7,0.1,nonwheat_March,nonwheat,Yes,Yes
M22_16S_g29_C02,April,PERVT,cf_Poa_pratensis,t1p5,p009,M22_0347,Heading,5/5/23,nonwheat,nonwheat,,sample,29,8,5,NA,NA,NA,NA,NA,25.8,36.1785017,-76.358848,9,15.7,361,NA,NA,NA,NA,NA,NA,NA,NA,NA,NA,NA,NA,NA,NA,NA,NA,NA,0.56,0.8,7.8,77,1.8,5.4,128,111,873,168,15,15.2,6.6,1.1,0.2,nonwheat_April,nonwheat,Yes,Yes
M22_16S_g29_C06,April,WAKMP,cf_Poa_pratensis,t2p1,p072,M22_1268,Heading,4/19/23,nonwheat,nonwheat,,sample,29,8,5,NA,NA,NA,NA,NA,37.3,35.734456,-78.700654,12,16,419,NA,NA,NA,NA,NA,NA,NA,NA,NA,NA,NA,NA,NA,NA,NA,NA,NA,0.71,1.02,6,70,1.8,5.5,115,44,646,110,15,10.2,5.7,0.6,0.1,nonwheat_April,nonwheat,Yes,Yes
M22_16S_g29_C11,April,PERVT,cf_Poa_pratensis,t1p1,p002,M22_0298,Heading,5/5/23,nonwheat,nonwheat,,sample,29,8,5,NA,NA,NA,NA,NA,31.9,36.178318,-76.358937,23,15.7,361,NA,NA,NA,NA,NA,NA,NA,NA,NA,NA,NA,NA,NA,NA,NA,NA,NA,0.51,0.79,8.3,87,1.1,6.1,248,185,1052,183,13,14.1,20.6,2,0.2,nonwheat_April,nonwheat,Yes,Yes
M22_16S_g29_G10,March,ROWVT,cf_Poa_pratensis,t1p1,p002,M22_2119,Jointing,3/15/23,nonwheat,nonwheat,,sample,29,8,5,NA,NA,NA,NA,NA,38.2,35.696458,-80.623031,6,11.7,390,NA,NA,NA,NA,NA,NA,NA,NA,NA,NA,NA,NA,NA,NA,NA,NA,NA,0.41,0.8,11,86,1.5,6.1,41,220,1363,257,18,46.9,7.3,7.3,0.1,nonwheat_March,nonwheat,Yes,Yes
M22_16S_g29_H01,March,ROBVT,cf_Poa_pratensis,t2p4,p077,M22_2003,Jointing,3/21/23,nonwheat,nonwheat,,sample,29,8,5,NA,NA,NA,NA,NA,21.6,34.51126278,-79.30506968,5,14.7,239,NA,NA,NA,NA,NA,NA,NA,NA,NA,NA,NA,NA,NA,NA,NA,NA,NA,0.41,1.06,7.15,84,1.15,6.15,55.5,207.5,785.5,184,16,6.9,5.35,0.7,0.1,nonwheat_March,nonwheat,Yes,Yes
M22_16S_g29_H07,March,PERVT,cf_Poa_pratensis,t2p3,p069,M22_1806,Jointing,3/28/23,nonwheat,nonwheat,,sample,29,8,5,NA,NA,NA,NA,NA,33,36.17843585,-76.35883031,2.3,12.8,295,NA,NA,NA,NA,NA,NA,NA,NA,NA,NA,NA,NA,NA,NA,NA,NA,NA,0.56,0.83,9,82,1.6,5.8,251,163,1068,199,20,14.6,7.9,1.8,0.2,nonwheat_March,nonwheat,Yes,Yes
M22_16S_g29_H11,April,WAKMP,cf_Poa_pratensis,t1p2,p041,M22_1221,Heading,4/19/23,nonwheat,nonwheat,,sample,29,8,5,NA,NA,NA,NA,NA,22.2,35.73445085,-78.70144717,24,16,419,NA,NA,NA,NA,NA,NA,NA,NA,NA,NA,NA,NA,NA,NA,NA,NA,NA,0.34,1.035,8,81,1.5,5.9,330.5,142.5,932.5,178.5,17,17.1,18.6,1.2,0.1,nonwheat_April,nonwheat,Yes,Yes
M22_16S_g30_B07,March,ROWVT,cf_Poa_pratensis,t2p1,p062,M22_2158,Jointing,3/15/23,nonwheat,nonwheat,,sample,30,8,5,NA,NA,NA,NA,NA,23.3,35.696333,-80.622813,1,11.7,390,NA,NA,NA,NA,NA,NA,NA,NA,NA,NA,NA,NA,NA,NA,NA,NA,NA,0.51,0.82,8.5,75,2.2,5.4,43,148,834,215,20,90.6,3.6,3.8,0.1,nonwheat_March,nonwheat,Yes,Yes
M22_16S_g31_C06,March,PERVT,cf_Poa_pratensis,t1p4,p034,M22_1759,Jointing,3/28/23,nonwheat,nonwheat,,sample,31,8,5,NA,NA,NA,NA,NA,40.6,36.1785611,-76.35858781,1.3,12.8,295,NA,NA,NA,NA,NA,NA,NA,NA,NA,NA,NA,NA,NA,NA,NA,NA,NA,0.36,0.945,9.2,82.5,1.6,5.7,77,138,973,291,17,12.4,4,0.95,0.2,nonwheat_March,nonwheat,Yes,Yes
M22_16S_g31_F03,March,ROBVT,cf_Poa_pratensis,t2p2,p073,M22_1989,Jointing,3/21/23,nonwheat,nonwheat,,sample,31,8,5,NA,NA,NA,NA,NA,26.2,34.51107213,-79.30504803,4,14.7,239,NA,NA,NA,NA,NA,NA,NA,NA,NA,NA,NA,NA,NA,NA,NA,NA,NA,0.41,1.07,7.55,88,0.85,6.4,53.5,206,879,208.5,15.5,7.3,7.3,0.75,0.1,nonwheat_March,nonwheat,Yes,Yes
M22_16S_g31_F04,April,WAKMP,cf_Poa_pratensis,t1p3,p044,M22_1231,Heading,4/19/23,nonwheat,nonwheat,,sample,31,8,5,NA,NA,NA,NA,NA,27.5,35.7344487,-78.70152033,20,16,419,NA,NA,NA,NA,NA,NA,NA,NA,NA,NA,NA,NA,NA,NA,NA,NA,NA,0.36,1.05,7.4,78,1.6,5.8,232,118,806,176,16,15.3,17.2,1.1,0.1,nonwheat_April,nonwheat,Yes,Yes
M22_16S_g31_H03,March,WASVT,cf_Poa_pratensis,t1,p047,M22_2655,Jointing,3/27/23,nonwheat,nonwheat,,sample,31,8,5,NA,NA,NA,NA,NA,22.4,35.849825,-76.654673,2,13.2,293,NA,NA,NA,NA,NA,NA,NA,NA,NA,NA,NA,NA,NA,NA,NA,NA,NA,2.706666667,0.883333333,12.1,82.33333333,2.133333333,5.9,117.3333333,191.6666667,1248,395,17,2.7,1.4,0.9,0.1,nonwheat_March,nonwheat,Yes,Yes
M22_16S_g01_B08,April,ROBVT,cf_Quercus_phellos,forest1,p098,M22_0536,Heading,4/24/23,nonwheat,nonwheat,,sample,1,1,1.17,NA,NA,NA,NA,NA,4.4,34.5118233,-79.3050634,3000,18.1,296,NA,NA,NA,NA,NA,NA,NA,NA,NA,NA,NA,NA,NA,NA,NA,NA,NA,0.51,1.18,4.5,46,2.4,4.6,92,104,251,66,11,2.6,2.5,1.1,0,nonwheat_April,nonwheat,No,No
M22_16S_g02_C12,April,ROBVT,cf_Quercus_phellos,forest1,p094,M22_0532,Heading,4/24/23,nonwheat,nonwheat,,sample,2,1,4.14,NA,NA,NA,NA,NA,4.4,34.5118233,-79.3050634,3000,18.1,296,NA,NA,NA,NA,NA,NA,NA,NA,NA,NA,NA,NA,NA,NA,NA,NA,NA,0.51,1.18,4.5,46,2.4,4.6,92,104,251,66,11,2.6,2.5,1.1,0,nonwheat_April,nonwheat,No,No
M22_16S_g03_A05,April,ROBVT,cf_Quercus_phellos,forest1,p093,M22_0531,Heading,4/24/23,nonwheat,nonwheat,,sample,3,1,5,NA,NA,NA,NA,NA,4.4,34.5118233,-79.3050634,3000,18.1,296,NA,NA,NA,NA,NA,NA,NA,NA,NA,NA,NA,NA,NA,NA,NA,NA,NA,0.51,1.18,4.5,46,2.4,4.6,92,104,251,66,11,2.6,2.5,1.1,0,nonwheat_April,nonwheat,No,No
M22_16S_g14_D12,April,ROBVT,cf_Quercus_phellos,forest1,p100,M22_0538,Heading,4/24/23,nonwheat,nonwheat,,sample,14,4,3.19,NA,NA,NA,NA,NA,4.4,34.5118233,-79.3050634,3000,18.1,296,NA,NA,NA,NA,NA,NA,NA,NA,NA,NA,NA,NA,NA,NA,NA,NA,NA,0.51,1.18,4.5,46,2.4,4.6,92,104,251,66,11,2.6,2.5,1.1,0,nonwheat_April,nonwheat,No,No
M22_16S_g15_H02,April,ROBVT,cf_Quercus_phellos,forest1,p096,M22_0534,Heading,4/24/23,nonwheat,nonwheat,,sample,15,4,5,NA,NA,NA,NA,NA,4.4,34.5118233,-79.3050634,3000,18.1,296,NA,NA,NA,NA,NA,NA,NA,NA,NA,NA,NA,NA,NA,NA,NA,NA,NA,0.51,1.18,4.5,46,2.4,4.6,92,104,251,66,11,2.6,2.5,1.1,0,nonwheat_April,nonwheat,No,No
M22_16S_g19_A04,April,ROBVT,cf_Quercus_phellos,forest1,p099,M22_0537,Heading,4/24/23,nonwheat,nonwheat,,sample,19,5,5,NA,NA,NA,NA,NA,4.4,34.5118233,-79.3050634,3000,18.1,296,NA,NA,NA,NA,NA,NA,NA,NA,NA,NA,NA,NA,NA,NA,NA,NA,NA,0.51,1.18,4.5,46,2.4,4.6,92,104,251,66,11,2.6,2.5,1.1,0,nonwheat_April,nonwheat,No,No
M22_16S_g19_D09,April,ROBVT,cf_Quercus_phellos,forest1,p091,M22_0529,Heading,4/24/23,nonwheat,nonwheat,,sample,19,5,5,NA,NA,NA,NA,NA,4.4,34.5118233,-79.3050634,3000,18.1,296,NA,NA,NA,NA,NA,NA,NA,NA,NA,NA,NA,NA,NA,NA,NA,NA,NA,0.51,1.18,4.5,46,2.4,4.6,92,104,251,66,11,2.6,2.5,1.1,0,nonwheat_April,nonwheat,No,No
M22_16S_g27_H07,April,ROBVT,cf_Quercus_phellos,forest1,p097,M22_0535,Heading,4/24/23,nonwheat,nonwheat,,sample,27,7,5,NA,NA,NA,NA,NA,4.4,34.5118233,-79.3050634,3000,18.1,296,NA,NA,NA,NA,NA,NA,NA,NA,NA,NA,NA,NA,NA,NA,NA,NA,NA,0.51,1.18,4.5,46,2.4,4.6,92,104,251,66,11,2.6,2.5,1.1,0,nonwheat_April,nonwheat,No,No
M22_16S_g28_E11,April,ROBVT,cf_Quercus_phellos,forest1,p095,M22_0533,Heading,4/24/23,nonwheat,nonwheat,,sample,28,7,5,NA,NA,NA,NA,NA,4.4,34.5118233,-79.3050634,3000,18.1,296,NA,NA,NA,NA,NA,NA,NA,NA,NA,NA,NA,NA,NA,NA,NA,NA,NA,0.51,1.18,4.5,46,2.4,4.6,92,104,251,66,11,2.6,2.5,1.1,0,nonwheat_April,nonwheat,No,No
M22_16S_g30_F07,April,ROBVT,cf_Quercus_phellos,forest1,p092,M22_0530,Heading,4/24/23,nonwheat,nonwheat,,sample,30,8,5,NA,NA,NA,NA,NA,4.4,34.5118233,-79.3050634,3000,18.1,296,NA,NA,NA,NA,NA,NA,NA,NA,NA,NA,NA,NA,NA,NA,NA,NA,NA,0.51,1.18,4.5,46,2.4,4.6,92,104,251,66,11,2.6,2.5,1.1,0,nonwheat_April,nonwheat,No,No
M22_16S_g03_A03,April,WASVT,Conyza_canadensis,t2p2,p064,M22_1469,Heading,5/9/23,nonwheat,nonwheat,,sample,3,1,5,NA,NA,NA,NA,NA,13.9,35.84870478,-76.65530314,52,16.2,364,NA,NA,NA,NA,NA,NA,NA,NA,NA,NA,NA,NA,NA,NA,NA,NA,NA,3.085,0.83,11.2,77,2.6,5.45,125.5,276.5,1126.5,273,17.5,8.1,4.6,0.9,0.1,nonwheat_April,nonwheat,No,Yes
M22_16S_g07_G11,April,WASVT,Conyza_canadensis,t2p4,p069,M22_1496,Heading,5/9/23,nonwheat,nonwheat,,sample,7,2,5,NA,NA,NA,NA,NA,20.5,35.84864233,-76.65547142,30,16.2,364,NA,NA,NA,NA,NA,NA,NA,NA,NA,NA,NA,NA,NA,NA,NA,NA,NA,2.52,0.855,10.6,76.5,2.5,5.4,91,205,1072.5,267,19,5.65,4.15,0.95,0.1,nonwheat_April,nonwheat,No,Yes
M22_16S_g10_B09,April,WASVT,Conyza_canadensis,t2p2,p066,M22_1471,Heading,5/9/23,nonwheat,nonwheat,,sample,10,3,5,NA,NA,NA,NA,NA,13.9,35.84870478,-76.65530314,59,16.2,364,NA,NA,NA,NA,NA,NA,NA,NA,NA,NA,NA,NA,NA,NA,NA,NA,NA,3.085,0.83,11.2,77,2.6,5.45,125.5,276.5,1126.5,273,17.5,8.1,4.6,0.9,0.1,nonwheat_April,nonwheat,No,Yes
M22_16S_g13_B01,April,WASVT,Conyza_canadensis,t2p2,p063,M22_1468,Heading,5/9/23,nonwheat,nonwheat,,sample,13,4,5,NA,NA,NA,NA,NA,13.9,35.84870478,-76.65530314,34,16.2,364,NA,NA,NA,NA,NA,NA,NA,NA,NA,NA,NA,NA,NA,NA,NA,NA,NA,3.085,0.83,11.2,77,2.6,5.45,125.5,276.5,1126.5,273,17.5,8.1,4.6,0.9,0.1,nonwheat_April,nonwheat,No,Yes
M22_16S_g15_G11,April,WASVT,Conyza_canadensis,t2p2,p065,M22_1470,Heading,5/9/23,nonwheat,nonwheat,,sample,15,4,5,NA,NA,NA,NA,NA,13.9,35.84870478,-76.65530314,41,16.2,364,NA,NA,NA,NA,NA,NA,NA,NA,NA,NA,NA,NA,NA,NA,NA,NA,NA,3.085,0.83,11.2,77,2.6,5.45,125.5,276.5,1126.5,273,17.5,8.1,4.6,0.9,0.1,nonwheat_April,nonwheat,No,Yes
M22_16S_g22_D10,April,WASVT,Conyza_canadensis,t2p3,p067,M22_1485,Heading,5/9/23,nonwheat,nonwheat,,sample,22,6,5,NA,NA,NA,NA,NA,14,35.84867355,-76.65538728,47,16.2,364,NA,NA,NA,NA,NA,NA,NA,NA,NA,NA,NA,NA,NA,NA,NA,NA,NA,2.6,0.79,11.1,80,2.2,5.6,137,290,1143,288,17,7.1,4.8,1,0.1,nonwheat_April,nonwheat,No,Yes
M22_16S_g23_G06,April,WASVT,Conyza_canadensis,t2p4,p070,M22_1497,Heading,5/9/23,nonwheat,nonwheat,,sample,23,6,5,NA,NA,NA,NA,NA,20.5,35.84864233,-76.65547142,19,16.2,364,NA,NA,NA,NA,NA,NA,NA,NA,NA,NA,NA,NA,NA,NA,NA,NA,NA,2.52,0.855,10.6,76.5,2.5,5.4,91,205,1072.5,267,19,5.65,4.15,0.95,0.1,nonwheat_April,nonwheat,No,Yes
M22_16S_g26_D03,April,WASVT,Conyza_canadensis,t2p3,p068,M22_1486,Heading,5/9/23,nonwheat,nonwheat,,sample,26,7,5,NA,NA,NA,NA,NA,14,35.84867355,-76.65538728,42,16.2,364,NA,NA,NA,NA,NA,NA,NA,NA,NA,NA,NA,NA,NA,NA,NA,NA,NA,2.6,0.79,11.1,80,2.2,5.6,137,290,1143,288,17,7.1,4.8,1,0.1,nonwheat_April,nonwheat,No,Yes
M22_16S_g26_G05,April,WASVT,Conyza_canadensis,t2p1,p061,M22_1458,Heading,5/9/23,nonwheat,nonwheat,,sample,26,7,5,NA,NA,NA,NA,NA,11,35.848736,-76.655219,57,16.2,364,NA,NA,NA,NA,NA,NA,NA,NA,NA,NA,NA,NA,NA,NA,NA,NA,NA,3.57,0.87,11.3,74,3,5.3,114,263,1110,258,18,9.1,4.4,0.8,0.1,nonwheat_April,nonwheat,No,Yes
M22_16S_g27_E06,April,WASVT,Conyza_canadensis,t2p1,p062,M22_1459,Heading,5/9/23,nonwheat,nonwheat,,sample,27,7,5,NA,NA,NA,NA,NA,11,35.848736,-76.655219,34,16.2,364,NA,NA,NA,NA,NA,NA,NA,NA,NA,NA,NA,NA,NA,NA,NA,NA,NA,3.57,0.87,11.3,74,3,5.3,114,263,1110,258,18,9.1,4.4,0.8,0.1,nonwheat_April,nonwheat,No,Yes
M22_16S_g03_G08,April,PERVT,funnyseedling,t1p2,p017,M22_0321,Heading,5/5/23,nonwheat,nonwheat,,sample,3,1,5,NA,NA,NA,NA,NA,32.7,36.17836393,-76.35891475,3,15.7,361,NA,NA,NA,NA,NA,NA,NA,NA,NA,NA,NA,NA,NA,NA,NA,NA,NA,0.61,0.785,8.65,84.5,1.35,5.85,208,161,1051,198.5,14.5,12.45,13.25,1.8,0.2,nonwheat_April,nonwheat,No,Yes
M22_16S_g04_C06,April,PERVT,funnyseedling,t1p3,p016,M22_0328,Heading,5/5/23,nonwheat,nonwheat,,sample,4,1,5,NA,NA,NA,NA,NA,34.2,36.17840985,-76.3588925,4,15.7,361,NA,NA,NA,NA,NA,NA,NA,NA,NA,NA,NA,NA,NA,NA,NA,NA,NA,0.71,0.78,9,82,1.6,5.6,168,137,1050,214,16,10.8,5.9,1.6,0.2,nonwheat_April,nonwheat,No,Yes
M22_16S_g06_D01,April,PERVT,funnyseedling,t1p3,p015,M22_0327,Heading,5/5/23,nonwheat,nonwheat,,sample,6,2,5,NA,NA,NA,NA,NA,34.2,36.17840985,-76.3588925,4,15.7,361,NA,NA,NA,NA,NA,NA,NA,NA,NA,NA,NA,NA,NA,NA,NA,NA,NA,0.71,0.78,9,82,1.6,5.6,168,137,1050,214,16,10.8,5.9,1.6,0.2,nonwheat_April,nonwheat,No,Yes
M22_16S_g08_C04,April,PERVT,funnyseedling,t1p5,p012,M22_0350,Heading,5/5/23,nonwheat,nonwheat,,sample,8,2,5,NA,NA,NA,NA,NA,25.8,36.1785017,-76.358848,2,15.7,361,NA,NA,NA,NA,NA,NA,NA,NA,NA,NA,NA,NA,NA,NA,NA,NA,NA,0.56,0.8,7.8,77,1.8,5.4,128,111,873,168,15,15.2,6.6,1.1,0.2,nonwheat_April,nonwheat,No,Yes
M22_16S_g08_H08,April,PERVT,funnyseedling,t1p4,p014,M22_0334,Heading,5/5/23,nonwheat,nonwheat,,sample,8,2,5,NA,NA,NA,NA,NA,28.4,36.17845578,-76.35887025,2,15.7,361,NA,NA,NA,NA,NA,NA,NA,NA,NA,NA,NA,NA,NA,NA,NA,NA,NA,0.635,0.79,8.4,79.5,1.7,5.5,148,124,961.5,191,15.5,13,6.25,1.35,0.2,nonwheat_April,nonwheat,No,Yes
M22_16S_g10_G08,April,PERVT,funnyseedling,t1p2,p018,M22_0322,Heading,5/5/23,nonwheat,nonwheat,,sample,10,3,5,NA,NA,NA,NA,NA,32.7,36.17836393,-76.35891475,4,15.7,361,NA,NA,NA,NA,NA,NA,NA,NA,NA,NA,NA,NA,NA,NA,NA,NA,NA,0.61,0.785,8.65,84.5,1.35,5.85,208,161,1051,198.5,14.5,12.45,13.25,1.8,0.2,nonwheat_April,nonwheat,No,Yes
M22_16S_g26_H06,April,PERVT,funnyseedling,t1p5,p011,M22_0349,Heading,5/5/23,nonwheat,nonwheat,,sample,26,7,5,NA,NA,NA,NA,NA,25.8,36.1785017,-76.358848,4,15.7,361,NA,NA,NA,NA,NA,NA,NA,NA,NA,NA,NA,NA,NA,NA,NA,NA,NA,0.56,0.8,7.8,77,1.8,5.4,128,111,873,168,15,15.2,6.6,1.1,0.2,nonwheat_April,nonwheat,No,Yes
M22_16S_g28_B07,April,PERVT,funnyseedling,t1p1,p019,M22_0299,Heading,5/5/23,nonwheat,nonwheat,,sample,28,7,5,NA,NA,NA,NA,NA,31.9,36.178318,-76.358937,3,15.7,361,NA,NA,NA,NA,NA,NA,NA,NA,NA,NA,NA,NA,NA,NA,NA,NA,NA,0.51,0.79,8.3,87,1.1,6.1,248,185,1052,183,13,14.1,20.6,2,0.2,nonwheat_April,nonwheat,No,Yes
M22_16S_g28_G03,April,PERVT,funnyseedling,t1p4,p013,M22_0333,Heading,5/5/23,nonwheat,nonwheat,,sample,28,7,5,NA,NA,NA,NA,NA,28.4,36.17845578,-76.35887025,2,15.7,361,NA,NA,NA,NA,NA,NA,NA,NA,NA,NA,NA,NA,NA,NA,NA,NA,NA,0.635,0.79,8.4,79.5,1.7,5.5,148,124,961.5,191,15.5,13,6.25,1.35,0.2,nonwheat_April,nonwheat,No,Yes
M22_16S_g30_C01,April,PERVT,funnyseedling,t1p1,p020,M22_0300,Heading,5/5/23,nonwheat,nonwheat,,sample,30,8,5,NA,NA,NA,NA,NA,31.9,36.178318,-76.358937,6,15.7,361,NA,NA,NA,NA,NA,NA,NA,NA,NA,NA,NA,NA,NA,NA,NA,NA,NA,0.51,0.79,8.3,87,1.1,6.1,248,185,1052,183,13,14.1,20.6,2,0.2,nonwheat_April,nonwheat,No,Yes
M22_16S_g01_D02,March,UNIVT,Geranium_carolinianum,t1p5,p072,M22_2324,Jointing,3/20/23,nonwheat,nonwheat,,sample,1,1,5,NA,NA,NA,NA,NA,42.9,34.9505249,-80.4250531,4,13.1,313,NA,NA,NA,NA,NA,NA,NA,NA,NA,NA,NA,NA,NA,NA,NA,NA,NA,0.41,0.91,10.7,81,2.1,5.4,12,57,1424,166,17,31.4,4.2,3.9,0.4,nonwheat_March,nonwheat,No,Yes
M22_16S_g01_H05,March,LENVT,Geranium_carolinianum,t1p1,p042,M22_1591,Jointing,3/14/23,nonwheat,nonwheat,,sample,1,1,5,NA,NA,NA,NA,NA,23.7,35.378509,-77.560893,12,13.4,268,NA,NA,NA,NA,NA,NA,NA,NA,NA,NA,NA,NA,NA,NA,NA,NA,NA,0.46,1.08,5.5,61,2.2,5.1,83,70,451,111,17,20.4,4.7,0.7,0.1,nonwheat_March,nonwheat,No,Yes
M22_16S_g03_F12,March,LENVT,Geranium_carolinianum,t1p1,p041,M22_1590,Jointing,3/14/23,nonwheat,nonwheat,,sample,3,1,5,NA,NA,NA,NA,NA,23.7,35.378509,-77.560893,5,13.4,268,NA,NA,NA,NA,NA,NA,NA,NA,NA,NA,NA,NA,NA,NA,NA,NA,NA,0.46,1.08,5.5,61,2.2,5.1,83,70,451,111,17,20.4,4.7,0.7,0.1,nonwheat_March,nonwheat,No,Yes
M22_16S_g06_E09,March,LENVT,Geranium_carolinianum,t1p2,p044,M22_1603,Jointing,3/14/23,nonwheat,nonwheat,,sample,6,2,5,NA,NA,NA,NA,NA,23.9,35.37841195,-77.56093795,4,13.4,268,NA,NA,NA,NA,NA,NA,NA,NA,NA,NA,NA,NA,NA,NA,NA,NA,NA,0.46,1.085,5.2,60,2.1,5.1,77,74.5,417,102.5,18.5,16.15,3.9,0.6,0.1,nonwheat_March,nonwheat,No,Yes
M22_16S_g08_C08,March,LENVT,Geranium_carolinianum,t1p5,p049,M22_1642,Jointing,3/14/23,nonwheat,nonwheat,,sample,8,2,5,NA,NA,NA,NA,NA,23.7,35.3781208,-77.56107279,10,13.4,268,NA,NA,NA,NA,NA,NA,NA,NA,NA,NA,NA,NA,NA,NA,NA,NA,NA,0.46,1.01,6.1,69,1.9,5.4,90,105,591,121,17,22.5,4.4,0.5,0.1,nonwheat_March,nonwheat,No,Yes
M22_16S_g11_B07,March,UNIVT,Geranium_carolinianum,t1p5,p071,M22_2323,Jointing,3/20/23,nonwheat,nonwheat,,sample,11,3,5,NA,NA,NA,NA,NA,42.9,34.9505249,-80.4250531,7,13.1,313,NA,NA,NA,NA,NA,NA,NA,NA,NA,NA,NA,NA,NA,NA,NA,NA,NA,0.41,0.91,10.7,81,2.1,5.4,12,57,1424,166,17,31.4,4.2,3.9,0.4,nonwheat_March,nonwheat,No,Yes
M22_16S_g11_C09,March,UNIVT,Geranium_carolinianum,t1p3,p076,M22_2308,Jointing,3/20/23,nonwheat,nonwheat,,sample,11,3,5,NA,NA,NA,NA,NA,39.8,34.9507646,-80.4253526,6,13.1,313,NA,NA,NA,NA,NA,NA,NA,NA,NA,NA,NA,NA,NA,NA,NA,NA,NA,0.36,0.92,11.5,83,2,5.5,9,54,1506,231,18,14.8,3.1,2.3,0.6,nonwheat_March,nonwheat,No,Yes
M22_16S_g11_D11,April,WAKMP,Geranium_carolinianum,t1p1,p022,M22_1209,Heading,4/19/23,nonwheat,nonwheat,,sample,11,3,5,NA,NA,NA,NA,NA,27.7,35.734453,-78.701374,10,16,419,NA,NA,NA,NA,NA,NA,NA,NA,NA,NA,NA,NA,NA,NA,NA,NA,NA,0.32,1.02,8.6,84,1.4,6,429,167,1059,181,18,18.9,20,1.3,0.1,nonwheat_April,nonwheat,No,Yes
M22_16S_g12_G07,March,LENVT,Geranium_carolinianum,t1p5,p050,M22_1643,Jointing,3/14/23,nonwheat,nonwheat,,sample,12,3,5,NA,NA,NA,NA,NA,23.7,35.3781208,-77.56107279,9,13.4,268,NA,NA,NA,NA,NA,NA,NA,NA,NA,NA,NA,NA,NA,NA,NA,NA,NA,0.46,1.01,6.1,69,1.9,5.4,90,105,591,121,17,22.5,4.4,0.5,0.1,nonwheat_March,nonwheat,No,Yes
M22_16S_g13_E04,March,UNIVT,Geranium_carolinianum,t1p1,p079,M22_2283,Jointing,3/20/23,nonwheat,nonwheat,,sample,13,4,5,NA,NA,NA,NA,NA,34.2,34.9510043,-80.4256521,5,13.1,313,NA,NA,NA,NA,NA,NA,NA,NA,NA,NA,NA,NA,NA,NA,NA,NA,NA,0.46,0.84,9.9,71,2.8,4.9,13,65,1104,170,19,31.1,6.5,2.8,0.2,nonwheat_March,nonwheat,No,Yes
M22_16S_g13_E08,April,WAKMP,Geranium_carolinianum,t1p5,p030,M22_1261,Heading,4/19/23,nonwheat,nonwheat,,sample,13,4,5,NA,NA,NA,NA,NA,25.1,35.7344444,-78.70166667,9,16,419,NA,NA,NA,NA,NA,NA,NA,NA,NA,NA,NA,NA,NA,NA,NA,NA,NA,0.46,1.05,6.1,67,2,5.2,164,88,606,104,35,14.5,5.5,1.2,0.1,nonwheat_April,nonwheat,No,Yes
M22_16S_g15_F04,April,WAKMP,Geranium_carolinianum,t1p1,p021,M22_1208,Heading,4/19/23,nonwheat,nonwheat,,sample,15,4,5,NA,NA,NA,NA,NA,27.7,35.734453,-78.701374,12,16,419,NA,NA,NA,NA,NA,NA,NA,NA,NA,NA,NA,NA,NA,NA,NA,NA,NA,0.32,1.02,8.6,84,1.4,6,429,167,1059,181,18,18.9,20,1.3,0.1,nonwheat_April,nonwheat,No,Yes
M22_16S_g15_H04,March,LENVT,Geranium_carolinianum,t1p3,p045,M22_1612,Jointing,3/14/23,nonwheat,nonwheat,,sample,15,4,5,NA,NA,NA,NA,NA,23.3,35.3783149,-77.5609829,9,13.4,268,NA,NA,NA,NA,NA,NA,NA,NA,NA,NA,NA,NA,NA,NA,NA,NA,NA,0.46,1.09,4.9,59,2,5.1,71,79,383,94,20,11.9,3.1,0.5,0.1,nonwheat_March,nonwheat,No,Yes
M22_16S_g17_A04,April,WAKMP,Geranium_carolinianum,t1p5,p029,M22_1260,Heading,4/19/23,nonwheat,nonwheat,,sample,17,5,5,NA,NA,NA,NA,NA,25.1,35.7344444,-78.70166667,8,16,419,NA,NA,NA,NA,NA,NA,NA,NA,NA,NA,NA,NA,NA,NA,NA,NA,NA,0.46,1.05,6.1,67,2,5.2,164,88,606,104,35,14.5,5.5,1.2,0.1,nonwheat_April,nonwheat,No,Yes
M22_16S_g17_D09,March,UNIVT,Geranium_carolinianum,t1p4,p073,M22_2315,Jointing,3/20/23,nonwheat,nonwheat,,sample,17,5,5,NA,NA,NA,NA,NA,35.3,34.95064475,-80.42520285,5,13.1,313,NA,NA,NA,NA,NA,NA,NA,NA,NA,NA,NA,NA,NA,NA,NA,NA,NA,0.385,0.915,11.1,82,2.05,5.45,10.5,55.5,1465,198.5,17.5,23.1,3.65,3.1,0.5,nonwheat_March,nonwheat,No,Yes
M22_16S_g17_H09,April,WAKMP,Geranium_carolinianum,t1p2,p025,M22_1217,Heading,4/19/23,nonwheat,nonwheat,,sample,17,5,5,NA,NA,NA,NA,NA,22.2,35.73445085,-78.70144717,12,16,419,NA,NA,NA,NA,NA,NA,NA,NA,NA,NA,NA,NA,NA,NA,NA,NA,NA,0.34,1.035,8,81,1.5,5.9,330.5,142.5,932.5,178.5,17,17.1,18.6,1.2,0.1,nonwheat_April,nonwheat,No,Yes
M22_16S_g18_D07,March,UNIVT,Geranium_carolinianum,t1p3,p075,M22_2307,Jointing,3/20/23,nonwheat,nonwheat,,sample,18,5,5,NA,NA,NA,NA,NA,39.8,34.9507646,-80.4253526,8,13.1,313,NA,NA,NA,NA,NA,NA,NA,NA,NA,NA,NA,NA,NA,NA,NA,NA,NA,0.36,0.92,11.5,83,2,5.5,9,54,1506,231,18,14.8,3.1,2.3,0.6,nonwheat_March,nonwheat,No,Yes
M22_16S_g18_H06,March,LENVT,Geranium_carolinianum,t1p4,p047,M22_1624,Jointing,3/14/23,nonwheat,nonwheat,,sample,18,5,5,NA,NA,NA,NA,NA,19.8,35.37821785,-77.56102784,7,13.4,268,NA,NA,NA,NA,NA,NA,NA,NA,NA,NA,NA,NA,NA,NA,NA,NA,NA,0.46,1.05,5.5,64,1.95,5.25,80.5,92,487,107.5,18.5,17.2,3.75,0.5,0.1,nonwheat_March,nonwheat,No,Yes
M22_16S_g21_A10,March,UNIVT,Geranium_carolinianum,t1p2,p078,M22_2292,Jointing,3/20/23,nonwheat,nonwheat,,sample,21,6,5,NA,NA,NA,NA,NA,41.2,34.95088445,-80.42550235,6,13.1,313,NA,NA,NA,NA,NA,NA,NA,NA,NA,NA,NA,NA,NA,NA,NA,NA,NA,0.41,0.88,10.7,77,2.4,5.2,11,59.5,1305,200.5,18.5,22.95,4.8,2.55,0.4,nonwheat_March,nonwheat,No,Yes
M22_16S_g21_B12,March,LENVT,Geranium_carolinianum,t1p3,p046,M22_1613,Jointing,3/14/23,nonwheat,nonwheat,,sample,21,6,5,NA,NA,NA,NA,NA,23.3,35.3783149,-77.5609829,4,13.4,268,NA,NA,NA,NA,NA,NA,NA,NA,NA,NA,NA,NA,NA,NA,NA,NA,NA,0.46,1.09,4.9,59,2,5.1,71,79,383,94,20,11.9,3.1,0.5,0.1,nonwheat_March,nonwheat,No,Yes
M22_16S_g22_B09,March,LENVT,Geranium_carolinianum,t1p2,p043,M22_1602,Jointing,3/14/23,nonwheat,nonwheat,,sample,22,6,5,NA,NA,NA,NA,NA,23.9,35.37841195,-77.56093795,4,13.4,268,NA,NA,NA,NA,NA,NA,NA,NA,NA,NA,NA,NA,NA,NA,NA,NA,NA,0.46,1.085,5.2,60,2.1,5.1,77,74.5,417,102.5,18.5,16.15,3.9,0.6,0.1,nonwheat_March,nonwheat,No,Yes
M22_16S_g23_B10,March,UNIVT,Geranium_carolinianum,t1p2,p077,M22_2291,Jointing,3/20/23,nonwheat,nonwheat,,sample,23,6,5,NA,NA,NA,NA,NA,41.2,34.95088445,-80.42550235,3,13.1,313,NA,NA,NA,NA,NA,NA,NA,NA,NA,NA,NA,NA,NA,NA,NA,NA,NA,0.41,0.88,10.7,77,2.4,5.2,11,59.5,1305,200.5,18.5,22.95,4.8,2.55,0.4,nonwheat_March,nonwheat,No,Yes
M22_16S_g23_G02,April,WAKMP,Geranium_carolinianum,t1p4,p027,M22_1252,Heading,4/19/23,nonwheat,nonwheat,,sample,23,6,5,NA,NA,NA,NA,NA,20.2,35.73444655,-78.7015935,19,16,419,NA,NA,NA,NA,NA,NA,NA,NA,NA,NA,NA,NA,NA,NA,NA,NA,NA,0.41,1.05,6.75,72.5,1.8,5.5,198,103,706,140,25.5,14.9,11.35,1.15,0.1,nonwheat_April,nonwheat,No,Yes
M22_16S_g24_C01,April,WAKMP,Geranium_carolinianum,t1p1,p023,M22_1210,Heading,4/19/23,nonwheat,nonwheat,,sample,24,6,5,NA,NA,NA,NA,NA,27.7,35.734453,-78.701374,7,16,419,NA,NA,NA,NA,NA,NA,NA,NA,NA,NA,NA,NA,NA,NA,NA,NA,NA,0.32,1.02,8.6,84,1.4,6,429,167,1059,181,18,18.9,20,1.3,0.1,nonwheat_April,nonwheat,No,Yes
M22_16S_g24_C06,March,UNIVT,Geranium_carolinianum,t1p1,p080,M22_2284,Jointing,3/20/23,nonwheat,nonwheat,,sample,24,6,5,NA,NA,NA,NA,NA,34.2,34.9510043,-80.4256521,8,13.1,313,NA,NA,NA,NA,NA,NA,NA,NA,NA,NA,NA,NA,NA,NA,NA,NA,NA,0.46,0.84,9.9,71,2.8,4.9,13,65,1104,170,19,31.1,6.5,2.8,0.2,nonwheat_March,nonwheat,No,Yes
M22_16S_g25_H04,April,WAKMP,Geranium_carolinianum,t1p2,p026,M22_1218,Heading,4/19/23,nonwheat,nonwheat,,sample,25,7,5,NA,NA,NA,NA,NA,22.2,35.73445085,-78.70144717,16,16,419,NA,NA,NA,NA,NA,NA,NA,NA,NA,NA,NA,NA,NA,NA,NA,NA,NA,0.34,1.035,8,81,1.5,5.9,330.5,142.5,932.5,178.5,17,17.1,18.6,1.2,0.1,nonwheat_April,nonwheat,No,Yes
M22_16S_g26_F12,March,LENVT,Geranium_carolinianum,t1p4,p048,M22_1633,Jointing,3/14/23,nonwheat,nonwheat,,sample,26,7,5,NA,NA,NA,NA,NA,19.8,35.37821785,-77.56102784,4,13.4,268,NA,NA,NA,NA,NA,NA,NA,NA,NA,NA,NA,NA,NA,NA,NA,NA,NA,0.46,1.05,5.5,64,1.95,5.25,80.5,92,487,107.5,18.5,17.2,3.75,0.5,0.1,nonwheat_March,nonwheat,No,Yes
M22_16S_g27_F10,March,UNIVT,Geranium_carolinianum,t1p4,p074,M22_2316,Jointing,3/20/23,nonwheat,nonwheat,,sample,27,7,5,NA,NA,NA,NA,NA,35.3,34.95064475,-80.42520285,7,13.1,313,NA,NA,NA,NA,NA,NA,NA,NA,NA,NA,NA,NA,NA,NA,NA,NA,NA,0.385,0.915,11.1,82,2.05,5.45,10.5,55.5,1465,198.5,17.5,23.1,3.65,3.1,0.5,nonwheat_March,nonwheat,No,Yes
M22_16S_g28_C04,April,WAKMP,Geranium_carolinianum,t1p4,p028,M22_1253,Heading,4/19/23,nonwheat,nonwheat,,sample,28,7,5,NA,NA,NA,NA,NA,20.2,35.73444655,-78.7015935,19,16,419,NA,NA,NA,NA,NA,NA,NA,NA,NA,NA,NA,NA,NA,NA,NA,NA,NA,0.41,1.05,6.75,72.5,1.8,5.5,198,103,706,140,25.5,14.9,11.35,1.15,0.1,nonwheat_April,nonwheat,No,Yes
M22_16S_g31_A01,April,WAKMP,Geranium_carolinianum,t1p1,p024,M22_1211,Heading,4/19/23,nonwheat,nonwheat,,sample,31,8,5,NA,NA,NA,NA,NA,27.7,35.734453,-78.701374,7,16,419,NA,NA,NA,NA,NA,NA,NA,NA,NA,NA,NA,NA,NA,NA,NA,NA,NA,0.32,1.02,8.6,84,1.4,6,429,167,1059,181,18,18.9,20,1.3,0.1,nonwheat_April,nonwheat,No,Yes
M22_16S_g01_G05,April,UNIVT,Hordeum_pusillum,t2p1,p042,M22_1045,Heading,4/28/23,nonwheat,nonwheat,,sample,1,1,5,NA,NA,NA,NA,NA,22.9,34.950734,-80.425039,47,16.4,407,NA,NA,NA,NA,NA,NA,NA,NA,NA,NA,NA,NA,NA,NA,NA,NA,NA,0.41,0.91,6.8,75,1.7,5.3,50,74,806,106,15,19.2,3.8,2.3,0.1,nonwheat_April,nonwheat,Yes,Yes
M22_16S_g02_G05,April,UNIVT,Hordeum_pusillum,t2p5,p050,M22_1093,Heading,4/28/23,nonwheat,nonwheat,,sample,2,1,5,NA,NA,NA,NA,NA,22.3,34.9505556,-80.42444444,32,16.4,407,NA,NA,NA,NA,NA,NA,NA,NA,NA,NA,NA,NA,NA,NA,NA,NA,NA,0.36,0.89,5.6,69,1.8,5.1,30,43,636,69,21,22.9,2.5,2.2,0.1,nonwheat_April,nonwheat,Yes,Yes
M22_16S_g05_C10,April,UNIVT,Hordeum_pusillum,t2p2,p044,M22_1063,Heading,4/28/23,nonwheat,nonwheat,,sample,5,2,5,NA,NA,NA,NA,NA,24.2,34.9506894,-80.42489036,34,16.4,407,NA,NA,NA,NA,NA,NA,NA,NA,NA,NA,NA,NA,NA,NA,NA,NA,NA,0.435,0.88,6.8,75.5,1.65,5.35,52,75.5,819.5,101,17,21.5,3.8,2.35,0.1,nonwheat_April,nonwheat,Yes,Yes
M22_16S_g06_B06,April,UNIVT,Hordeum_pusillum,t1p3,p055,M22_1006,Heading,4/28/23,nonwheat,nonwheat,,sample,6,2,5,NA,NA,NA,NA,NA,14.5,34.9507953,-80.4252995,25,16.4,407,NA,NA,NA,NA,NA,NA,NA,NA,NA,NA,NA,NA,NA,NA,NA,NA,NA,0.41,0.96,13.6,89,1.5,5.9,18,57,2222,105,14,22.7,5.6,3.9,0.2,nonwheat_April,nonwheat,Yes,Yes
M22_16S_g09_A03,April,UNIVT,Hordeum_pusillum,t1p1,p052,M22_0987,Heading,4/28/23,nonwheat,nonwheat,,sample,9,3,5,NA,NA,NA,NA,NA,12.5,34.951035,-80.425599,20,16.4,407,NA,NA,NA,NA,NA,NA,NA,NA,NA,NA,NA,NA,NA,NA,NA,NA,NA,0.46,1.01,10.2,73,2.7,4.9,15,62,1049,253,14,18.2,4.1,1.7,0.1,nonwheat_April,nonwheat,Yes,Yes
M22_16S_g09_A04,April,UNIVT,Hordeum_pusillum,t2p1,p041,M22_1044,Heading,4/28/23,nonwheat,nonwheat,,sample,9,3,5,NA,NA,NA,NA,NA,22.9,34.950734,-80.425039,30,16.4,407,NA,NA,NA,NA,NA,NA,NA,NA,NA,NA,NA,NA,NA,NA,NA,NA,NA,0.41,0.91,6.8,75,1.7,5.3,50,74,806,106,15,19.2,3.8,2.3,0.1,nonwheat_April,nonwheat,Yes,Yes
M22_16S_g09_F12,April,UNIVT,Hordeum_pusillum,t1p2,p053,M22_0996,Heading,4/28/23,nonwheat,nonwheat,,sample,9,3,5,NA,NA,NA,NA,NA,7.9,34.95091515,-80.42544925,30,16.4,407,NA,NA,NA,NA,NA,NA,NA,NA,NA,NA,NA,NA,NA,NA,NA,NA,NA,0.435,0.985,11.9,81,2.1,5.4,16.5,59.5,1635.5,179,14,20.45,4.85,2.8,0.15,nonwheat_April,nonwheat,Yes,Yes
M22_16S_g12_H09,April,UNIVT,Hordeum_pusillum,t1p4,p058,M22_1017,Heading,4/28/23,nonwheat,nonwheat,,sample,12,3,5,NA,NA,NA,NA,NA,3,34.95067545,-80.42514975,19,16.4,407,NA,NA,NA,NA,NA,NA,NA,NA,NA,NA,NA,NA,NA,NA,NA,NA,NA,0.435,0.975,11.6,84.5,1.7,5.6,17.5,61.5,1636,192,13,21.45,5.5,3.05,0.25,nonwheat_April,nonwheat,Yes,Yes
M22_16S_g14_C03,April,UNIVT,Hordeum_pusillum,t2p2,p043,M22_1062,Heading,4/28/23,nonwheat,nonwheat,,sample,14,4,5,NA,NA,NA,NA,NA,24.2,34.9506894,-80.42489036,27,16.4,407,NA,NA,NA,NA,NA,NA,NA,NA,NA,NA,NA,NA,NA,NA,NA,NA,NA,0.435,0.88,6.8,75.5,1.65,5.35,52,75.5,819.5,101,17,21.5,3.8,2.35,0.1,nonwheat_April,nonwheat,Yes,Yes
M22_16S_g14_C12,April,UNIVT,Hordeum_pusillum,t1p1,p051,M22_0986,Heading,4/28/23,nonwheat,nonwheat,,sample,14,4,5,NA,NA,NA,NA,NA,12.5,34.951035,-80.425599,36,16.4,407,NA,NA,NA,NA,NA,NA,NA,NA,NA,NA,NA,NA,NA,NA,NA,NA,NA,0.46,1.01,10.2,73,2.7,4.9,15,62,1049,253,14,18.2,4.1,1.7,0.1,nonwheat_April,nonwheat,Yes,Yes
M22_16S_g18_F08,April,UNIVT,Hordeum_pusillum,t1p4,p057,M22_1016,Heading,4/28/23,nonwheat,nonwheat,,sample,18,5,5,NA,NA,NA,NA,NA,3,34.95067545,-80.42514975,25,16.4,407,NA,NA,NA,NA,NA,NA,NA,NA,NA,NA,NA,NA,NA,NA,NA,NA,NA,0.435,0.975,11.6,84.5,1.7,5.6,17.5,61.5,1636,192,13,21.45,5.5,3.05,0.25,nonwheat_April,nonwheat,Yes,Yes
M22_16S_g18_H01,April,UNIVT,Hordeum_pusillum,t2p3,p045,M22_1072,Heading,4/28/23,nonwheat,nonwheat,,sample,18,5,5,NA,NA,NA,NA,NA,23.8,34.9506448,-80.42474172,37,16.4,407,NA,NA,NA,NA,NA,NA,NA,NA,NA,NA,NA,NA,NA,NA,NA,NA,NA,0.46,0.85,6.8,76,1.6,5.4,54,77,833,96,19,23.8,3.8,2.4,0.1,nonwheat_April,nonwheat,Yes,Yes
M22_16S_g21_E12,April,UNIVT,Hordeum_pusillum,t2p4,p047,M22_1082,Heading,4/28/23,nonwheat,nonwheat,,sample,21,6,5,NA,NA,NA,NA,NA,18.1,34.9506002,-80.42459308,32,16.4,407,NA,NA,NA,NA,NA,NA,NA,NA,NA,NA,NA,NA,NA,NA,NA,NA,NA,0.41,0.87,6.2,72.5,1.7,5.25,42,60,734.5,82.5,20,23.35,3.15,2.3,0.1,nonwheat_April,nonwheat,Yes,Yes
M22_16S_g24_B08,April,UNIVT,Hordeum_pusillum,t2p3,p046,M22_1073,Heading,4/28/23,nonwheat,nonwheat,,sample,24,6,5,NA,NA,NA,NA,NA,23.8,34.9506448,-80.42474172,47,16.4,407,NA,NA,NA,NA,NA,NA,NA,NA,NA,NA,NA,NA,NA,NA,NA,NA,NA,0.46,0.85,6.8,76,1.6,5.4,54,77,833,96,19,23.8,3.8,2.4,0.1,nonwheat_April,nonwheat,Yes,Yes
M22_16S_g25_E06,April,UNIVT,Hordeum_pusillum,t1p5,p059,M22_1026,Heading,4/28/23,nonwheat,nonwheat,,sample,25,7,5,NA,NA,NA,NA,NA,7,34.9505556,-80.425,20,16.4,407,NA,NA,NA,NA,NA,NA,NA,NA,NA,NA,NA,NA,NA,NA,NA,NA,NA,0.46,0.99,9.6,80,1.9,5.3,17,66,1050,279,12,20.2,5.4,2.2,0.3,nonwheat_April,nonwheat,Yes,Yes
M22_16S_g25_F11,April,UNIVT,Hordeum_pusillum,t2p5,p049,M22_1092,Heading,4/28/23,nonwheat,nonwheat,,sample,25,7,5,NA,NA,NA,NA,NA,22.3,34.9505556,-80.42444444,30,16.4,407,NA,NA,NA,NA,NA,NA,NA,NA,NA,NA,NA,NA,NA,NA,NA,NA,NA,0.36,0.89,5.6,69,1.8,5.1,30,43,636,69,21,22.9,2.5,2.2,0.1,nonwheat_April,nonwheat,Yes,Yes
M22_16S_g26_G03,April,UNIVT,Hordeum_pusillum,t2p4,p048,M22_1083,Heading,4/28/23,nonwheat,nonwheat,,sample,26,7,5,NA,NA,NA,NA,NA,18.1,34.9506002,-80.42459308,40,16.4,407,NA,NA,NA,NA,NA,NA,NA,NA,NA,NA,NA,NA,NA,NA,NA,NA,NA,0.41,0.87,6.2,72.5,1.7,5.25,42,60,734.5,82.5,20,23.35,3.15,2.3,0.1,nonwheat_April,nonwheat,Yes,Yes
M22_16S_g28_H12,April,UNIVT,Hordeum_pusillum,t1p2,p054,M22_0997,Heading,4/28/23,nonwheat,nonwheat,,sample,28,7,5,NA,NA,NA,NA,NA,7.9,34.95091515,-80.42544925,25,16.4,407,NA,NA,NA,NA,NA,NA,NA,NA,NA,NA,NA,NA,NA,NA,NA,NA,NA,0.435,0.985,11.9,81,2.1,5.4,16.5,59.5,1635.5,179,14,20.45,4.85,2.8,0.15,nonwheat_April,nonwheat,Yes,Yes
M22_16S_g29_A07,April,UNIVT,Hordeum_pusillum,t1p3,p056,M22_1007,Heading,4/28/23,nonwheat,nonwheat,,sample,29,8,5,NA,NA,NA,NA,NA,14.5,34.9507953,-80.4252995,31,16.4,407,NA,NA,NA,NA,NA,NA,NA,NA,NA,NA,NA,NA,NA,NA,NA,NA,NA,0.41,0.96,13.6,89,1.5,5.9,18,57,2222,105,14,22.7,5.6,3.9,0.2,nonwheat_April,nonwheat,Yes,Yes
M22_16S_g30_B02,April,UNIVT,Hordeum_pusillum,t1p5,p060,M22_1027,Heading,4/28/23,nonwheat,nonwheat,,sample,30,8,5,NA,NA,NA,NA,NA,7,34.9505556,-80.425,23,16.4,407,NA,NA,NA,NA,NA,NA,NA,NA,NA,NA,NA,NA,NA,NA,NA,NA,NA,0.46,0.99,9.6,80,1.9,5.3,17,66,1050,279,12,20.2,5.4,2.2,0.3,nonwheat_April,nonwheat,Yes,Yes
M22_16S_g03_D03,April,UNIVT,Hordeum_vulgare,field,p106,M22_0943,Heading,4/28/23,nonwheat,nonwheat,,sample,3,1,5,NA,NA,NA,NA,NA,NA,34.949337,-80.424468,90,16.4,407,NA,NA,NA,NA,NA,NA,NA,NA,NA,NA,NA,NA,NA,NA,NA,NA,NA,NA,NA,NA,NA,NA,NA,NA,NA,NA,NA,NA,NA,NA,NA,NA,nonwheat_April,nonwheat,Yes,Yes
M22_16S_g04_A01,April,WASVT,Hordeum_vulgare,field,p095,M22_1400,Heading,5/9/23,nonwheat,nonwheat,,sample,4,1,5,NA,NA,NA,NA,NA,NA,35.849167,-76.655278,75,16.2,364,NA,NA,NA,NA,NA,NA,NA,NA,NA,NA,NA,NA,NA,NA,NA,NA,NA,4.81,0.97,10.7,70,3.2,5.3,108,163,970,262,17,4.7,1.4,0.9,0.1,nonwheat_April,nonwheat,Yes,Yes
M22_16S_g04_D08,April,WASVT,Hordeum_vulgare,field,p093,M22_1398,Heading,5/9/23,nonwheat,nonwheat,,sample,4,1,5,NA,NA,NA,NA,NA,NA,35.849167,-76.655278,70,16.2,364,NA,NA,NA,NA,NA,NA,NA,NA,NA,NA,NA,NA,NA,NA,NA,NA,NA,4.81,0.97,10.7,70,3.2,5.3,108,163,970,262,17,4.7,1.4,0.9,0.1,nonwheat_April,nonwheat,Yes,Yes
M22_16S_g05_H02,April,WASVT,Hordeum_vulgare,field,p092,M22_1397,Heading,5/9/23,nonwheat,nonwheat,,sample,5,2,5,NA,NA,NA,NA,NA,NA,35.849167,-76.655278,72,16.2,364,NA,NA,NA,NA,NA,NA,NA,NA,NA,NA,NA,NA,NA,NA,NA,NA,NA,4.81,0.97,10.7,70,3.2,5.3,108,163,970,262,17,4.7,1.4,0.9,0.1,nonwheat_April,nonwheat,Yes,Yes
M22_16S_g06_B02,April,UNIVT,Hordeum_vulgare,field,p110,M22_0947,Heading,4/28/23,nonwheat,nonwheat,,sample,6,2,5,NA,NA,NA,NA,NA,NA,34.949337,-80.424468,93,16.4,407,NA,NA,NA,NA,NA,NA,NA,NA,NA,NA,NA,NA,NA,NA,NA,NA,NA,NA,NA,NA,NA,NA,NA,NA,NA,NA,NA,NA,NA,NA,NA,NA,nonwheat_April,nonwheat,Yes,Yes
M22_16S_g07_D07,April,WASVT,Hordeum_vulgare,field,p099,M22_1404,Heading,5/9/23,nonwheat,nonwheat,,sample,7,2,5,NA,NA,NA,NA,NA,NA,35.849167,-76.655278,73,16.2,364,NA,NA,NA,NA,NA,NA,NA,NA,NA,NA,NA,NA,NA,NA,NA,NA,NA,4.81,0.97,10.7,70,3.2,5.3,108,163,970,262,17,4.7,1.4,0.9,0.1,nonwheat_April,nonwheat,Yes,Yes
M22_16S_g07_F02,April,UNIVT,Hordeum_vulgare,field,p101,M22_0938,Heading,4/28/23,nonwheat,nonwheat,,sample,7,2,5,NA,NA,NA,NA,NA,NA,34.949337,-80.424468,88,16.4,407,NA,NA,NA,NA,NA,NA,NA,NA,NA,NA,NA,NA,NA,NA,NA,NA,NA,NA,NA,NA,NA,NA,NA,NA,NA,NA,NA,NA,NA,NA,NA,NA,nonwheat_April,nonwheat,Yes,Yes
M22_16S_g07_G08,April,UNIVT,Hordeum_vulgare,field,p108,M22_0945,Heading,4/28/23,nonwheat,nonwheat,,sample,7,2,5,NA,NA,NA,NA,NA,NA,34.949337,-80.424468,102,16.4,407,NA,NA,NA,NA,NA,NA,NA,NA,NA,NA,NA,NA,NA,NA,NA,NA,NA,NA,NA,NA,NA,NA,NA,NA,NA,NA,NA,NA,NA,NA,NA,NA,nonwheat_April,nonwheat,Yes,Yes
M22_16S_g08_G07,April,ROBVT,Hordeum_vulgare,field,p078,M22_0516,Heading,4/24/23,nonwheat,nonwheat,,sample,8,2,5,NA,NA,NA,NA,NA,8.9,34.5111111,-79.30611111,61,18.1,296,NA,NA,NA,NA,NA,NA,NA,NA,NA,NA,NA,NA,NA,NA,NA,NA,NA,NA,NA,NA,NA,NA,NA,NA,NA,NA,NA,NA,NA,NA,NA,NA,nonwheat_April,nonwheat,Yes,Yes
M22_16S_g08_H10,April,ROBVT,Hordeum_vulgare,field,p076,M22_0514,Heading,4/24/23,nonwheat,nonwheat,,sample,8,2,5,NA,NA,NA,NA,NA,8.9,34.5111111,-79.30611111,50,18.1,296,NA,NA,NA,NA,NA,NA,NA,NA,NA,NA,NA,NA,NA,NA,NA,NA,NA,NA,NA,NA,NA,NA,NA,NA,NA,NA,NA,NA,NA,NA,NA,NA,nonwheat_April,nonwheat,Yes,Yes
M22_16S_g10_G07,April,ROBVT,Hordeum_vulgare,field,p077,M22_0515,Heading,4/24/23,nonwheat,nonwheat,,sample,10,3,5,NA,NA,NA,NA,NA,8.9,34.5111111,-79.30611111,53,18.1,296,NA,NA,NA,NA,NA,NA,NA,NA,NA,NA,NA,NA,NA,NA,NA,NA,NA,NA,NA,NA,NA,NA,NA,NA,NA,NA,NA,NA,NA,NA,NA,NA,nonwheat_April,nonwheat,Yes,Yes
M22_16S_g11_E04,April,ROBVT,Hordeum_vulgare,field,p071,M22_0509,Heading,4/24/23,nonwheat,nonwheat,,sample,11,3,5,NA,NA,NA,NA,NA,8.9,34.5111111,-79.30611111,68,18.1,296,NA,NA,NA,NA,NA,NA,NA,NA,NA,NA,NA,NA,NA,NA,NA,NA,NA,NA,NA,NA,NA,NA,NA,NA,NA,NA,NA,NA,NA,NA,NA,NA,nonwheat_April,nonwheat,Yes,Yes
M22_16S_g11_F03,April,ROBVT,Hordeum_vulgare,field,p073,M22_0511,Heading,4/24/23,nonwheat,nonwheat,,sample,11,3,5,NA,NA,NA,NA,NA,8.9,34.5111111,-79.30611111,56,18.1,296,NA,NA,NA,NA,NA,NA,NA,NA,NA,NA,NA,NA,NA,NA,NA,NA,NA,NA,NA,NA,NA,NA,NA,NA,NA,NA,NA,NA,NA,NA,NA,NA,nonwheat_April,nonwheat,Yes,Yes
M22_16S_g11_F04,April,ROBVT,Hordeum_vulgare,field,p080,M22_0518,Heading,4/24/23,nonwheat,nonwheat,,sample,11,3,5,NA,NA,NA,NA,NA,8.9,34.5111111,-79.30611111,60,18.1,296,NA,NA,NA,NA,NA,NA,NA,NA,NA,NA,NA,NA,NA,NA,NA,NA,NA,NA,NA,NA,NA,NA,NA,NA,NA,NA,NA,NA,NA,NA,NA,NA,nonwheat_April,nonwheat,Yes,Yes
M22_16S_g12_H11,April,UNIVT,Hordeum_vulgare,field,p109,M22_0946,Heading,4/28/23,nonwheat,nonwheat,,sample,12,3,5,NA,NA,NA,NA,NA,NA,34.949337,-80.424468,94,16.4,407,NA,NA,NA,NA,NA,NA,NA,NA,NA,NA,NA,NA,NA,NA,NA,NA,NA,NA,NA,NA,NA,NA,NA,NA,NA,NA,NA,NA,NA,NA,NA,NA,nonwheat_April,nonwheat,Yes,Yes
M22_16S_g13_G09,April,UNIVT,Hordeum_vulgare,field,p107,M22_0944,Heading,4/28/23,nonwheat,nonwheat,,sample,13,4,5,NA,NA,NA,NA,NA,NA,34.949337,-80.424468,101,16.4,407,NA,NA,NA,NA,NA,NA,NA,NA,NA,NA,NA,NA,NA,NA,NA,NA,NA,NA,NA,NA,NA,NA,NA,NA,NA,NA,NA,NA,NA,NA,NA,NA,nonwheat_April,nonwheat,Yes,Yes
M22_16S_g14_E01,April,UNIVT,Hordeum_vulgare,field,p104,M22_0941,Heading,4/28/23,nonwheat,nonwheat,,sample,14,4,1.39,NA,NA,NA,NA,NA,NA,34.949337,-80.424468,88,16.4,407,NA,NA,NA,NA,NA,NA,NA,NA,NA,NA,NA,NA,NA,NA,NA,NA,NA,NA,NA,NA,NA,NA,NA,NA,NA,NA,NA,NA,NA,NA,NA,NA,nonwheat_April,nonwheat,Yes,Yes
M22_16S_g15_D11,April,ROBVT,Hordeum_vulgare,field,p072,M22_0510,Heading,4/24/23,nonwheat,nonwheat,,sample,15,4,5,NA,NA,NA,NA,NA,8.9,34.5111111,-79.30611111,68,18.1,296,NA,NA,NA,NA,NA,NA,NA,NA,NA,NA,NA,NA,NA,NA,NA,NA,NA,NA,NA,NA,NA,NA,NA,NA,NA,NA,NA,NA,NA,NA,NA,NA,nonwheat_April,nonwheat,Yes,Yes
M22_16S_g15_E06,April,ROBVT,Hordeum_vulgare,field,p075,M22_0513,Heading,4/24/23,nonwheat,nonwheat,,sample,15,4,5,NA,NA,NA,NA,NA,8.9,34.5111111,-79.30611111,48,18.1,296,NA,NA,NA,NA,NA,NA,NA,NA,NA,NA,NA,NA,NA,NA,NA,NA,NA,NA,NA,NA,NA,NA,NA,NA,NA,NA,NA,NA,NA,NA,NA,NA,nonwheat_April,nonwheat,Yes,Yes
M22_16S_g16_B10,April,ROBVT,Hordeum_vulgare,field,p074,M22_0512,Heading,4/24/23,nonwheat,nonwheat,,sample,16,4,2.95,NA,NA,NA,NA,NA,8.9,34.5111111,-79.30611111,54,18.1,296,NA,NA,NA,NA,NA,NA,NA,NA,NA,NA,NA,NA,NA,NA,NA,NA,NA,NA,NA,NA,NA,NA,NA,NA,NA,NA,NA,NA,NA,NA,NA,NA,nonwheat_April,nonwheat,Yes,Yes
M22_16S_g16_G01,April,LENVT,Hordeum_vulgare,field,p106,M22_0100,Heading,4/20/23,nonwheat,nonwheat,,sample,16,4,0.29,NA,NA,NA,NA,NA,10.9,35.378336,-77.560041,81,16.4,335,NA,NA,NA,NA,NA,NA,NA,NA,NA,NA,NA,NA,NA,NA,NA,NA,NA,NA,NA,NA,NA,NA,NA,NA,NA,NA,NA,NA,NA,NA,NA,NA,nonwheat_April,nonwheat,Yes,Yes
M22_16S_g18_F11,April,UNIVT,Hordeum_vulgare,field,p105,M22_0942,Heading,4/28/23,nonwheat,nonwheat,,sample,18,5,5,NA,NA,NA,NA,NA,NA,34.949337,-80.424468,95,16.4,407,NA,NA,NA,NA,NA,NA,NA,NA,NA,NA,NA,NA,NA,NA,NA,NA,NA,NA,NA,NA,NA,NA,NA,NA,NA,NA,NA,NA,NA,NA,NA,NA,nonwheat_April,nonwheat,Yes,Yes
M22_16S_g20_E04,April,LENVT,Hordeum_vulgare,field,p108,M22_0102,Heading,4/20/23,nonwheat,nonwheat,,sample,20,5,5,NA,NA,NA,NA,NA,10.9,35.378336,-77.560041,79.8,16.4,335,NA,NA,NA,NA,NA,NA,NA,NA,NA,NA,NA,NA,NA,NA,NA,NA,NA,NA,NA,NA,NA,NA,NA,NA,NA,NA,NA,NA,NA,NA,NA,NA,nonwheat_April,nonwheat,Yes,Yes
M22_16S_g21_A06,April,LENVT,Hordeum_vulgare,field,p107,M22_0101,Heading,4/20/23,nonwheat,nonwheat,,sample,21,6,5,NA,NA,NA,NA,NA,10.9,35.378336,-77.560041,77.7,16.4,335,NA,NA,NA,NA,NA,NA,NA,NA,NA,NA,NA,NA,NA,NA,NA,NA,NA,NA,NA,NA,NA,NA,NA,NA,NA,NA,NA,NA,NA,NA,NA,NA,nonwheat_April,nonwheat,Yes,Yes
M22_16S_g21_A08,April,LENVT,Hordeum_vulgare,field,p105,M22_0099,Heading,4/20/23,nonwheat,nonwheat,,sample,21,6,5,NA,NA,NA,NA,NA,10.9,35.378336,-77.560041,91.5,16.4,335,NA,NA,NA,NA,NA,NA,NA,NA,NA,NA,NA,NA,NA,NA,NA,NA,NA,NA,NA,NA,NA,NA,NA,NA,NA,NA,NA,NA,NA,NA,NA,NA,nonwheat_April,nonwheat,Yes,Yes
M22_16S_g22_C12,April,LENVT,Hordeum_vulgare,field,p109,M22_0103,Heading,4/20/23,nonwheat,nonwheat,,sample,22,6,5,NA,NA,NA,NA,NA,10.9,35.378336,-77.560041,74.6,16.4,335,NA,NA,NA,NA,NA,NA,NA,NA,NA,NA,NA,NA,NA,NA,NA,NA,NA,NA,NA,NA,NA,NA,NA,NA,NA,NA,NA,NA,NA,NA,NA,NA,nonwheat_April,nonwheat,Yes,Yes
M22_16S_g22_E03,April,WASVT,Hordeum_vulgare,field,p097,M22_1402,Heading,5/9/23,nonwheat,nonwheat,,sample,22,6,5,NA,NA,NA,NA,NA,NA,35.849167,-76.655278,73,16.2,364,NA,NA,NA,NA,NA,NA,NA,NA,NA,NA,NA,NA,NA,NA,NA,NA,NA,4.81,0.97,10.7,70,3.2,5.3,108,163,970,262,17,4.7,1.4,0.9,0.1,nonwheat_April,nonwheat,Yes,Yes
M22_16S_g23_A09,April,ROBVT,Hordeum_vulgare,field,p079,M22_0517,Heading,4/24/23,nonwheat,nonwheat,,sample,23,6,5,NA,NA,NA,NA,NA,8.9,34.5111111,-79.30611111,56,18.1,296,NA,NA,NA,NA,NA,NA,NA,NA,NA,NA,NA,NA,NA,NA,NA,NA,NA,NA,NA,NA,NA,NA,NA,NA,NA,NA,NA,NA,NA,NA,NA,NA,nonwheat_April,nonwheat,Yes,Yes
M22_16S_g23_A12,April,WASVT,Hordeum_vulgare,field,p091,M22_1396,Heading,5/9/23,nonwheat,nonwheat,,sample,23,6,5,NA,NA,NA,NA,NA,NA,35.849167,-76.655278,75,16.2,364,NA,NA,NA,NA,NA,NA,NA,NA,NA,NA,NA,NA,NA,NA,NA,NA,NA,4.81,0.97,10.7,70,3.2,5.3,108,163,970,262,17,4.7,1.4,0.9,0.1,nonwheat_April,nonwheat,Yes,Yes
M22_16S_g24_G01,April,WASVT,Hordeum_vulgare,field,p094,M22_1399,Heading,5/9/23,nonwheat,nonwheat,,sample,24,6,5,NA,NA,NA,NA,NA,NA,35.849167,-76.655278,72,16.2,364,NA,NA,NA,NA,NA,NA,NA,NA,NA,NA,NA,NA,NA,NA,NA,NA,NA,4.81,0.97,10.7,70,3.2,5.3,108,163,970,262,17,4.7,1.4,0.9,0.1,nonwheat_April,nonwheat,Yes,Yes
M22_16S_g25_A10,April,LENVT,Hordeum_vulgare,field,p103,M22_0097,Heading,4/20/23,nonwheat,nonwheat,,sample,25,7,5,NA,NA,NA,NA,NA,10.9,35.378336,-77.560041,84.3,16.4,335,NA,NA,NA,NA,NA,NA,NA,NA,NA,NA,NA,NA,NA,NA,NA,NA,NA,NA,NA,NA,NA,NA,NA,NA,NA,NA,NA,NA,NA,NA,NA,NA,nonwheat_April,nonwheat,Yes,Yes
M22_16S_g27_G01,April,UNIVT,Hordeum_vulgare,field,p102,M22_0939,Heading,4/28/23,nonwheat,nonwheat,,sample,27,7,5,NA,NA,NA,NA,NA,NA,34.949337,-80.424468,100,16.4,407,NA,NA,NA,NA,NA,NA,NA,NA,NA,NA,NA,NA,NA,NA,NA,NA,NA,NA,NA,NA,NA,NA,NA,NA,NA,NA,NA,NA,NA,NA,NA,NA,nonwheat_April,nonwheat,Yes,Yes
M22_16S_g28_A03,April,UNIVT,Hordeum_vulgare,field,p103,M22_0940,Heading,4/28/23,nonwheat,nonwheat,,sample,28,7,5,NA,NA,NA,NA,NA,NA,34.949337,-80.424468,83,16.4,407,NA,NA,NA,NA,NA,NA,NA,NA,NA,NA,NA,NA,NA,NA,NA,NA,NA,NA,NA,NA,NA,NA,NA,NA,NA,NA,NA,NA,NA,NA,NA,NA,nonwheat_April,nonwheat,Yes,Yes
M22_16S_g28_E12,April,LENVT,Hordeum_vulgare,field,p104,M22_0098,Heading,4/20/23,nonwheat,nonwheat,,sample,28,7,5,NA,NA,NA,NA,NA,10.9,35.378336,-77.560041,89.8,16.4,335,NA,NA,NA,NA,NA,NA,NA,NA,NA,NA,NA,NA,NA,NA,NA,NA,NA,NA,NA,NA,NA,NA,NA,NA,NA,NA,NA,NA,NA,NA,NA,NA,nonwheat_April,nonwheat,Yes,Yes
M22_16S_g28_F01,April,WASVT,Hordeum_vulgare,field,p100,M22_1405,Heading,5/9/23,nonwheat,nonwheat,,sample,28,7,5,NA,NA,NA,NA,NA,NA,35.849167,-76.655278,66,16.2,364,NA,NA,NA,NA,NA,NA,NA,NA,NA,NA,NA,NA,NA,NA,NA,NA,NA,4.81,0.97,10.7,70,3.2,5.3,108,163,970,262,17,4.7,1.4,0.9,0.1,nonwheat_April,nonwheat,Yes,Yes
M22_16S_g29_F06,April,WASVT,Hordeum_vulgare,field,p096,M22_1401,Heading,5/9/23,nonwheat,nonwheat,,sample,29,8,5,NA,NA,NA,NA,NA,NA,35.849167,-76.655278,78,16.2,364,NA,NA,NA,NA,NA,NA,NA,NA,NA,NA,NA,NA,NA,NA,NA,NA,NA,4.81,0.97,10.7,70,3.2,5.3,108,163,970,262,17,4.7,1.4,0.9,0.1,nonwheat_April,nonwheat,Yes,Yes
M22_16S_g30_B03,April,LENVT,Hordeum_vulgare,field,p102,M22_0088,Heading,4/20/23,nonwheat,nonwheat,,sample,30,8,5,NA,NA,NA,NA,NA,10.9,35.378336,-77.560041,98.3,16.4,335,NA,NA,NA,NA,NA,NA,NA,NA,NA,NA,NA,NA,NA,NA,NA,NA,NA,NA,NA,NA,NA,NA,NA,NA,NA,NA,NA,NA,NA,NA,NA,NA,nonwheat_April,nonwheat,Yes,Yes
M22_16S_g30_B04,April,LENVT,Hordeum_vulgare,field,p110,M22_0104,Heading,4/20/23,nonwheat,nonwheat,,sample,30,8,5,NA,NA,NA,NA,NA,10.9,35.378336,-77.560041,96.5,16.4,335,NA,NA,NA,NA,NA,NA,NA,NA,NA,NA,NA,NA,NA,NA,NA,NA,NA,NA,NA,NA,NA,NA,NA,NA,NA,NA,NA,NA,NA,NA,NA,NA,nonwheat_April,nonwheat,Yes,Yes
M22_16S_g30_D12,April,WASVT,Hordeum_vulgare,field,p098,M22_1403,Heading,5/9/23,nonwheat,nonwheat,,sample,30,8,5,NA,NA,NA,NA,NA,NA,35.849167,-76.655278,69,16.2,364,NA,NA,NA,NA,NA,NA,NA,NA,NA,NA,NA,NA,NA,NA,NA,NA,NA,4.81,0.97,10.7,70,3.2,5.3,108,163,970,262,17,4.7,1.4,0.9,0.1,nonwheat_April,nonwheat,Yes,Yes
M22_16S_g31_C11,April,LENVT,Hordeum_vulgare,field,p101,M22_0087,Heading,4/20/23,nonwheat,nonwheat,,sample,31,8,5,NA,NA,NA,NA,NA,10.9,35.378336,-77.560041,82.4,16.4,335,NA,NA,NA,NA,NA,NA,NA,NA,NA,NA,NA,NA,NA,NA,NA,NA,NA,NA,NA,NA,NA,NA,NA,NA,NA,NA,NA,NA,NA,NA,NA,NA,nonwheat_April,nonwheat,Yes,Yes
M22_16S_g02_C09,March,ROBVT,Hypochaeris_radicata,t1p1,p022,M22_1935,Jointing,3/21/23,nonwheat,nonwheat,,sample,2,1,5,NA,NA,NA,NA,NA,25.7,34.5704329,-79.3050959,1,14.7,239,NA,NA,NA,NA,NA,NA,NA,NA,NA,NA,NA,NA,NA,NA,NA,NA,NA,0.81,0.95,6.5,50,3.2,4.8,61,81,455,98,19,16.9,9.8,0.7,0,nonwheat_March,nonwheat,No,Yes
M22_16S_g03_A10,March,ROBVT,Hypochaeris_radicata,t1p5,p030,M22_1975,Jointing,3/21/23,nonwheat,nonwheat,,sample,3,1,5,NA,NA,NA,NA,NA,20.6,34.5207575,-79.3048994,2,14.7,239,NA,NA,NA,NA,NA,NA,NA,NA,NA,NA,NA,NA,NA,NA,NA,NA,NA,1.19,0.95,10,78,2.2,5.5,146,146,1253,140,16,16.7,63.6,1.7,0.1,nonwheat_March,nonwheat,No,Yes
M22_16S_g03_D10,March,ROBVT,Hypochaeris_radicata,t1p2,p023,M22_1950,Jointing,3/21/23,nonwheat,nonwheat,,sample,3,1,5,NA,NA,NA,NA,NA,25.5,34.55801405,-79.30504678,1,14.7,239,NA,NA,NA,NA,NA,NA,NA,NA,NA,NA,NA,NA,NA,NA,NA,NA,NA,0.705,0.98,5.65,47.5,2.9,4.8,42.5,84,375.5,77,18.5,13.95,20.8,0.65,0.05,nonwheat_March,nonwheat,No,Yes
M22_16S_g04_E10,April,ROBVT,Hypochaeris_radicata,t1p5,p031,M22_0587,Heading,4/24/23,nonwheat,nonwheat,,sample,4,1,5,NA,NA,NA,NA,NA,9.1,34.4607226,-79.3049465,46,18.1,296,NA,NA,NA,NA,NA,NA,NA,NA,NA,NA,NA,NA,NA,NA,NA,NA,NA,0.76,1.06,6.6,60,2.7,5,131,157,522,114,16,16.7,31.8,2.1,0,nonwheat_April,nonwheat,No,Yes
M22_16S_g05_B12,April,ROBVT,Hypochaeris_radicata,t1p3,p036,M22_0592,Heading,4/24/23,nonwheat,nonwheat,,sample,5,2,5,NA,NA,NA,NA,NA,6.6,34.4855603,-79.30504475,23,18.1,296,NA,NA,NA,NA,NA,NA,NA,NA,NA,NA,NA,NA,NA,NA,NA,NA,NA,0.66,1.1,6.8,64,2.4,5.2,71,220,542,137,14,9.8,12.1,0.6,0,nonwheat_April,nonwheat,No,Yes
M22_16S_g05_F01,April,ROBVT,Hypochaeris_radicata,t1p5,p032,M22_0588,Heading,4/24/23,nonwheat,nonwheat,,sample,5,2,0.67,NA,NA,NA,NA,NA,9.1,34.4607226,-79.3049465,50,18.1,296,NA,NA,NA,NA,NA,NA,NA,NA,NA,NA,NA,NA,NA,NA,NA,NA,NA,0.76,1.06,6.6,60,2.7,5,131,157,522,114,16,16.7,31.8,2.1,0,nonwheat_April,nonwheat,No,Yes
M22_16S_g05_G12,April,ROWVT,Hypochaeris_radicata,t2p4,p087,M22_0842,Heading,4/27/23,nonwheat,nonwheat,,sample,5,2,5,NA,NA,NA,NA,NA,12.5,35.69639293,-80.62234192,2,15,469,NA,NA,NA,NA,NA,NA,NA,NA,NA,NA,NA,NA,NA,NA,NA,NA,NA,0.51,0.815,10.3,82.5,1.8,5.85,50,253.5,1119,276.5,13,89.75,6.9,2.95,0.1,nonwheat_April,nonwheat,No,Yes
M22_16S_g06_G07,April,ROWVT,Hypochaeris_radicata,t2p3,p086,M22_0835,Heading,4/27/23,nonwheat,nonwheat,,sample,6,2,5,NA,NA,NA,NA,NA,11.1,35.69639695,-80.62246161,7,15,469,NA,NA,NA,NA,NA,NA,NA,NA,NA,NA,NA,NA,NA,NA,NA,NA,NA,0.56,0.77,10.8,81,2,5.7,55,254,1154,290,15,90.6,7.8,2.9,0.1,nonwheat_April,nonwheat,No,Yes
M22_16S_g08_G05,April,ROWVT,Hypochaeris_radicata,t2p5,p089,M22_0850,Heading,4/27/23,nonwheat,nonwheat,,sample,8,2,5,NA,NA,NA,NA,NA,9.6,35.6963889,-80.62222222,2,15,469,NA,NA,NA,NA,NA,NA,NA,NA,NA,NA,NA,NA,NA,NA,NA,NA,NA,0.46,0.86,9.8,84,1.6,6,45,253,1084,263,11,88.9,6,3,0.1,nonwheat_April,nonwheat,No,Yes
M22_16S_g11_A09,April,ROWVT,Hypochaeris_radicata,t2p2,p083,M22_0826,Heading,4/27/23,nonwheat,nonwheat,,sample,11,3,5,NA,NA,NA,NA,NA,14.5,35.69640098,-80.62258131,2,15,469,NA,NA,NA,NA,NA,NA,NA,NA,NA,NA,NA,NA,NA,NA,NA,NA,NA,0.58,0.815,9.45,75.5,2.2,5.45,51.5,230,950,233,16,66.35,8.25,2.9,0.1,nonwheat_April,nonwheat,No,Yes
M22_16S_g11_D01,April,ROBVT,Hypochaeris_radicata,t2p3,p065,M22_0621,Heading,4/24/23,nonwheat,nonwheat,,sample,11,3,5,NA,NA,NA,NA,NA,12.9,34.51095165,-79.30498465,15,18.1,296,NA,NA,NA,NA,NA,NA,NA,NA,NA,NA,NA,NA,NA,NA,NA,NA,NA,0.46,0.95,10.1,81,1.9,5.8,46,335,1047,260,17,19,20.6,1.3,0,nonwheat_April,nonwheat,No,Yes
M22_16S_g11_D09,April,ROBVT,Hypochaeris_radicata,t1p2,p038,M22_0594,Heading,4/24/23,nonwheat,nonwheat,,sample,11,3,5,NA,NA,NA,NA,NA,12.6,34.49797915,-79.30509388,40,18.1,296,NA,NA,NA,NA,NA,NA,NA,NA,NA,NA,NA,NA,NA,NA,NA,NA,NA,0.61,1.09,5.85,60.5,2.25,5.1,135.5,182.5,428,119,13,8.15,8.75,0.75,0,nonwheat_April,nonwheat,No,Yes
M22_16S_g11_F01,April,ROWVT,Hypochaeris_radicata,t2p1,p082,M22_0819,Heading,4/27/23,nonwheat,nonwheat,,sample,11,3,0.69,NA,NA,NA,NA,NA,15.3,35.696405,-80.622701,2,15,469,NA,NA,NA,NA,NA,NA,NA,NA,NA,NA,NA,NA,NA,NA,NA,NA,NA,0.6,0.86,8.1,70,2.4,5.2,48,206,746,176,17,42.1,8.7,2.9,0.1,nonwheat_April,nonwheat,No,Yes
M22_16S_g13_C02,March,ROBVT,Hypochaeris_radicata,t1p4,p028,M22_1967,Jointing,3/21/23,nonwheat,nonwheat,,sample,13,4,5,NA,NA,NA,NA,NA,21.7,34.53317635,-79.30494853,1,14.7,239,NA,NA,NA,NA,NA,NA,NA,NA,NA,NA,NA,NA,NA,NA,NA,NA,NA,0.895,0.98,7.4,61.5,2.4,5.15,85,116.5,774.5,98,17,13.85,47.7,1.15,0.1,nonwheat_March,nonwheat,No,Yes
M22_16S_g14_E04,March,ROBVT,Hypochaeris_radicata,t1p3,p026,M22_1959,Jointing,3/21/23,nonwheat,nonwheat,,sample,14,4,5,NA,NA,NA,NA,NA,29.3,34.5455952,-79.30499765,1,14.7,239,NA,NA,NA,NA,NA,NA,NA,NA,NA,NA,NA,NA,NA,NA,NA,NA,NA,0.6,1.01,4.8,45,2.6,4.8,24,87,296,56,18,11,31.8,0.6,0.1,nonwheat_March,nonwheat,No,Yes
M22_16S_g15_B02,April,ROBVT,Hypochaeris_radicata,t2p2,p068,M22_0624,Heading,4/24/23,nonwheat,nonwheat,,sample,15,4,5,NA,NA,NA,NA,NA,15.7,34.51085633,-79.30497383,2,18.1,296,NA,NA,NA,NA,NA,NA,NA,NA,NA,NA,NA,NA,NA,NA,NA,NA,NA,0.485,1.005,8.95,79.5,1.8,5.8,73,316,901,223.5,16.5,16.6,20.1,1.3,0,nonwheat_April,nonwheat,No,Yes
M22_16S_g15_E12,March,ROBVT,Hypochaeris_radicata,t1p2,p024,M22_1951,Jointing,3/21/23,nonwheat,nonwheat,,sample,15,4,5,NA,NA,NA,NA,NA,25.5,34.55801405,-79.30504678,1,14.7,239,NA,NA,NA,NA,NA,NA,NA,NA,NA,NA,NA,NA,NA,NA,NA,NA,NA,0.705,0.98,5.65,47.5,2.9,4.8,42.5,84,375.5,77,18.5,13.95,20.8,0.65,0.05,nonwheat_March,nonwheat,No,Yes
M22_16S_g15_F07,April,ROBVT,Hypochaeris_radicata,t1p1,p040,M22_0596,Heading,4/24/23,nonwheat,nonwheat,,sample,15,4,5,NA,NA,NA,NA,NA,12.9,34.510398,-79.305143,35,18.1,296,NA,NA,NA,NA,NA,NA,NA,NA,NA,NA,NA,NA,NA,NA,NA,NA,NA,0.56,1.08,4.9,57,2.1,5,200,145,314,101,12,6.5,5.4,0.9,0,nonwheat_April,nonwheat,No,Yes
M22_16S_g16_D07,April,ROBVT,Hypochaeris_radicata,t2p5,p061,M22_0617,Heading,4/24/23,nonwheat,nonwheat,,sample,16,4,5,NA,NA,NA,NA,NA,9.4,34.5111423,-79.3050063,50,18.1,296,NA,NA,NA,NA,NA,NA,NA,NA,NA,NA,NA,NA,NA,NA,NA,NA,NA,0.32,1.01,7,73,1.9,5.5,41,215,646,168,16,9.3,6.2,1.1,0,nonwheat_April,nonwheat,No,Yes
M22_16S_g16_F09,April,ROWVT,Hypochaeris_radicata,t2p3,p085,M22_0834,Heading,4/27/23,nonwheat,nonwheat,,sample,16,4,5,NA,NA,NA,NA,NA,11.1,35.69639695,-80.62246161,2,15,469,NA,NA,NA,NA,NA,NA,NA,NA,NA,NA,NA,NA,NA,NA,NA,NA,NA,0.56,0.77,10.8,81,2,5.7,55,254,1154,290,15,90.6,7.8,2.9,0.1,nonwheat_April,nonwheat,No,Yes
M22_16S_g17_F09,March,ROBVT,Hypochaeris_radicata,t1p4,p027,M22_1966,Jointing,3/21/23,nonwheat,nonwheat,,sample,17,5,5,NA,NA,NA,NA,NA,21.7,34.53317635,-79.30494853,1,14.7,239,NA,NA,NA,NA,NA,NA,NA,NA,NA,NA,NA,NA,NA,NA,NA,NA,NA,0.895,0.98,7.4,61.5,2.4,5.15,85,116.5,774.5,98,17,13.85,47.7,1.15,0.1,nonwheat_March,nonwheat,No,Yes
M22_16S_g18_D04,March,ROBVT,Hypochaeris_radicata,t1p5,p029,M22_1974,Jointing,3/21/23,nonwheat,nonwheat,,sample,18,5,5,NA,NA,NA,NA,NA,20.6,34.5207575,-79.3048994,1,14.7,239,NA,NA,NA,NA,NA,NA,NA,NA,NA,NA,NA,NA,NA,NA,NA,NA,NA,1.19,0.95,10,78,2.2,5.5,146,146,1253,140,16,16.7,63.6,1.7,0.1,nonwheat_March,nonwheat,No,Yes
M22_16S_g18_E04,April,ROWVT,Hypochaeris_radicata,t2p2,p084,M22_0827,Heading,4/27/23,nonwheat,nonwheat,,sample,18,5,5,NA,NA,NA,NA,NA,14.5,35.69640098,-80.62258131,2,15,469,NA,NA,NA,NA,NA,NA,NA,NA,NA,NA,NA,NA,NA,NA,NA,NA,NA,0.58,0.815,9.45,75.5,2.2,5.45,51.5,230,950,233,16,66.35,8.25,2.9,0.1,nonwheat_April,nonwheat,No,Yes
M22_16S_g18_H10,April,ROBVT,Hypochaeris_radicata,t2p4,p064,M22_0620,Heading,4/24/23,nonwheat,nonwheat,,sample,18,5,5,NA,NA,NA,NA,NA,15.4,34.51104698,-79.30499548,2,18.1,296,NA,NA,NA,NA,NA,NA,NA,NA,NA,NA,NA,NA,NA,NA,NA,NA,NA,0.39,0.98,8.55,77,1.9,5.65,43.5,275,846.5,214,16.5,14.15,13.4,1.2,0,nonwheat_April,nonwheat,No,Yes
M22_16S_g19_E04,March,ROBVT,Hypochaeris_radicata,t1p3,p025,M22_1958,Jointing,3/21/23,nonwheat,nonwheat,,sample,19,5,5,NA,NA,NA,NA,NA,29.3,34.5455952,-79.30499765,1,14.7,239,NA,NA,NA,NA,NA,NA,NA,NA,NA,NA,NA,NA,NA,NA,NA,NA,NA,0.6,1.01,4.8,45,2.6,4.8,24,87,296,56,18,11,31.8,0.6,0.1,nonwheat_March,nonwheat,No,Yes
M22_16S_g20_D12,April,ROBVT,Hypochaeris_radicata,t1p1,p070,M22_0626,Heading,4/24/23,nonwheat,nonwheat,,sample,20,5,5,NA,NA,NA,NA,NA,12.9,34.510398,-79.305143,50,18.1,296,NA,NA,NA,NA,NA,NA,NA,NA,NA,NA,NA,NA,NA,NA,NA,NA,NA,0.56,1.08,4.9,57,2.1,5,200,145,314,101,12,6.5,5.4,0.9,0,nonwheat_April,nonwheat,No,Yes
M22_16S_g21_E07,April,ROBVT,Hypochaeris_radicata,t2p2,p069,M22_0625,Heading,4/24/23,nonwheat,nonwheat,,sample,21,6,5,NA,NA,NA,NA,NA,15.7,34.51085633,-79.30497383,60,18.1,296,NA,NA,NA,NA,NA,NA,NA,NA,NA,NA,NA,NA,NA,NA,NA,NA,NA,0.485,1.005,8.95,79.5,1.8,5.8,73,316,901,223.5,16.5,16.6,20.1,1.3,0,nonwheat_April,nonwheat,No,Yes
M22_16S_g22_D02,April,ROWVT,Hypochaeris_radicata,t2p4,p088,M22_0843,Heading,4/27/23,nonwheat,nonwheat,,sample,22,6,5,NA,NA,NA,NA,NA,12.5,35.69639293,-80.62234192,2,15,469,NA,NA,NA,NA,NA,NA,NA,NA,NA,NA,NA,NA,NA,NA,NA,NA,NA,0.51,0.815,10.3,82.5,1.8,5.85,50,253.5,1119,276.5,13,89.75,6.9,2.95,0.1,nonwheat_April,nonwheat,No,Yes
M22_16S_g25_D11,March,ROBVT,Hypochaeris_radicata,t1p1,p021,M22_1934,Jointing,3/21/23,nonwheat,nonwheat,,sample,25,7,5,NA,NA,NA,NA,NA,25.7,34.5704329,-79.3050959,1,14.7,239,NA,NA,NA,NA,NA,NA,NA,NA,NA,NA,NA,NA,NA,NA,NA,NA,NA,0.81,0.95,6.5,50,3.2,4.8,61,81,455,98,19,16.9,9.8,0.7,0,nonwheat_March,nonwheat,No,Yes
M22_16S_g25_E03,April,ROBVT,Hypochaeris_radicata,t2p2,p067,M22_0623,Heading,4/24/23,nonwheat,nonwheat,,sample,25,7,5,NA,NA,NA,NA,NA,15.7,34.51085633,-79.30497383,50,18.1,296,NA,NA,NA,NA,NA,NA,NA,NA,NA,NA,NA,NA,NA,NA,NA,NA,NA,0.485,1.005,8.95,79.5,1.8,5.8,73,316,901,223.5,16.5,16.6,20.1,1.3,0,nonwheat_April,nonwheat,No,Yes
M22_16S_g25_E12,April,ROBVT,Hypochaeris_radicata,t1p2,p037,M22_0593,Heading,4/24/23,nonwheat,nonwheat,,sample,25,7,5,NA,NA,NA,NA,NA,12.6,34.49797915,-79.30509388,27,18.1,296,NA,NA,NA,NA,NA,NA,NA,NA,NA,NA,NA,NA,NA,NA,NA,NA,NA,0.61,1.09,5.85,60.5,2.25,5.1,135.5,182.5,428,119,13,8.15,8.75,0.75,0,nonwheat_April,nonwheat,No,Yes
M22_16S_g26_B11,April,ROWVT,Hypochaeris_radicata,t2p5,p090,M22_0851,Heading,4/27/23,nonwheat,nonwheat,,sample,26,7,5,NA,NA,NA,NA,NA,9.6,35.6963889,-80.62222222,2,15,469,NA,NA,NA,NA,NA,NA,NA,NA,NA,NA,NA,NA,NA,NA,NA,NA,NA,0.46,0.86,9.8,84,1.6,6,45,253,1084,263,11,88.9,6,3,0.1,nonwheat_April,nonwheat,No,Yes
M22_16S_g27_B10,April,ROBVT,Hypochaeris_radicata,t1p1,p039,M22_0595,Heading,4/24/23,nonwheat,nonwheat,,sample,27,7,5,NA,NA,NA,NA,NA,12.9,34.510398,-79.305143,46,18.1,296,NA,NA,NA,NA,NA,NA,NA,NA,NA,NA,NA,NA,NA,NA,NA,NA,NA,0.56,1.08,4.9,57,2.1,5,200,145,314,101,12,6.5,5.4,0.9,0,nonwheat_April,nonwheat,No,Yes
M22_16S_g27_F03,April,ROWVT,Hypochaeris_radicata,t2p1,p081,M22_0818,Heading,4/27/23,nonwheat,nonwheat,,sample,27,7,5,NA,NA,NA,NA,NA,15.3,35.696405,-80.622701,2,15,469,NA,NA,NA,NA,NA,NA,NA,NA,NA,NA,NA,NA,NA,NA,NA,NA,NA,0.6,0.86,8.1,70,2.4,5.2,48,206,746,176,17,42.1,8.7,2.9,0.1,nonwheat_April,nonwheat,No,Yes
M22_16S_g28_A09,April,ROBVT,Hypochaeris_radicata,t1p4,p034,M22_0590,Heading,4/24/23,nonwheat,nonwheat,,sample,28,7,5,NA,NA,NA,NA,NA,8.7,34.47314145,-79.30499563,52,18.1,296,NA,NA,NA,NA,NA,NA,NA,NA,NA,NA,NA,NA,NA,NA,NA,NA,NA,0.71,1.08,6.7,62,2.55,5.1,101,188.5,532,125.5,15,13.25,21.95,1.35,0,nonwheat_April,nonwheat,No,Yes
M22_16S_g28_A11,April,ROBVT,Hypochaeris_radicata,t2p5,p062,M22_0618,Heading,4/24/23,nonwheat,nonwheat,,sample,28,7,5,NA,NA,NA,NA,NA,9.4,34.5111423,-79.3050063,56,18.1,296,NA,NA,NA,NA,NA,NA,NA,NA,NA,NA,NA,NA,NA,NA,NA,NA,NA,0.32,1.01,7,73,1.9,5.5,41,215,646,168,16,9.3,6.2,1.1,0,nonwheat_April,nonwheat,No,Yes
M22_16S_g28_G12,April,ROBVT,Hypochaeris_radicata,t2p4,p063,M22_0619,Heading,4/24/23,nonwheat,nonwheat,,sample,28,7,5,NA,NA,NA,NA,NA,15.4,34.51104698,-79.30499548,50,18.1,296,NA,NA,NA,NA,NA,NA,NA,NA,NA,NA,NA,NA,NA,NA,NA,NA,NA,0.39,0.98,8.55,77,1.9,5.65,43.5,275,846.5,214,16.5,14.15,13.4,1.2,0,nonwheat_April,nonwheat,No,Yes
M22_16S_g29_H10,April,ROBVT,Hypochaeris_radicata,t2p3,p066,M22_0622,Heading,4/24/23,nonwheat,nonwheat,,sample,29,8,5,NA,NA,NA,NA,NA,12.9,34.51095165,-79.30498465,52,18.1,296,NA,NA,NA,NA,NA,NA,NA,NA,NA,NA,NA,NA,NA,NA,NA,NA,NA,0.46,0.95,10.1,81,1.9,5.8,46,335,1047,260,17,19,20.6,1.3,0,nonwheat_April,nonwheat,No,Yes
M22_16S_g31_D04,April,ROBVT,Hypochaeris_radicata,t1p3,p035,M22_0591,Heading,4/24/23,nonwheat,nonwheat,,sample,31,8,5,NA,NA,NA,NA,NA,6.6,34.4855603,-79.30504475,40,18.1,296,NA,NA,NA,NA,NA,NA,NA,NA,NA,NA,NA,NA,NA,NA,NA,NA,NA,0.66,1.1,6.8,64,2.4,5.2,71,220,542,137,14,9.8,12.1,0.6,0,nonwheat_April,nonwheat,No,Yes
M22_16S_g31_F06,April,ROBVT,Hypochaeris_radicata,t1p4,p033,M22_0589,Heading,4/24/23,nonwheat,nonwheat,,sample,31,8,5,NA,NA,NA,NA,NA,8.7,34.47314145,-79.30499563,27,18.1,296,NA,NA,NA,NA,NA,NA,NA,NA,NA,NA,NA,NA,NA,NA,NA,NA,NA,0.71,1.08,6.7,62,2.55,5.1,101,188.5,532,125.5,15,13.25,21.95,1.35,0,nonwheat_April,nonwheat,No,Yes
M22_16S_g01_H08,March,WAKMP,Juniperis_communis,forest,p104,M22_2506,Jointing,3/10/23,nonwheat,nonwheat,,sample,1,1,5,NA,NA,NA,NA,NA,26.4,35.7344444,-78.70138889,1000,12.7,324,NA,NA,NA,NA,NA,NA,NA,NA,NA,NA,NA,NA,NA,NA,NA,NA,NA,0.81,0.6,10.6,65,3.7,4.9,48,225,805,281,18,66.8,49.2,2.6,0.1,nonwheat_March,nonwheat,No,No
M22_16S_g02_A04,April,ROWVT,Juniperis_communis,driveway,p103,M22_0713,Heading,4/27/23,nonwheat,nonwheat,,sample,2,1,5,NA,NA,NA,NA,NA,22.9,35.696772,-80.622811,29,15,469,NA,NA,NA,NA,NA,NA,NA,NA,NA,NA,NA,NA,NA,NA,NA,NA,NA,0.71,0.93,9.3,73,2.5,5.3,61,180,1035,139,18,174.2,5.7,4.8,0.1,nonwheat_April,nonwheat,No,No
M22_16S_g02_E10,April,ROWVT,Juniperis_communis,driveway,p107,M22_0717,Heading,4/27/23,nonwheat,nonwheat,,sample,2,1,5,NA,NA,NA,NA,NA,22.9,35.696772,-80.622811,30,15,469,NA,NA,NA,NA,NA,NA,NA,NA,NA,NA,NA,NA,NA,NA,NA,NA,NA,0.71,0.93,9.3,73,2.5,5.3,61,180,1035,139,18,174.2,5.7,4.8,0.1,nonwheat_April,nonwheat,No,No
M22_16S_g03_H06,April,ROWVT,Juniperis_communis,driveway,p105,M22_0715,Heading,4/27/23,nonwheat,nonwheat,,sample,3,1,5,NA,NA,NA,NA,NA,22.9,35.696772,-80.622811,27,15,469,NA,NA,NA,NA,NA,NA,NA,NA,NA,NA,NA,NA,NA,NA,NA,NA,NA,0.71,0.93,9.3,73,2.5,5.3,61,180,1035,139,18,174.2,5.7,4.8,0.1,nonwheat_April,nonwheat,No,No
M22_16S_g05_G01,April,ROWVT,Juniperis_communis,driveway,p104,M22_0714,Heading,4/27/23,nonwheat,nonwheat,,sample,5,2,0.31,NA,NA,NA,NA,NA,22.9,35.696772,-80.622811,29,15,469,NA,NA,NA,NA,NA,NA,NA,NA,NA,NA,NA,NA,NA,NA,NA,NA,NA,0.71,0.93,9.3,73,2.5,5.3,61,180,1035,139,18,174.2,5.7,4.8,0.1,nonwheat_April,nonwheat,No,No
M22_16S_g06_G12,April,ROWVT,Juniperis_communis,driveway,p109,M22_0719,Heading,4/27/23,nonwheat,nonwheat,,sample,6,2,5,NA,NA,NA,NA,NA,22.9,35.696772,-80.622811,20,15,469,NA,NA,NA,NA,NA,NA,NA,NA,NA,NA,NA,NA,NA,NA,NA,NA,NA,0.71,0.93,9.3,73,2.5,5.3,61,180,1035,139,18,174.2,5.7,4.8,0.1,nonwheat_April,nonwheat,No,No
M22_16S_g11_A12,March,WAKMP,Juniperis_communis,forest,p101,M22_2503,Jointing,3/10/23,nonwheat,nonwheat,,sample,11,3,5,NA,NA,NA,NA,NA,26.4,35.7344444,-78.70138889,100,12.7,324,NA,NA,NA,NA,NA,NA,NA,NA,NA,NA,NA,NA,NA,NA,NA,NA,NA,0.81,0.6,10.6,65,3.7,4.9,48,225,805,281,18,66.8,49.2,2.6,0.1,nonwheat_March,nonwheat,No,No
M22_16S_g11_E10,April,ROWVT,Juniperis_communis,driveway,p101,M22_0711,Heading,4/27/23,nonwheat,nonwheat,,sample,11,3,5,NA,NA,NA,NA,NA,22.9,35.696772,-80.622811,23,15,469,NA,NA,NA,NA,NA,NA,NA,NA,NA,NA,NA,NA,NA,NA,NA,NA,NA,0.71,0.93,9.3,73,2.5,5.3,61,180,1035,139,18,174.2,5.7,4.8,0.1,nonwheat_April,nonwheat,No,No
M22_16S_g12_C04,March,WAKMP,Juniperis_communis,forest,p105,M22_2507,Jointing,3/10/23,nonwheat,nonwheat,,sample,12,3,5,NA,NA,NA,NA,NA,26.4,35.7344444,-78.70138889,200,12.7,324,NA,NA,NA,NA,NA,NA,NA,NA,NA,NA,NA,NA,NA,NA,NA,NA,NA,0.81,0.6,10.6,65,3.7,4.9,48,225,805,281,18,66.8,49.2,2.6,0.1,nonwheat_March,nonwheat,No,No
M22_16S_g18_E05,April,ROWVT,Juniperis_communis,driveway,p106,M22_0716,Heading,4/27/23,nonwheat,nonwheat,,sample,18,5,5,NA,NA,NA,NA,NA,22.9,35.696772,-80.622811,27,15,469,NA,NA,NA,NA,NA,NA,NA,NA,NA,NA,NA,NA,NA,NA,NA,NA,NA,0.71,0.93,9.3,73,2.5,5.3,61,180,1035,139,18,174.2,5.7,4.8,0.1,nonwheat_April,nonwheat,No,No
M22_16S_g19_F08,March,WAKMP,Juniperis_communis,forest,p102,M22_2504,Jointing,3/10/23,nonwheat,nonwheat,,sample,19,5,5,NA,NA,NA,NA,NA,26.4,35.7344444,-78.70138889,100,12.7,324,NA,NA,NA,NA,NA,NA,NA,NA,NA,NA,NA,NA,NA,NA,NA,NA,NA,0.81,0.6,10.6,65,3.7,4.9,48,225,805,281,18,66.8,49.2,2.6,0.1,nonwheat_March,nonwheat,No,No
M22_16S_g20_A02,April,ROWVT,Juniperis_communis,driveway,p102,M22_0712,Heading,4/27/23,nonwheat,nonwheat,,sample,20,5,5,NA,NA,NA,NA,NA,22.9,35.696772,-80.622811,23,15,469,NA,NA,NA,NA,NA,NA,NA,NA,NA,NA,NA,NA,NA,NA,NA,NA,NA,0.71,0.93,9.3,73,2.5,5.3,61,180,1035,139,18,174.2,5.7,4.8,0.1,nonwheat_April,nonwheat,No,No
M22_16S_g22_B10,April,ROWVT,Juniperis_communis,driveway,p108,M22_0718,Heading,4/27/23,nonwheat,nonwheat,,sample,22,6,5,NA,NA,NA,NA,NA,22.9,35.696772,-80.622811,30,15,469,NA,NA,NA,NA,NA,NA,NA,NA,NA,NA,NA,NA,NA,NA,NA,NA,NA,0.71,0.93,9.3,73,2.5,5.3,61,180,1035,139,18,174.2,5.7,4.8,0.1,nonwheat_April,nonwheat,No,No
M22_16S_g23_G01,April,ROWVT,Juniperis_communis,driveway,p110,M22_0720,Heading,4/27/23,nonwheat,nonwheat,,sample,23,6,5,NA,NA,NA,NA,NA,22.9,35.696772,-80.622811,20,15,469,NA,NA,NA,NA,NA,NA,NA,NA,NA,NA,NA,NA,NA,NA,NA,NA,NA,0.71,0.93,9.3,73,2.5,5.3,61,180,1035,139,18,174.2,5.7,4.8,0.1,nonwheat_April,nonwheat,No,No
M22_16S_g27_A02,March,WAKMP,Juniperis_communis,forest,p103,M22_2505,Jointing,3/10/23,nonwheat,nonwheat,,sample,27,7,5,NA,NA,NA,NA,NA,26.4,35.7344444,-78.70138889,140,12.7,324,NA,NA,NA,NA,NA,NA,NA,NA,NA,NA,NA,NA,NA,NA,NA,NA,NA,0.81,0.6,10.6,65,3.7,4.9,48,225,805,281,18,66.8,49.2,2.6,0.1,nonwheat_March,nonwheat,No,No
M22_16S_g05_D09,March,ROWVT,Juniperus_communis,driveway,p109,M22_2078,Jointing,3/15/23,nonwheat,nonwheat,,sample,5,2,5,NA,NA,NA,NA,NA,34.8,35.696772,-80.622811,110,11.7,390,NA,NA,NA,NA,NA,NA,NA,NA,NA,NA,NA,NA,NA,NA,NA,NA,NA,0.51,0.82,8.5,75,2.2,5.4,43,148,834,215,20,90.6,3.6,3.8,0.1,nonwheat_March,nonwheat,No,No
M22_16S_g05_H05,April,WAKMP,Juniperus_communis,forest,p146,M22_1199,Heading,4/19/23,nonwheat,nonwheat,,sample,5,2,5,NA,NA,NA,NA,NA,23.4,35.7344444,-78.70138889,300,16,419,NA,NA,NA,NA,NA,NA,NA,NA,NA,NA,NA,NA,NA,NA,NA,NA,NA,0.56,0.83,7.7,56,3.4,4.8,37,153,518,164,19,21.5,18.1,1.7,0.1,nonwheat_April,nonwheat,No,No
M22_16S_g06_D10,March,ROWVT,Juniperus_communis,driveway,p105,M22_2074,Jointing,3/15/23,nonwheat,nonwheat,,sample,6,2,5,NA,NA,NA,NA,NA,34.8,35.696772,-80.622811,87,11.7,390,NA,NA,NA,NA,NA,NA,NA,NA,NA,NA,NA,NA,NA,NA,NA,NA,NA,0.51,0.82,8.5,75,2.2,5.4,43,148,834,215,20,90.6,3.6,3.8,0.1,nonwheat_March,nonwheat,No,No
M22_16S_g09_H04,March,ROWVT,Juniperus_communis,driveway,p108,M22_2077,Jointing,3/15/23,nonwheat,nonwheat,,sample,9,3,5,NA,NA,NA,NA,NA,34.8,35.696772,-80.622811,105,11.7,390,NA,NA,NA,NA,NA,NA,NA,NA,NA,NA,NA,NA,NA,NA,NA,NA,NA,0.51,0.82,8.5,75,2.2,5.4,43,148,834,215,20,90.6,3.6,3.8,0.1,nonwheat_March,nonwheat,No,No
M22_16S_g10_C02,April,WAKMP,Juniperus_communis,forest,p142,M22_1195,Heading,4/19/23,nonwheat,nonwheat,,sample,10,3,5,NA,NA,NA,NA,NA,23.4,35.7344444,-78.70138889,800,16,419,NA,NA,NA,NA,NA,NA,NA,NA,NA,NA,NA,NA,NA,NA,NA,NA,NA,0.56,0.83,7.7,56,3.4,4.8,37,153,518,164,19,21.5,18.1,1.7,0.1,nonwheat_April,nonwheat,No,No
M22_16S_g12_B10,April,WAKMP,Juniperus_communis,forest,p150,M22_1203,Heading,4/19/23,nonwheat,nonwheat,,sample,12,3,5,NA,NA,NA,NA,NA,23.4,35.7344444,-78.70138889,300,16,419,NA,NA,NA,NA,NA,NA,NA,NA,NA,NA,NA,NA,NA,NA,NA,NA,NA,0.56,0.83,7.7,56,3.4,4.8,37,153,518,164,19,21.5,18.1,1.7,0.1,nonwheat_April,nonwheat,No,No
M22_16S_g12_F08,March,ROWVT,Juniperus_communis,driveway,p104,M22_2073,Jointing,3/15/23,nonwheat,nonwheat,,sample,12,3,5,NA,NA,NA,NA,NA,34.8,35.696772,-80.622811,150,11.7,390,NA,NA,NA,NA,NA,NA,NA,NA,NA,NA,NA,NA,NA,NA,NA,NA,NA,0.51,0.82,8.5,75,2.2,5.4,43,148,834,215,20,90.6,3.6,3.8,0.1,nonwheat_March,nonwheat,No,No
M22_16S_g12_G03,April,WAKMP,Juniperus_communis,forest,p144,M22_1197,Heading,4/19/23,nonwheat,nonwheat,,sample,12,3,5,NA,NA,NA,NA,NA,23.4,35.7344444,-78.70138889,300,16,419,NA,NA,NA,NA,NA,NA,NA,NA,NA,NA,NA,NA,NA,NA,NA,NA,NA,0.56,0.83,7.7,56,3.4,4.8,37,153,518,164,19,21.5,18.1,1.7,0.1,nonwheat_April,nonwheat,No,No
M22_16S_g16_G09,April,WAKMP,Juniperus_communis,forest,p149,M22_1202,Heading,4/19/23,nonwheat,nonwheat,,sample,16,4,5,NA,NA,NA,NA,NA,23.4,35.7344444,-78.70138889,600,16,419,NA,NA,NA,NA,NA,NA,NA,NA,NA,NA,NA,NA,NA,NA,NA,NA,NA,0.56,0.83,7.7,56,3.4,4.8,37,153,518,164,19,21.5,18.1,1.7,0.1,nonwheat_April,nonwheat,No,No
M22_16S_g17_D07,April,WAKMP,Juniperus_communis,forest,p145,M22_1198,Heading,4/19/23,nonwheat,nonwheat,,sample,17,5,5,NA,NA,NA,NA,NA,23.4,35.7344444,-78.70138889,400,16,419,NA,NA,NA,NA,NA,NA,NA,NA,NA,NA,NA,NA,NA,NA,NA,NA,NA,0.56,0.83,7.7,56,3.4,4.8,37,153,518,164,19,21.5,18.1,1.7,0.1,nonwheat_April,nonwheat,No,No
M22_16S_g17_E09,March,ROWVT,Juniperus_communis,driveway,p101,M22_2070,Jointing,3/15/23,nonwheat,nonwheat,,sample,17,5,5,NA,NA,NA,NA,NA,34.8,35.696772,-80.622811,140,11.7,390,NA,NA,NA,NA,NA,NA,NA,NA,NA,NA,NA,NA,NA,NA,NA,NA,NA,0.51,0.82,8.5,75,2.2,5.4,43,148,834,215,20,90.6,3.6,3.8,0.1,nonwheat_March,nonwheat,No,No
M22_16S_g18_B01,March,ROWVT,Juniperus_communis,driveway,p103,M22_2072,Jointing,3/15/23,nonwheat,nonwheat,,sample,18,5,5,NA,NA,NA,NA,NA,34.8,35.696772,-80.622811,150,11.7,390,NA,NA,NA,NA,NA,NA,NA,NA,NA,NA,NA,NA,NA,NA,NA,NA,NA,0.51,0.82,8.5,75,2.2,5.4,43,148,834,215,20,90.6,3.6,3.8,0.1,nonwheat_March,nonwheat,No,No
M22_16S_g20_E11,April,WAKMP,Juniperus_communis,forest,p143,M22_1196,Heading,4/19/23,nonwheat,nonwheat,,sample,20,5,5,NA,NA,NA,NA,NA,23.4,35.7344444,-78.70138889,600,16,419,NA,NA,NA,NA,NA,NA,NA,NA,NA,NA,NA,NA,NA,NA,NA,NA,NA,0.56,0.83,7.7,56,3.4,4.8,37,153,518,164,19,21.5,18.1,1.7,0.1,nonwheat_April,nonwheat,No,No
M22_16S_g21_D07,March,ROWVT,Juniperus_communis,driveway,p106,M22_2075,Jointing,3/15/23,nonwheat,nonwheat,,sample,21,6,5,NA,NA,NA,NA,NA,34.8,35.696772,-80.622811,87,11.7,390,NA,NA,NA,NA,NA,NA,NA,NA,NA,NA,NA,NA,NA,NA,NA,NA,NA,0.51,0.82,8.5,75,2.2,5.4,43,148,834,215,20,90.6,3.6,3.8,0.1,nonwheat_March,nonwheat,No,No
M22_16S_g21_F08,March,ROWVT,Juniperus_communis,driveway,p110,M22_2079,Jointing,3/15/23,nonwheat,nonwheat,,sample,21,6,5,NA,NA,NA,NA,NA,34.8,35.696772,-80.622811,110,11.7,390,NA,NA,NA,NA,NA,NA,NA,NA,NA,NA,NA,NA,NA,NA,NA,NA,NA,0.51,0.82,8.5,75,2.2,5.4,43,148,834,215,20,90.6,3.6,3.8,0.1,nonwheat_March,nonwheat,No,No
M22_16S_g24_G05,March,ROWVT,Juniperus_communis,driveway,p107,M22_2076,Jointing,3/15/23,nonwheat,nonwheat,,sample,24,6,5,NA,NA,NA,NA,NA,34.8,35.696772,-80.622811,105,11.7,390,NA,NA,NA,NA,NA,NA,NA,NA,NA,NA,NA,NA,NA,NA,NA,NA,NA,0.51,0.82,8.5,75,2.2,5.4,43,148,834,215,20,90.6,3.6,3.8,0.1,nonwheat_March,nonwheat,No,No
M22_16S_g28_D10,April,WAKMP,Juniperus_communis,forest,p141,M22_1194,Heading,4/19/23,nonwheat,nonwheat,,sample,28,7,5,NA,NA,NA,NA,NA,23.4,35.7344444,-78.70138889,800,16,419,NA,NA,NA,NA,NA,NA,NA,NA,NA,NA,NA,NA,NA,NA,NA,NA,NA,0.56,0.83,7.7,56,3.4,4.8,37,153,518,164,19,21.5,18.1,1.7,0.1,nonwheat_April,nonwheat,No,No
M22_16S_g30_F10,March,ROWVT,Juniperus_communis,driveway,p102,M22_2071,Jointing,3/15/23,nonwheat,nonwheat,,sample,30,8,5,NA,NA,NA,NA,NA,34.8,35.696772,-80.622811,140,11.7,390,NA,NA,NA,NA,NA,NA,NA,NA,NA,NA,NA,NA,NA,NA,NA,NA,NA,0.51,0.82,8.5,75,2.2,5.4,43,148,834,215,20,90.6,3.6,3.8,0.1,nonwheat_March,nonwheat,No,No
M22_16S_g30_G01,April,WAKMP,Juniperus_communis,forest,p148,M22_1201,Heading,4/19/23,nonwheat,nonwheat,,sample,30,8,5,NA,NA,NA,NA,NA,23.4,35.7344444,-78.70138889,600,16,419,NA,NA,NA,NA,NA,NA,NA,NA,NA,NA,NA,NA,NA,NA,NA,NA,NA,0.56,0.83,7.7,56,3.4,4.8,37,153,518,164,19,21.5,18.1,1.7,0.1,nonwheat_April,nonwheat,No,No
M22_16S_g31_A12,April,WAKMP,Juniperus_communis,forest,p147,M22_1200,Heading,4/19/23,nonwheat,nonwheat,,sample,31,8,5,NA,NA,NA,NA,NA,23.4,35.7344444,-78.70138889,300,16,419,NA,NA,NA,NA,NA,NA,NA,NA,NA,NA,NA,NA,NA,NA,NA,NA,NA,0.56,0.83,7.7,56,3.4,4.8,37,153,518,164,19,21.5,18.1,1.7,0.1,nonwheat_April,nonwheat,No,No
M22_16S_g01_A06,March,PERVT,Lamium_amplexicaule,t1p1,p001,M22_1714,Jointing,3/28/23,nonwheat,nonwheat,,sample,1,1,5,NA,NA,NA,NA,NA,48.7,36.1786499,-76.3584573,25.2,12.8,295,NA,NA,NA,NA,NA,NA,NA,NA,NA,NA,NA,NA,NA,NA,NA,NA,NA,0.46,0.95,11,84,1.8,5.7,115,197,1208,321,14,12.3,5.8,1,0.2,nonwheat_March,nonwheat,No,Yes
M22_16S_g01_C02,March,PERVT,Lamium_amplexicaule,t1p3,p005,M22_1742,Jointing,3/28/23,nonwheat,nonwheat,,sample,1,1,5,NA,NA,NA,NA,NA,53.6,36.1785907,-76.35854431,23.8,12.8,295,NA,NA,NA,NA,NA,NA,NA,NA,NA,NA,NA,NA,NA,NA,NA,NA,NA,0.36,0.91,9.1,81,1.7,5.7,108,137,1003,251,16,16.8,5.8,1.1,0.2,nonwheat_March,nonwheat,No,Yes
M22_16S_g01_C06,March,WAKMP,Lamium_amplexicaule,t1p1,p004,M22_2521,Jointing,3/10/23,nonwheat,nonwheat,,sample,1,1,5,NA,NA,NA,NA,NA,26.3,35.734453,-78.701374,25,12.7,324,NA,NA,NA,NA,NA,NA,NA,NA,NA,NA,NA,NA,NA,NA,NA,NA,NA,0.36,1,8.3,82,1.5,5.8,325,87,977,208,28,20,19.5,1.3,0.1,nonwheat_March,nonwheat,No,Yes
M22_16S_g01_C08,March,LENVT,Lamium_amplexicaule,t1p5,p009,M22_1634,Jointing,3/14/23,nonwheat,nonwheat,,sample,1,1,5,NA,NA,NA,NA,NA,23.7,35.3781208,-77.56107279,18,13.4,268,NA,NA,NA,NA,NA,NA,NA,NA,NA,NA,NA,NA,NA,NA,NA,NA,NA,0.46,1.01,6.1,69,1.9,5.4,90,105,591,121,17,22.5,4.4,0.5,0.1,nonwheat_March,nonwheat,No,Yes
M22_16S_g01_E08,March,WASVT,Lamium_amplexicaule,t1p4,p008,M22_2693,Jointing,3/27/23,nonwheat,nonwheat,,sample,1,1,5,NA,NA,NA,NA,NA,33.1,35.84940703,-76.65462425,19,13.2,293,NA,NA,NA,NA,NA,NA,NA,NA,NA,NA,NA,NA,NA,NA,NA,NA,NA,2.8,0.88,12.5,80.5,2.4,5.8,117.5,213.5,1256,401,18,2.65,1.45,0.9,0.1,nonwheat_March,nonwheat,No,Yes
M22_16S_g02_A02,April,ROWVT,Lamium_amplexicaule,t1p1,p059,M22_0751,Heading,4/27/23,nonwheat,nonwheat,,sample,2,1,5,NA,NA,NA,NA,NA,20.8,35.696458,-80.623031,20,15,469,NA,NA,NA,NA,NA,NA,NA,NA,NA,NA,NA,NA,NA,NA,NA,NA,NA,0.41,0.73,13.3,88,1.6,6.3,119,276,1518,425,20,42.2,10.1,4.9,0.1,nonwheat_April,nonwheat,No,Yes
M22_16S_g02_B03,March,ROWVT,Lamium_amplexicaule,t2p4,p076,M22_2189,Jointing,3/15/23,nonwheat,nonwheat,,sample,2,1,5,NA,NA,NA,NA,NA,16.8,35.69632093,-80.62245392,12,11.7,390,NA,NA,NA,NA,NA,NA,NA,NA,NA,NA,NA,NA,NA,NA,NA,NA,NA,0.435,0.74,9.05,78.5,2,5.6,64,240.5,896.5,240.5,18,102.55,7.35,3.4,0.1,nonwheat_March,nonwheat,No,Yes
M22_16S_g02_E05,March,WASVT,Lamium_amplexicaule,t2p3,p056,M22_2729,Jointing,3/27/23,nonwheat,nonwheat,,sample,2,1,5,NA,NA,NA,NA,NA,16.9,35.84838155,-76.65566228,20,13.2,293,NA,NA,NA,NA,NA,NA,NA,NA,NA,NA,NA,NA,NA,NA,NA,NA,NA,3.01,0.88,9.9,68,3.1,5.2,63,192,877,229,22,3.3,2.4,0.5,0.2,nonwheat_March,nonwheat,No,Yes
M22_16S_g03_D06,March,LENVT,Lamium_amplexicaule,t1p1,p001,M22_1584,Jointing,3/14/23,nonwheat,nonwheat,,sample,3,1,5,NA,NA,NA,NA,NA,23.7,35.378509,-77.560893,14,13.4,268,NA,NA,NA,NA,NA,NA,NA,NA,NA,NA,NA,NA,NA,NA,NA,NA,NA,0.46,1.08,5.5,61,2.2,5.1,83,70,451,111,17,20.4,4.7,0.7,0.1,nonwheat_March,nonwheat,No,Yes
M22_16S_g03_F07,March,ROWVT,Lamium_amplexicaule,t2p4,p074,M22_2187,Jointing,3/15/23,nonwheat,nonwheat,,sample,3,1,5,NA,NA,NA,NA,NA,16.8,35.69632093,-80.62245392,14,11.7,390,NA,NA,NA,NA,NA,NA,NA,NA,NA,NA,NA,NA,NA,NA,NA,NA,NA,0.435,0.74,9.05,78.5,2,5.6,64,240.5,896.5,240.5,18,102.55,7.35,3.4,0.1,nonwheat_March,nonwheat,No,Yes
M22_16S_g03_F11,March,ROWVT,Lamium_amplexicaule,t1p4,p028,M22_2143,Jointing,3/15/23,nonwheat,nonwheat,,sample,3,1,5,NA,NA,NA,NA,NA,39,35.69661453,-80.62304942,7,11.7,390,NA,NA,NA,NA,NA,NA,NA,NA,NA,NA,NA,NA,NA,NA,NA,NA,NA,0.41,0.83,10.05,83,1.65,5.95,37,207,1144,263.5,18.5,86.5,6.8,5.95,0.1,nonwheat_March,nonwheat,No,Yes
M22_16S_g03_H09,March,ROWVT,Lamium_amplexicaule,t2p2,p078,M22_2170,Jointing,3/15/23,nonwheat,nonwheat,,sample,3,1,5,NA,NA,NA,NA,NA,25.8,35.69632898,-80.62269331,9,11.7,390,NA,NA,NA,NA,NA,NA,NA,NA,NA,NA,NA,NA,NA,NA,NA,NA,NA,0.46,0.79,8.7,76.5,2.1,5.5,51.5,214.5,835,229.5,19.5,92.1,5.35,3.55,0.1,nonwheat_March,nonwheat,No,Yes
M22_16S_g04_C05,March,WASVT,Lamium_amplexicaule,t1p4,p007,M22_2692,Jointing,3/27/23,nonwheat,nonwheat,,sample,4,1,5,NA,NA,NA,NA,NA,33.1,35.84940703,-76.65462425,14,13.2,293,NA,NA,NA,NA,NA,NA,NA,NA,NA,NA,NA,NA,NA,NA,NA,NA,NA,2.8,0.88,12.5,80.5,2.4,5.8,117.5,213.5,1256,401,18,2.65,1.45,0.9,0.1,nonwheat_March,nonwheat,No,Yes
M22_16S_g05_C07,April,ROWVT,Lamium_amplexicaule,t1p5,p051,M22_0807,Heading,4/27/23,nonwheat,nonwheat,,sample,5,2,5,NA,NA,NA,NA,NA,25.7,35.6966667,-80.62305556,32,15,469,NA,NA,NA,NA,NA,NA,NA,NA,NA,NA,NA,NA,NA,NA,NA,NA,NA,0.51,0.71,11.9,84,1.9,6,128,183,1335,351,16,53,8.6,3.4,0.1,nonwheat_April,nonwheat,No,Yes
M22_16S_g05_G05,March,UNIVT,Lamium_amplexicaule,t2p4,p063,M22_2354,Jointing,3/20/23,nonwheat,nonwheat,,sample,5,2,5,NA,NA,NA,NA,NA,33.3,34.950303,-80.42423048,5,13.1,313,NA,NA,NA,NA,NA,NA,NA,NA,NA,NA,NA,NA,NA,NA,NA,NA,NA,0.245,1.06,5.95,65,2.1,5,19.5,50,622.5,77.5,24.5,20.45,1.5,1.95,0.1,nonwheat_March,nonwheat,No,Yes
M22_16S_g05_H01,March,WASVT,Lamium_amplexicaule,t2p2,p054,M22_2719,Jointing,3/27/23,nonwheat,nonwheat,,sample,5,2,0.18,NA,NA,NA,NA,NA,17.2,35.84841278,-76.65557814,13,13.2,293,NA,NA,NA,NA,NA,NA,NA,NA,NA,NA,NA,NA,NA,NA,NA,NA,NA,2.845,0.86,10.65,71.5,3,5.3,77.5,240,988,254,21,4.4,3,0.7,0.15,nonwheat_March,nonwheat,No,Yes
M22_16S_g05_H03,March,WASVT,Lamium_amplexicaule,t1p2,p004,M22_2668,Jointing,3/27/23,nonwheat,nonwheat,,sample,5,2,5,NA,NA,NA,NA,NA,27.9,35.84968568,-76.65465675,20,13.2,293,NA,NA,NA,NA,NA,NA,NA,NA,NA,NA,NA,NA,NA,NA,NA,NA,NA,2.6,0.91,11.1,82.5,1.95,5.9,118.5,166.5,1161,358.5,16,2.6,1.3,0.9,0.1,nonwheat_March,nonwheat,No,Yes
M22_16S_g05_H06,March,WASVT,Lamium_amplexicaule,t2p5,p059,M22_2748,Jointing,3/27/23,nonwheat,nonwheat,,sample,5,2,5,NA,NA,NA,NA,NA,21.7,35.8483191,-76.65583056,26,13.2,293,NA,NA,NA,NA,NA,NA,NA,NA,NA,NA,NA,NA,NA,NA,NA,NA,NA,3.1,0.86,11.3,74,2.9,5.4,76,201,1081,302,17,3.8,3.3,0.6,0.1,nonwheat_March,nonwheat,No,Yes
M22_16S_g06_A11,March,WASVT,Lamium_amplexicaule,t2p5,p060,M22_2749,Jointing,3/27/23,nonwheat,nonwheat,,sample,6,2,5,NA,NA,NA,NA,NA,21.7,35.8483191,-76.65583056,17,13.2,293,NA,NA,NA,NA,NA,NA,NA,NA,NA,NA,NA,NA,NA,NA,NA,NA,NA,3.1,0.86,11.3,74,2.9,5.4,76,201,1081,302,17,3.8,3.3,0.6,0.1,nonwheat_March,nonwheat,No,Yes
M22_16S_g07_F05,March,UNIVT,Lamium_amplexicaule,t2p1,p069,M22_2331,Jointing,3/20/23,nonwheat,nonwheat,,sample,7,2,5,NA,NA,NA,NA,NA,34.7,34.9504368,-80.4246764,30,13.1,313,NA,NA,NA,NA,NA,NA,NA,NA,NA,NA,NA,NA,NA,NA,NA,NA,NA,0.36,1.05,6.3,68,2,5.1,23,56,678,90,17,16.5,1.9,1.6,0.1,nonwheat_March,nonwheat,No,Yes
M22_16S_g07_F08,March,PERVT,Lamium_amplexicaule,t2p2,p053,M22_1790,Jointing,3/28/23,nonwheat,nonwheat,,sample,7,2,5,NA,NA,NA,NA,NA,40.5,36.17848368,-76.35873081,15.1,12.8,295,NA,NA,NA,NA,NA,NA,NA,NA,NA,NA,NA,NA,NA,NA,NA,NA,NA,0.51,0.82,8.5,81,1.6,5.75,233,134.5,998.5,191,19.5,13.8,6.9,1.55,0.2,nonwheat_March,nonwheat,No,Yes
M22_16S_g08_H06,March,WASVT,Lamium_amplexicaule,t1p5,p010,M22_2701,Jointing,3/27/23,nonwheat,nonwheat,,sample,8,2,5,NA,NA,NA,NA,NA,25.6,35.8492677,-76.654608,13,13.2,293,NA,NA,NA,NA,NA,NA,NA,NA,NA,NA,NA,NA,NA,NA,NA,NA,NA,2.92,0.83,14.1,82,2.5,5.9,115,242,1422,468,19,2.9,1.6,0.9,0.1,nonwheat_March,nonwheat,No,Yes
M22_16S_g09_C07,March,WASVT,Lamium_amplexicaule,t2p4,p057,M22_2738,Jointing,3/27/23,nonwheat,nonwheat,,sample,9,3,5,NA,NA,NA,NA,NA,15.2,35.84835033,-76.65574642,20,13.2,293,NA,NA,NA,NA,NA,NA,NA,NA,NA,NA,NA,NA,NA,NA,NA,NA,NA,3.055,0.87,10.6,71,3,5.3,69.5,196.5,979,265.5,19.5,3.55,2.85,0.55,0.15,nonwheat_March,nonwheat,No,Yes
M22_16S_g09_E12,March,PERVT,Lamium_amplexicaule,t1p5,p009,M22_1762,Jointing,3/28/23,nonwheat,nonwheat,,sample,9,3,5,NA,NA,NA,NA,NA,48.5,36.1785315,-76.35863131,29.7,12.8,295,NA,NA,NA,NA,NA,NA,NA,NA,NA,NA,NA,NA,NA,NA,NA,NA,NA,0.36,0.98,9.3,84,1.5,5.7,46,139,943,331,18,8,2.2,0.8,0.2,nonwheat_March,nonwheat,No,Yes
M22_16S_g09_F03,March,ROWVT,Lamium_amplexicaule,t2p1,p080,M22_2160,Jointing,3/15/23,nonwheat,nonwheat,,sample,9,3,5,NA,NA,NA,NA,NA,23.3,35.696333,-80.622813,12,11.7,390,NA,NA,NA,NA,NA,NA,NA,NA,NA,NA,NA,NA,NA,NA,NA,NA,NA,0.51,0.82,8.5,75,2.2,5.4,43,148,834,215,20,90.6,3.6,3.8,0.1,nonwheat_March,nonwheat,No,Yes
M22_16S_g09_G11,March,UNIVT,Lamium_amplexicaule,t2p3,p065,M22_2346,Jointing,3/20/23,nonwheat,nonwheat,,sample,9,3,5,NA,NA,NA,NA,NA,36,34.9503476,-80.42437912,5,13.1,313,NA,NA,NA,NA,NA,NA,NA,NA,NA,NA,NA,NA,NA,NA,NA,NA,NA,0.27,1,6.3,65,2.2,5,28,60,666,78,22,18,1.9,1.9,0.1,nonwheat_March,nonwheat,No,Yes
M22_16S_g10_E12,March,WASVT,Lamium_amplexicaule,t1p2,p003,M22_2667,Jointing,3/27/23,nonwheat,nonwheat,,sample,10,3,5,NA,NA,NA,NA,NA,27.9,35.84968568,-76.65465675,26,13.2,293,NA,NA,NA,NA,NA,NA,NA,NA,NA,NA,NA,NA,NA,NA,NA,NA,NA,2.6,0.91,11.1,82.5,1.95,5.9,118.5,166.5,1161,358.5,16,2.6,1.3,0.9,0.1,nonwheat_March,nonwheat,No,Yes
M22_16S_g11_D02,March,WASVT,Lamium_amplexicaule,t1p3,p005,M22_2675,Jointing,3/27/23,nonwheat,nonwheat,,sample,11,3,5,NA,NA,NA,NA,NA,26.8,35.84954635,-76.6546405,16,13.2,293,NA,NA,NA,NA,NA,NA,NA,NA,NA,NA,NA,NA,NA,NA,NA,NA,NA,2.68,0.93,10.9,79,2.3,5.7,120,185,1090,334,17,2.4,1.3,0.9,0.1,nonwheat_March,nonwheat,No,Yes
M22_16S_g11_F02,March,LENVT,Lamium_amplexicaule,t1p2,p004,M22_1593,Jointing,3/14/23,nonwheat,nonwheat,,sample,11,3,5,NA,NA,NA,NA,NA,23.9,35.37841195,-77.56093795,15,13.4,268,NA,NA,NA,NA,NA,NA,NA,NA,NA,NA,NA,NA,NA,NA,NA,NA,NA,0.46,1.085,5.2,60,2.1,5.1,77,74.5,417,102.5,18.5,16.15,3.9,0.6,0.1,nonwheat_March,nonwheat,No,Yes
M22_16S_g11_F12,March,WAKMP,Lamium_amplexicaule,t1p2,p029,M22_2543,Jointing,3/10/23,nonwheat,nonwheat,,sample,11,3,5,NA,NA,NA,NA,NA,21.7,35.73445085,-78.70144717,26,12.7,324,NA,NA,NA,NA,NA,NA,NA,NA,NA,NA,NA,NA,NA,NA,NA,NA,NA,0.36,1.015,6.65,70,1.8,5.35,253,113.5,675,146.5,29,20.85,12.55,1.1,0.05,nonwheat_March,nonwheat,No,Yes
M22_16S_g11_H11,March,LENVT,Lamium_amplexicaule,t1p4,p007,M22_1616,Jointing,3/14/23,nonwheat,nonwheat,,sample,11,3,5,NA,NA,NA,NA,NA,19.8,35.37821785,-77.56102784,19,13.4,268,NA,NA,NA,NA,NA,NA,NA,NA,NA,NA,NA,NA,NA,NA,NA,NA,NA,0.46,1.05,5.5,64,1.95,5.25,80.5,92,487,107.5,18.5,17.2,3.75,0.5,0.1,nonwheat_March,nonwheat,No,Yes
M22_16S_g12_A11,March,PERVT,Lamium_amplexicaule,t1p5,p010,M22_1763,Jointing,3/28/23,nonwheat,nonwheat,,sample,12,3,5,NA,NA,NA,NA,NA,48.5,36.1785315,-76.35863131,22.5,12.8,295,NA,NA,NA,NA,NA,NA,NA,NA,NA,NA,NA,NA,NA,NA,NA,NA,NA,0.36,0.98,9.3,84,1.5,5.7,46,139,943,331,18,8,2.2,0.8,0.2,nonwheat_March,nonwheat,No,Yes
M22_16S_g12_B05,March,WAKMP,Lamium_amplexicaule,t1p2,p028,M22_2542,Jointing,3/10/23,nonwheat,nonwheat,,sample,12,3,5,NA,NA,NA,NA,NA,21.7,35.73445085,-78.70144717,25,12.7,324,NA,NA,NA,NA,NA,NA,NA,NA,NA,NA,NA,NA,NA,NA,NA,NA,NA,0.36,1.015,6.65,70,1.8,5.35,253,113.5,675,146.5,29,20.85,12.55,1.1,0.05,nonwheat_March,nonwheat,No,Yes
M22_16S_g12_D09,March,PERVT,Lamium_amplexicaule,t2p1,p052,M22_1783,Jointing,3/28/23,nonwheat,nonwheat,,sample,12,3,5,NA,NA,NA,NA,NA,36,36.1785315,-76.35863131,18.2,12.8,295,NA,NA,NA,NA,NA,NA,NA,NA,NA,NA,NA,NA,NA,NA,NA,NA,NA,0.46,0.81,8,80,1.6,5.7,215,106,929,183,19,13,5.9,1.3,0.2,nonwheat_March,nonwheat,No,Yes
M22_16S_g12_E06,March,PERVT,Lamium_amplexicaule,t1p4,p008,M22_1753,Jointing,3/28/23,nonwheat,nonwheat,,sample,12,3,5,NA,NA,NA,NA,NA,40.6,36.1785611,-76.35858781,31.4,12.8,295,NA,NA,NA,NA,NA,NA,NA,NA,NA,NA,NA,NA,NA,NA,NA,NA,NA,0.36,0.945,9.2,82.5,1.6,5.7,77,138,973,291,17,12.4,4,0.95,0.2,nonwheat_March,nonwheat,No,Yes
M22_16S_g12_F03,March,WASVT,Lamium_amplexicaule,t1p1,p001,M22_2659,Jointing,3/27/23,nonwheat,nonwheat,,sample,12,3,5,NA,NA,NA,NA,NA,22.4,35.849825,-76.654673,22,13.2,293,NA,NA,NA,NA,NA,NA,NA,NA,NA,NA,NA,NA,NA,NA,NA,NA,NA,2.52,0.89,11.3,86,1.6,6.1,117,148,1232,383,15,2.8,1.3,0.9,0.1,nonwheat_March,nonwheat,No,Yes
M22_16S_g12_H10,March,WAKMP,Lamium_amplexicaule,t1p1,p027,M22_2524,Jointing,3/10/23,nonwheat,nonwheat,,sample,12,3,5,NA,NA,NA,NA,NA,26.3,35.734453,-78.701374,19,12.7,324,NA,NA,NA,NA,NA,NA,NA,NA,NA,NA,NA,NA,NA,NA,NA,NA,NA,0.36,1,8.3,82,1.5,5.8,325,87,977,208,28,20,19.5,1.3,0.1,nonwheat_March,nonwheat,No,Yes
M22_16S_g13_D10,March,UNIVT,Lamium_amplexicaule,t2p5,p062,M22_2363,Jointing,3/20/23,nonwheat,nonwheat,,sample,13,4,5,NA,NA,NA,NA,NA,38,34.9502584,-80.42408184,20,13.1,313,NA,NA,NA,NA,NA,NA,NA,NA,NA,NA,NA,NA,NA,NA,NA,NA,NA,0.22,1.12,5.6,65,2,5,11,40,579,77,27,22.9,1.1,2,0.1,nonwheat_March,nonwheat,No,Yes
M22_16S_g13_F08,March,LENVT,Lamium_amplexicaule,t1p3,p005,M22_1604,Jointing,3/14/23,nonwheat,nonwheat,,sample,13,4,5,NA,NA,NA,NA,NA,23.3,35.3783149,-77.5609829,14,13.4,268,NA,NA,NA,NA,NA,NA,NA,NA,NA,NA,NA,NA,NA,NA,NA,NA,NA,0.46,1.09,4.9,59,2,5.1,71,79,383,94,20,11.9,3.1,0.5,0.1,nonwheat_March,nonwheat,No,Yes
M22_16S_g14_A04,March,PERVT,Lamium_amplexicaule,t1p3,p006,M22_1743,Jointing,3/28/23,nonwheat,nonwheat,,sample,14,4,5,NA,NA,NA,NA,NA,53.6,36.1785907,-76.35854431,28.4,12.8,295,NA,NA,NA,NA,NA,NA,NA,NA,NA,NA,NA,NA,NA,NA,NA,NA,NA,0.36,0.91,9.1,81,1.7,5.7,108,137,1003,251,16,16.8,5.8,1.1,0.2,nonwheat_March,nonwheat,No,Yes
M22_16S_g14_B10,March,ROWVT,Lamium_amplexicaule,t2p5,p071,M22_2195,Jointing,3/15/23,nonwheat,nonwheat,,sample,14,4,5,NA,NA,NA,NA,NA,24.1,35.6963169,-80.62233422,4,11.7,390,NA,NA,NA,NA,NA,NA,NA,NA,NA,NA,NA,NA,NA,NA,NA,NA,NA,0.46,0.72,9.2,79,2,5.6,68,200,957,237,17,111.5,7.6,3.5,0.1,nonwheat_March,nonwheat,No,Yes
M22_16S_g14_D03,March,PERVT,Lamium_amplexicaule,t2p4,p058,M22_1825,Jointing,3/28/23,nonwheat,nonwheat,,sample,14,4,5,NA,NA,NA,NA,NA,38.3,36.17838803,-76.35892981,22.7,12.8,295,NA,NA,NA,NA,NA,NA,NA,NA,NA,NA,NA,NA,NA,NA,NA,NA,NA,0.61,0.82,7.6,73.5,1.9,5.3,294.5,132,826,152.5,23,17,8.3,1.65,0.15,nonwheat_March,nonwheat,No,Yes
M22_16S_g14_G02,March,WASVT,Lamium_amplexicaule,t1p5,p009,M22_2700,Jointing,3/27/23,nonwheat,nonwheat,,sample,14,4,5,NA,NA,NA,NA,NA,25.6,35.8492677,-76.654608,13,13.2,293,NA,NA,NA,NA,NA,NA,NA,NA,NA,NA,NA,NA,NA,NA,NA,NA,NA,2.92,0.83,14.1,82,2.5,5.9,115,242,1422,468,19,2.9,1.6,0.9,0.1,nonwheat_March,nonwheat,No,Yes
M22_16S_g15_A08,March,PERVT,Lamium_amplexicaule,t2p5,p060,M22_1837,Jointing,3/28/23,nonwheat,nonwheat,,sample,15,4,5,NA,NA,NA,NA,NA,29.5,36.1783402,-76.35902931,23.4,12.8,295,NA,NA,NA,NA,NA,NA,NA,NA,NA,NA,NA,NA,NA,NA,NA,NA,NA,0.66,0.81,6.2,65,2.2,4.8,338,101,584,106,26,19.4,8.7,1.5,0.1,nonwheat_March,nonwheat,No,Yes
M22_16S_g15_D05,March,WASVT,Lamium_amplexicaule,t2p3,p055,M22_2728,Jointing,3/27/23,nonwheat,nonwheat,,sample,15,4,5,NA,NA,NA,NA,NA,16.9,35.84838155,-76.65566228,17,13.2,293,NA,NA,NA,NA,NA,NA,NA,NA,NA,NA,NA,NA,NA,NA,NA,NA,NA,3.01,0.88,9.9,68,3.1,5.2,63,192,877,229,22,3.3,2.4,0.5,0.2,nonwheat_March,nonwheat,No,Yes
M22_16S_g15_D08,April,ROWVT,Lamium_amplexicaule,t1p1,p060,M22_0752,Heading,4/27/23,nonwheat,nonwheat,,sample,15,4,5,NA,NA,NA,NA,NA,20.8,35.696458,-80.623031,24,15,469,NA,NA,NA,NA,NA,NA,NA,NA,NA,NA,NA,NA,NA,NA,NA,NA,NA,0.41,0.73,13.3,88,1.6,6.3,119,276,1518,425,20,42.2,10.1,4.9,0.1,nonwheat_April,nonwheat,No,Yes
M22_16S_g15_E11,March,PERVT,Lamium_amplexicaule,t1p2,p004,M22_1733,Jointing,3/28/23,nonwheat,nonwheat,,sample,15,4,5,NA,NA,NA,NA,NA,48.1,36.1786203,-76.3585008,27.7,12.8,295,NA,NA,NA,NA,NA,NA,NA,NA,NA,NA,NA,NA,NA,NA,NA,NA,NA,0.41,0.93,10.05,82.5,1.75,5.7,111.5,167,1105.5,286,15,14.55,5.8,1.05,0.2,nonwheat_March,nonwheat,No,Yes
M22_16S_g15_G05,March,WASVT,Lamium_amplexicaule,t2p1,p051,M22_2708,Jointing,3/27/23,nonwheat,nonwheat,,sample,15,4,5,NA,NA,NA,NA,NA,19.7,35.848444,-76.655494,26,13.2,293,NA,NA,NA,NA,NA,NA,NA,NA,NA,NA,NA,NA,NA,NA,NA,NA,NA,2.68,0.84,11.4,75,2.9,5.4,92,288,1099,279,20,5.5,3.6,0.9,0.1,nonwheat_March,nonwheat,No,Yes
M22_16S_g16_B02,March,ROWVT,Lamium_amplexicaule,t2p4,p073,M22_2186,Jointing,3/15/23,nonwheat,nonwheat,,sample,16,4,5,NA,NA,NA,NA,NA,16.8,35.69632093,-80.62245392,12,11.7,390,NA,NA,NA,NA,NA,NA,NA,NA,NA,NA,NA,NA,NA,NA,NA,NA,NA,0.435,0.74,9.05,78.5,2,5.6,64,240.5,896.5,240.5,18,102.55,7.35,3.4,0.1,nonwheat_March,nonwheat,No,Yes
M22_16S_g17_B06,March,PERVT,Lamium_amplexicaule,t1p1,p002,M22_1715,Jointing,3/28/23,nonwheat,nonwheat,,sample,17,5,5,NA,NA,NA,NA,NA,48.7,36.1786499,-76.3584573,27.4,12.8,295,NA,NA,NA,NA,NA,NA,NA,NA,NA,NA,NA,NA,NA,NA,NA,NA,NA,0.46,0.95,11,84,1.8,5.7,115,197,1208,321,14,12.3,5.8,1,0.2,nonwheat_March,nonwheat,No,Yes
M22_16S_g18_A08,March,WASVT,Lamium_amplexicaule,t2p4,p058,M22_2739,Jointing,3/27/23,nonwheat,nonwheat,,sample,18,5,5,NA,NA,NA,NA,NA,15.2,35.84835033,-76.65574642,31,13.2,293,NA,NA,NA,NA,NA,NA,NA,NA,NA,NA,NA,NA,NA,NA,NA,NA,NA,3.055,0.87,10.6,71,3,5.3,69.5,196.5,979,265.5,19.5,3.55,2.85,0.55,0.15,nonwheat_March,nonwheat,No,Yes
M22_16S_g18_C01,March,LENVT,Lamium_amplexicaule,t1p5,p010,M22_1635,Jointing,3/14/23,nonwheat,nonwheat,,sample,18,5,5,NA,NA,NA,NA,NA,23.7,35.3781208,-77.56107279,12,13.4,268,NA,NA,NA,NA,NA,NA,NA,NA,NA,NA,NA,NA,NA,NA,NA,NA,NA,0.46,1.01,6.1,69,1.9,5.4,90,105,591,121,17,22.5,4.4,0.5,0.1,nonwheat_March,nonwheat,No,Yes
M22_16S_g18_E07,March,PERVT,Lamium_amplexicaule,t1p2,p003,M22_1732,Jointing,3/28/23,nonwheat,nonwheat,,sample,18,5,5,NA,NA,NA,NA,NA,48.1,36.1786203,-76.3585008,29.6,12.8,295,NA,NA,NA,NA,NA,NA,NA,NA,NA,NA,NA,NA,NA,NA,NA,NA,NA,0.41,0.93,10.05,82.5,1.75,5.7,111.5,167,1105.5,286,15,14.55,5.8,1.05,0.2,nonwheat_March,nonwheat,No,Yes
M22_16S_g18_E10,March,PERVT,Lamium_amplexicaule,t2p5,p059,M22_1836,Jointing,3/28/23,nonwheat,nonwheat,,sample,18,5,5,NA,NA,NA,NA,NA,29.5,36.1783402,-76.35902931,23.6,12.8,295,NA,NA,NA,NA,NA,NA,NA,NA,NA,NA,NA,NA,NA,NA,NA,NA,NA,0.66,0.81,6.2,65,2.2,4.8,338,101,584,106,26,19.4,8.7,1.5,0.1,nonwheat_March,nonwheat,No,Yes
M22_16S_g18_G09,March,WASVT,Lamium_amplexicaule,t2p2,p053,M22_2718,Jointing,3/27/23,nonwheat,nonwheat,,sample,18,5,5,NA,NA,NA,NA,NA,17.2,35.84841278,-76.65557814,18,13.2,293,NA,NA,NA,NA,NA,NA,NA,NA,NA,NA,NA,NA,NA,NA,NA,NA,NA,2.845,0.86,10.65,71.5,3,5.3,77.5,240,988,254,21,4.4,3,0.7,0.15,nonwheat_March,nonwheat,No,Yes
M22_16S_g19_A02,March,PERVT,Lamium_amplexicaule,t2p2,p054,M22_1791,Jointing,3/28/23,nonwheat,nonwheat,,sample,19,5,5,NA,NA,NA,NA,NA,40.5,36.17848368,-76.35873081,12.5,12.8,295,NA,NA,NA,NA,NA,NA,NA,NA,NA,NA,NA,NA,NA,NA,NA,NA,NA,0.51,0.82,8.5,81,1.6,5.75,233,134.5,998.5,191,19.5,13.8,6.9,1.55,0.2,nonwheat_March,nonwheat,No,Yes
M22_16S_g19_B12,April,ROWVT,Lamium_amplexicaule,t1p2,p058,M22_0772,Heading,4/27/23,nonwheat,nonwheat,,sample,19,5,5,NA,NA,NA,NA,NA,17.4,35.69651018,-80.62303714,30,15,469,NA,NA,NA,NA,NA,NA,NA,NA,NA,NA,NA,NA,NA,NA,NA,NA,NA,0.435,0.785,12.2,88,1.45,6.25,92,259.5,1385,386,22,76.75,8.95,4.75,0.1,nonwheat_April,nonwheat,No,Yes
M22_16S_g19_D01,March,ROWVT,Lamium_amplexicaule,t1p5,p030,M22_2147,Jointing,3/15/23,nonwheat,nonwheat,,sample,19,5,5,NA,NA,NA,NA,NA,36.5,35.6966667,-80.62305556,3,11.7,390,NA,NA,NA,NA,NA,NA,NA,NA,NA,NA,NA,NA,NA,NA,NA,NA,NA,0.36,0.87,8.8,81,1.6,5.9,25,197,913,260,15,130,4.6,5.2,0.1,nonwheat_March,nonwheat,No,Yes
M22_16S_g20_G10,March,WAKMP,Lamium_amplexicaule,t1p1,p034,M22_2528,Jointing,3/10/23,nonwheat,nonwheat,,sample,20,5,5,NA,NA,NA,NA,NA,26.3,35.734453,-78.701374,18,12.7,324,NA,NA,NA,NA,NA,NA,NA,NA,NA,NA,NA,NA,NA,NA,NA,NA,NA,0.36,1,8.3,82,1.5,5.8,325,87,977,208,28,20,19.5,1.3,0.1,nonwheat_March,nonwheat,No,Yes
M22_16S_g20_H07,April,ROWVT,Lamium_amplexicaule,t1p2,p057,M22_0771,Heading,4/27/23,nonwheat,nonwheat,,sample,20,5,5,NA,NA,NA,NA,NA,17.4,35.69651018,-80.62303714,25,15,469,NA,NA,NA,NA,NA,NA,NA,NA,NA,NA,NA,NA,NA,NA,NA,NA,NA,0.435,0.785,12.2,88,1.45,6.25,92,259.5,1385,386,22,76.75,8.95,4.75,0.1,nonwheat_April,nonwheat,No,Yes
M22_16S_g21_B01,March,PERVT,Lamium_amplexicaule,t2p4,p057,M22_1816,Jointing,3/28/23,nonwheat,nonwheat,,sample,21,6,5,NA,NA,NA,NA,NA,38.3,36.17838803,-76.35892981,17.6,12.8,295,NA,NA,NA,NA,NA,NA,NA,NA,NA,NA,NA,NA,NA,NA,NA,NA,NA,0.61,0.82,7.6,73.5,1.9,5.3,294.5,132,826,152.5,23,17,8.3,1.65,0.15,nonwheat_March,nonwheat,No,Yes
M22_16S_g21_C10,April,ROWVT,Lamium_amplexicaule,t1p3,p056,M22_0784,Heading,4/27/23,nonwheat,nonwheat,,sample,21,6,5,NA,NA,NA,NA,NA,18.9,35.69656235,-80.62304328,14,15,469,NA,NA,NA,NA,NA,NA,NA,NA,NA,NA,NA,NA,NA,NA,NA,NA,NA,0.46,0.84,11.1,88,1.3,6.2,65,243,1252,347,24,111.3,7.8,4.6,0.1,nonwheat_April,nonwheat,No,Yes
M22_16S_g21_G01,March,UNIVT,Lamium_amplexicaule,t2p2,p067,M22_2339,Jointing,3/20/23,nonwheat,nonwheat,,sample,21,6,5,NA,NA,NA,NA,NA,39.8,34.9503922,-80.42452776,20,13.1,313,NA,NA,NA,NA,NA,NA,NA,NA,NA,NA,NA,NA,NA,NA,NA,NA,NA,0.315,1.025,6.3,66.5,2.1,5.05,25.5,58,672,84,19.5,17.25,1.9,1.75,0.1,nonwheat_March,nonwheat,No,Yes
M22_16S_g22_A10,March,LENVT,Lamium_amplexicaule,t1p2,p003,M22_1592,Jointing,3/14/23,nonwheat,nonwheat,,sample,22,6,5,NA,NA,NA,NA,NA,23.9,35.37841195,-77.56093795,14,13.4,268,NA,NA,NA,NA,NA,NA,NA,NA,NA,NA,NA,NA,NA,NA,NA,NA,NA,0.46,1.085,5.2,60,2.1,5.1,77,74.5,417,102.5,18.5,16.15,3.9,0.6,0.1,nonwheat_March,nonwheat,No,Yes
M22_16S_g22_B12,March,ROWVT,Lamium_amplexicaule,t2p4,p075,M22_2188,Jointing,3/15/23,nonwheat,nonwheat,,sample,22,6,5,NA,NA,NA,NA,NA,16.8,35.69632093,-80.62245392,10,11.7,390,NA,NA,NA,NA,NA,NA,NA,NA,NA,NA,NA,NA,NA,NA,NA,NA,NA,0.435,0.74,9.05,78.5,2,5.6,64,240.5,896.5,240.5,18,102.55,7.35,3.4,0.1,nonwheat_March,nonwheat,No,Yes
M22_16S_g22_D06,March,ROWVT,Lamium_amplexicaule,t1p3,p027,M22_2136,Jointing,3/15/23,nonwheat,nonwheat,,sample,22,6,5,NA,NA,NA,NA,NA,35.7,35.69656235,-80.62304328,12,11.7,390,NA,NA,NA,NA,NA,NA,NA,NA,NA,NA,NA,NA,NA,NA,NA,NA,NA,0.46,0.79,11.3,85,1.7,6,49,217,1375,267,22,43,9,6.7,0.1,nonwheat_March,nonwheat,No,Yes
M22_16S_g22_E01,March,ROWVT,Lamium_amplexicaule,t1p2,p024,M22_2129,Jointing,3/15/23,nonwheat,nonwheat,,sample,22,6,5,NA,NA,NA,NA,NA,35.7,35.69651018,-80.62303714,19,11.7,390,NA,NA,NA,NA,NA,NA,NA,NA,NA,NA,NA,NA,NA,NA,NA,NA,NA,0.435,0.795,11.15,85.5,1.6,6.05,45,218.5,1369,262,20,44.95,8.15,7,0.1,nonwheat_March,nonwheat,No,Yes
M22_16S_g22_H06,March,UNIVT,Lamium_amplexicaule,t2p1,p070,M22_2332,Jointing,3/20/23,nonwheat,nonwheat,,sample,22,6,5,NA,NA,NA,NA,NA,34.7,34.9504368,-80.4246764,26,13.1,313,NA,NA,NA,NA,NA,NA,NA,NA,NA,NA,NA,NA,NA,NA,NA,NA,NA,0.36,1.05,6.3,68,2,5.1,23,56,678,90,17,16.5,1.9,1.6,0.1,nonwheat_March,nonwheat,No,Yes
M22_16S_g22_H07,March,WAKMP,Lamium_amplexicaule,t1p2,p009,M22_2539,Jointing,3/10/23,nonwheat,nonwheat,,sample,22,6,5,NA,NA,NA,NA,NA,21.7,35.73445085,-78.70144717,19,12.7,324,NA,NA,NA,NA,NA,NA,NA,NA,NA,NA,NA,NA,NA,NA,NA,NA,NA,0.36,1.015,6.65,70,1.8,5.35,253,113.5,675,146.5,29,20.85,12.55,1.1,0.05,nonwheat_March,nonwheat,No,Yes
M22_16S_g23_D07,March,LENVT,Lamium_amplexicaule,t1p4,p008,M22_1617,Jointing,3/14/23,nonwheat,nonwheat,,sample,23,6,5,NA,NA,NA,NA,NA,19.8,35.37821785,-77.56102784,13,13.4,268,NA,NA,NA,NA,NA,NA,NA,NA,NA,NA,NA,NA,NA,NA,NA,NA,NA,0.46,1.05,5.5,64,1.95,5.25,80.5,92,487,107.5,18.5,17.2,3.75,0.5,0.1,nonwheat_March,nonwheat,No,Yes
M22_16S_g24_D06,March,UNIVT,Lamium_amplexicaule,t2p4,p064,M22_2355,Jointing,3/20/23,nonwheat,nonwheat,,sample,24,6,5,NA,NA,NA,NA,NA,33.3,34.950303,-80.42423048,13,13.1,313,NA,NA,NA,NA,NA,NA,NA,NA,NA,NA,NA,NA,NA,NA,NA,NA,NA,0.245,1.06,5.95,65,2.1,5,19.5,50,622.5,77.5,24.5,20.45,1.5,1.95,0.1,nonwheat_March,nonwheat,No,Yes
M22_16S_g24_D09,March,UNIVT,Lamium_amplexicaule,t2p5,p061,M22_2362,Jointing,3/20/23,nonwheat,nonwheat,,sample,24,6,5,NA,NA,NA,NA,NA,38,34.9502584,-80.42408184,3,13.1,313,NA,NA,NA,NA,NA,NA,NA,NA,NA,NA,NA,NA,NA,NA,NA,NA,NA,0.22,1.12,5.6,65,2,5,11,40,579,77,27,22.9,1.1,2,0.1,nonwheat_March,nonwheat,No,Yes
M22_16S_g24_G04,March,ROWVT,Lamium_amplexicaule,t2p2,p077,M22_2169,Jointing,3/15/23,nonwheat,nonwheat,,sample,24,6,5,NA,NA,NA,NA,NA,25.8,35.69632898,-80.62269331,7,11.7,390,NA,NA,NA,NA,NA,NA,NA,NA,NA,NA,NA,NA,NA,NA,NA,NA,NA,0.46,0.79,8.7,76.5,2.1,5.5,51.5,214.5,835,229.5,19.5,92.1,5.35,3.55,0.1,nonwheat_March,nonwheat,No,Yes
M22_16S_g24_G11,April,ROWVT,Lamium_amplexicaule,t1p3,p055,M22_0783,Heading,4/27/23,nonwheat,nonwheat,,sample,24,6,5,NA,NA,NA,NA,NA,18.9,35.69656235,-80.62304328,18,15,469,NA,NA,NA,NA,NA,NA,NA,NA,NA,NA,NA,NA,NA,NA,NA,NA,NA,0.46,0.84,11.1,88,1.3,6.2,65,243,1252,347,24,111.3,7.8,4.6,0.1,nonwheat_April,nonwheat,No,Yes
M22_16S_g24_H07,March,ROWVT,Lamium_amplexicaule,t2p5,p072,M22_2196,Jointing,3/15/23,nonwheat,nonwheat,,sample,24,6,5,NA,NA,NA,NA,NA,24.1,35.6963169,-80.62233422,7,11.7,390,NA,NA,NA,NA,NA,NA,NA,NA,NA,NA,NA,NA,NA,NA,NA,NA,NA,0.46,0.72,9.2,79,2,5.6,68,200,957,237,17,111.5,7.6,3.5,0.1,nonwheat_March,nonwheat,No,Yes
M22_16S_g25_B11,March,PERVT,Lamium_amplexicaule,t1p4,p007,M22_1752,Jointing,3/28/23,nonwheat,nonwheat,,sample,25,7,5,NA,NA,NA,NA,NA,40.6,36.1785611,-76.35858781,16.3,12.8,295,NA,NA,NA,NA,NA,NA,NA,NA,NA,NA,NA,NA,NA,NA,NA,NA,NA,0.36,0.945,9.2,82.5,1.6,5.7,77,138,973,291,17,12.4,4,0.95,0.2,nonwheat_March,nonwheat,No,Yes
M22_16S_g25_D05,March,ROWVT,Lamium_amplexicaule,t2p1,p079,M22_2159,Jointing,3/15/23,nonwheat,nonwheat,,sample,25,7,5,NA,NA,NA,NA,NA,23.3,35.696333,-80.622813,14,11.7,390,NA,NA,NA,NA,NA,NA,NA,NA,NA,NA,NA,NA,NA,NA,NA,NA,NA,0.51,0.82,8.5,75,2.2,5.4,43,148,834,215,20,90.6,3.6,3.8,0.1,nonwheat_March,nonwheat,No,Yes
M22_16S_g25_F01,March,ROWVT,Lamium_amplexicaule,t1p3,p026,M22_2135,Jointing,3/15/23,nonwheat,nonwheat,,sample,25,7,5,NA,NA,NA,NA,NA,35.7,35.69656235,-80.62304328,15,11.7,390,NA,NA,NA,NA,NA,NA,NA,NA,NA,NA,NA,NA,NA,NA,NA,NA,NA,0.46,0.79,11.3,85,1.7,6,49,217,1375,267,22,43,9,6.7,0.1,nonwheat_March,nonwheat,No,Yes
M22_16S_g25_F06,April,ROWVT,Lamium_amplexicaule,t1p4,p054,M22_0796,Heading,4/27/23,nonwheat,nonwheat,,sample,25,7,5,NA,NA,NA,NA,NA,18.2,35.69661453,-80.62304942,22,15,469,NA,NA,NA,NA,NA,NA,NA,NA,NA,NA,NA,NA,NA,NA,NA,NA,NA,0.485,0.775,11.5,86,1.6,6.1,96.5,213,1293.5,349,20,82.15,8.2,4,0.1,nonwheat_April,nonwheat,No,Yes
M22_16S_g25_F12,March,ROWVT,Lamium_amplexicaule,t1p4,p029,M22_2144,Jointing,3/15/23,nonwheat,nonwheat,,sample,25,7,5,NA,NA,NA,NA,NA,39,35.69661453,-80.62304942,9,11.7,390,NA,NA,NA,NA,NA,NA,NA,NA,NA,NA,NA,NA,NA,NA,NA,NA,NA,0.41,0.83,10.05,83,1.65,5.95,37,207,1144,263.5,18.5,86.5,6.8,5.95,0.1,nonwheat_March,nonwheat,No,Yes
M22_16S_g25_G02,March,LENVT,Lamium_amplexicaule,t1p1,p002,M22_1585,Jointing,3/14/23,nonwheat,nonwheat,,sample,25,7,5,NA,NA,NA,NA,NA,23.7,35.378509,-77.560893,13,13.4,268,NA,NA,NA,NA,NA,NA,NA,NA,NA,NA,NA,NA,NA,NA,NA,NA,NA,0.46,1.08,5.5,61,2.2,5.1,83,70,451,111,17,20.4,4.7,0.7,0.1,nonwheat_March,nonwheat,No,Yes
M22_16S_g25_G12,March,UNIVT,Lamium_amplexicaule,t2p2,p068,M22_2340,Jointing,3/20/23,nonwheat,nonwheat,,sample,25,7,5,NA,NA,NA,NA,NA,39.8,34.9503922,-80.42452776,26,13.1,313,NA,NA,NA,NA,NA,NA,NA,NA,NA,NA,NA,NA,NA,NA,NA,NA,NA,0.315,1.025,6.3,66.5,2.1,5.05,25.5,58,672,84,19.5,17.25,1.9,1.75,0.1,nonwheat_March,nonwheat,No,Yes
M22_16S_g25_H07,March,ROWVT,Lamium_amplexicaule,t1p2,p023,M22_2128,Jointing,3/15/23,nonwheat,nonwheat,,sample,25,7,5,NA,NA,NA,NA,NA,35.7,35.69651018,-80.62303714,17,11.7,390,NA,NA,NA,NA,NA,NA,NA,NA,NA,NA,NA,NA,NA,NA,NA,NA,NA,0.435,0.795,11.15,85.5,1.6,6.05,45,218.5,1369,262,20,44.95,8.15,7,0.1,nonwheat_March,nonwheat,No,Yes
M22_16S_g26_A04,March,ROWVT,Lamium_amplexicaule,t1p1,p022,M22_2123,Jointing,3/15/23,nonwheat,nonwheat,,sample,26,7,5,NA,NA,NA,NA,NA,38.2,35.696458,-80.623031,11,11.7,390,NA,NA,NA,NA,NA,NA,NA,NA,NA,NA,NA,NA,NA,NA,NA,NA,NA,0.41,0.8,11,86,1.5,6.1,41,220,1363,257,18,46.9,7.3,7.3,0.1,nonwheat_March,nonwheat,No,Yes
M22_16S_g26_D12,March,PERVT,Lamium_amplexicaule,t2p1,p051,M22_1782,Jointing,3/28/23,nonwheat,nonwheat,,sample,26,7,5,NA,NA,NA,NA,NA,36,36.1785315,-76.35863131,26.6,12.8,295,NA,NA,NA,NA,NA,NA,NA,NA,NA,NA,NA,NA,NA,NA,NA,NA,NA,0.46,0.81,8,80,1.6,5.7,215,106,929,183,19,13,5.9,1.3,0.2,nonwheat_March,nonwheat,No,Yes
M22_16S_g26_E05,March,WASVT,Lamium_amplexicaule,t2p1,p052,M22_2709,Jointing,3/27/23,nonwheat,nonwheat,,sample,26,7,5,NA,NA,NA,NA,NA,19.7,35.848444,-76.655494,17,13.2,293,NA,NA,NA,NA,NA,NA,NA,NA,NA,NA,NA,NA,NA,NA,NA,NA,NA,2.68,0.84,11.4,75,2.9,5.4,92,288,1099,279,20,5.5,3.6,0.9,0.1,nonwheat_March,nonwheat,No,Yes
M22_16S_g28_C09,March,PERVT,Lamium_amplexicaule,t2p3,p055,M22_1802,Jointing,3/28/23,nonwheat,nonwheat,,sample,28,7,5,NA,NA,NA,NA,NA,33,36.17843585,-76.35883031,18.7,12.8,295,NA,NA,NA,NA,NA,NA,NA,NA,NA,NA,NA,NA,NA,NA,NA,NA,NA,0.56,0.83,9,82,1.6,5.8,251,163,1068,199,20,14.6,7.9,1.8,0.2,nonwheat_March,nonwheat,No,Yes
M22_16S_g28_E05,April,ROWVT,Lamium_amplexicaule,t1p4,p053,M22_0795,Heading,4/27/23,nonwheat,nonwheat,,sample,28,7,5,NA,NA,NA,NA,NA,18.2,35.69661453,-80.62304942,17,15,469,NA,NA,NA,NA,NA,NA,NA,NA,NA,NA,NA,NA,NA,NA,NA,NA,NA,0.485,0.775,11.5,86,1.6,6.1,96.5,213,1293.5,349,20,82.15,8.2,4,0.1,nonwheat_April,nonwheat,No,Yes
M22_16S_g29_C01,March,WAKMP,Lamium_amplexicaule,t1p2,p031,M22_2544,Jointing,3/10/23,nonwheat,nonwheat,,sample,29,8,5,NA,NA,NA,NA,NA,21.7,35.73445085,-78.70144717,23,12.7,324,NA,NA,NA,NA,NA,NA,NA,NA,NA,NA,NA,NA,NA,NA,NA,NA,NA,0.36,1.015,6.65,70,1.8,5.35,253,113.5,675,146.5,29,20.85,12.55,1.1,0.05,nonwheat_March,nonwheat,No,Yes
M22_16S_g29_D05,March,WAKMP,Lamium_amplexicaule,t1p1,p030,M22_2525,Jointing,3/10/23,nonwheat,nonwheat,,sample,29,8,5,NA,NA,NA,NA,NA,26.3,35.734453,-78.701374,17,12.7,324,NA,NA,NA,NA,NA,NA,NA,NA,NA,NA,NA,NA,NA,NA,NA,NA,NA,0.36,1,8.3,82,1.5,5.8,325,87,977,208,28,20,19.5,1.3,0.1,nonwheat_March,nonwheat,No,Yes
M22_16S_g29_F05,March,WAKMP,Lamium_amplexicaule,t1p1,p033,M22_2527,Jointing,3/10/23,nonwheat,nonwheat,,sample,29,8,5,NA,NA,NA,NA,NA,26.3,35.734453,-78.701374,19,12.7,324,NA,NA,NA,NA,NA,NA,NA,NA,NA,NA,NA,NA,NA,NA,NA,NA,NA,0.36,1,8.3,82,1.5,5.8,325,87,977,208,28,20,19.5,1.3,0.1,nonwheat_March,nonwheat,No,Yes
M22_16S_g29_F07,April,ROWVT,Lamium_amplexicaule,t1p5,p052,M22_0808,Heading,4/27/23,nonwheat,nonwheat,,sample,29,8,5,NA,NA,NA,NA,NA,25.7,35.6966667,-80.62305556,24,15,469,NA,NA,NA,NA,NA,NA,NA,NA,NA,NA,NA,NA,NA,NA,NA,NA,NA,0.51,0.71,11.9,84,1.9,6,128,183,1335,351,16,53,8.6,3.4,0.1,nonwheat_April,nonwheat,No,Yes
M22_16S_g29_H09,March,PERVT,Lamium_amplexicaule,t2p3,p056,M22_1803,Jointing,3/28/23,nonwheat,nonwheat,,sample,29,8,5,NA,NA,NA,NA,NA,33,36.17843585,-76.35883031,19.4,12.8,295,NA,NA,NA,NA,NA,NA,NA,NA,NA,NA,NA,NA,NA,NA,NA,NA,NA,0.56,0.83,9,82,1.6,5.8,251,163,1068,199,20,14.6,7.9,1.8,0.2,nonwheat_March,nonwheat,No,Yes
M22_16S_g30_D09,March,WAKMP,Lamium_amplexicaule,t1p1,p032,M22_2526,Jointing,3/10/23,nonwheat,nonwheat,,sample,30,8,5,NA,NA,NA,NA,NA,26.3,35.734453,-78.701374,20,12.7,324,NA,NA,NA,NA,NA,NA,NA,NA,NA,NA,NA,NA,NA,NA,NA,NA,NA,0.36,1,8.3,82,1.5,5.8,325,87,977,208,28,20,19.5,1.3,0.1,nonwheat_March,nonwheat,No,Yes
M22_16S_g30_H03,March,WASVT,Lamium_amplexicaule,t1p1,p002,M22_2660,Jointing,3/27/23,nonwheat,nonwheat,,sample,30,8,5,NA,NA,NA,NA,NA,22.4,35.849825,-76.654673,18,13.2,293,NA,NA,NA,NA,NA,NA,NA,NA,NA,NA,NA,NA,NA,NA,NA,NA,NA,2.52,0.89,11.3,86,1.6,6.1,117,148,1232,383,15,2.8,1.3,0.9,0.1,nonwheat_March,nonwheat,No,Yes
M22_16S_g31_B08,March,UNIVT,Lamium_amplexicaule,t2p3,p066,M22_2347,Jointing,3/20/23,nonwheat,nonwheat,,sample,31,8,5,NA,NA,NA,NA,NA,36,34.9503476,-80.42437912,18,13.1,313,NA,NA,NA,NA,NA,NA,NA,NA,NA,NA,NA,NA,NA,NA,NA,NA,NA,0.27,1,6.3,65,2.2,5,28,60,666,78,22,18,1.9,1.9,0.1,nonwheat_March,nonwheat,No,Yes
M22_16S_g31_D07,March,WASVT,Lamium_amplexicaule,t1p3,p006,M22_2676,Jointing,3/27/23,nonwheat,nonwheat,,sample,31,8,5,NA,NA,NA,NA,NA,26.8,35.84954635,-76.6546405,23,13.2,293,NA,NA,NA,NA,NA,NA,NA,NA,NA,NA,NA,NA,NA,NA,NA,NA,NA,2.68,0.93,10.9,79,2.3,5.7,120,185,1090,334,17,2.4,1.3,0.9,0.1,nonwheat_March,nonwheat,No,Yes
M22_16S_g31_F01,March,LENVT,Lamium_amplexicaule,t1p3,p006,M22_1605,Jointing,3/14/23,nonwheat,nonwheat,,sample,31,8,5,NA,NA,NA,NA,NA,23.3,35.3783149,-77.5609829,15,13.4,268,NA,NA,NA,NA,NA,NA,NA,NA,NA,NA,NA,NA,NA,NA,NA,NA,NA,0.46,1.09,4.9,59,2,5.1,71,79,383,94,20,11.9,3.1,0.5,0.1,nonwheat_March,nonwheat,No,Yes
M22_16S_g31_G03,March,ROWVT,Lamium_amplexicaule,t1p3,p025,M22_2134,Jointing,3/15/23,nonwheat,nonwheat,,sample,31,8,5,NA,NA,NA,NA,NA,35.7,35.69656235,-80.62304328,12,11.7,390,NA,NA,NA,NA,NA,NA,NA,NA,NA,NA,NA,NA,NA,NA,NA,NA,NA,0.46,0.79,11.3,85,1.7,6,49,217,1375,267,22,43,9,6.7,0.1,nonwheat_March,nonwheat,No,Yes
M22_16S_g31_H06,March,ROWVT,Lamium_amplexicaule,t1p1,p021,M22_2122,Jointing,3/15/23,nonwheat,nonwheat,,sample,31,8,5,NA,NA,NA,NA,NA,38.2,35.696458,-80.623031,7,11.7,390,NA,NA,NA,NA,NA,NA,NA,NA,NA,NA,NA,NA,NA,NA,NA,NA,NA,0.41,0.8,11,86,1.5,6.1,41,220,1363,257,18,46.9,7.3,7.3,0.1,nonwheat_March,nonwheat,No,Yes
M22_16S_g01_H09,April,PERVT,leafyweed,t2p5,p059,M22_0416,Heading,5/5/23,nonwheat,nonwheat,,sample,1,1,5,NA,NA,NA,NA,NA,48.3,36.1785017,-76.358848,5,15.7,361,NA,NA,NA,NA,NA,NA,NA,NA,NA,NA,NA,NA,NA,NA,NA,NA,NA,0.66,0.83,7.7,66,2.6,4.8,38,84,694,177,17,11.2,6.6,0.8,0.1,nonwheat_April,nonwheat,No,Yes
M22_16S_g11_H06,April,PERVT,leafyweed,t2p5,p060,M22_0417,Heading,5/5/23,nonwheat,nonwheat,,sample,11,3,5,NA,NA,NA,NA,NA,48.3,36.1785017,-76.358848,5,15.7,361,NA,NA,NA,NA,NA,NA,NA,NA,NA,NA,NA,NA,NA,NA,NA,NA,NA,0.66,0.83,7.7,66,2.6,4.8,38,84,694,177,17,11.2,6.6,0.8,0.1,nonwheat_April,nonwheat,No,Yes
M22_16S_g14_H01,April,PERVT,leafyweed,t2p4,p057,M22_0406,Heading,5/5/23,nonwheat,nonwheat,,sample,14,4,0.13,NA,NA,NA,NA,NA,35.9,36.17854953,-76.3587485,3,15.7,361,NA,NA,NA,NA,NA,NA,NA,NA,NA,NA,NA,NA,NA,NA,NA,NA,NA,0.685,0.82,8.15,69,2.5,4.9,49,92,795.5,179,17.5,13.95,6.8,0.85,0.15,nonwheat_April,nonwheat,No,Yes
M22_16S_g16_F04,April,PERVT,leafyweed,t2p2,p053,M22_0375,Heading,5/5/23,nonwheat,nonwheat,,sample,16,4,5,NA,NA,NA,NA,NA,44.8,36.17864518,-76.3585495,3,15.7,361,NA,NA,NA,NA,NA,NA,NA,NA,NA,NA,NA,NA,NA,NA,NA,NA,NA,0.635,0.82,9.15,75.5,2.25,5.2,56.5,93,987.5,213.5,17,16.65,6.6,1,0.2,nonwheat_April,nonwheat,No,Yes
M22_16S_g22_G02,April,PERVT,leafyweed,t2p3,p056,M22_0394,Heading,5/5/23,nonwheat,nonwheat,,sample,22,6,5,NA,NA,NA,NA,NA,50.8,36.17859735,-76.358649,4,15.7,361,NA,NA,NA,NA,NA,NA,NA,NA,NA,NA,NA,NA,NA,NA,NA,NA,NA,0.71,0.81,8.6,72,2.4,5,60,100,897,181,18,16.7,7,0.9,0.2,nonwheat_April,nonwheat,No,Yes
M22_16S_g23_F10,April,PERVT,leafyweed,t2p1,p052,M22_0358,Heading,5/5/23,nonwheat,nonwheat,,sample,23,6,5,NA,NA,NA,NA,NA,43.7,36.178693,-76.35845,2,15.7,361,NA,NA,NA,NA,NA,NA,NA,NA,NA,NA,NA,NA,NA,NA,NA,NA,NA,0.56,0.83,9.7,79,2.1,5.4,53,86,1078,246,16,16.6,6.2,1.1,0.2,nonwheat_April,nonwheat,No,Yes
M22_16S_g25_H10,April,PERVT,leafyweed,t2p1,p051,M22_0357,Heading,5/5/23,nonwheat,nonwheat,,sample,25,7,5,NA,NA,NA,NA,NA,43.7,36.178693,-76.35845,3,15.7,361,NA,NA,NA,NA,NA,NA,NA,NA,NA,NA,NA,NA,NA,NA,NA,NA,NA,0.56,0.83,9.7,79,2.1,5.4,53,86,1078,246,16,16.6,6.2,1.1,0.2,nonwheat_April,nonwheat,No,Yes
M22_16S_g28_A12,April,PERVT,leafyweed,t2p3,p055,M22_0393,Heading,5/5/23,nonwheat,nonwheat,,sample,28,7,5,NA,NA,NA,NA,NA,50.8,36.17859735,-76.358649,5,15.7,361,NA,NA,NA,NA,NA,NA,NA,NA,NA,NA,NA,NA,NA,NA,NA,NA,NA,0.71,0.81,8.6,72,2.4,5,60,100,897,181,18,16.7,7,0.9,0.2,nonwheat_April,nonwheat,No,Yes
M22_16S_g30_C03,April,PERVT,leafyweed,t2p4,p058,M22_0407,Heading,5/5/23,nonwheat,nonwheat,,sample,30,8,5,NA,NA,NA,NA,NA,35.9,36.17854953,-76.3587485,5,15.7,361,NA,NA,NA,NA,NA,NA,NA,NA,NA,NA,NA,NA,NA,NA,NA,NA,NA,0.685,0.82,8.15,69,2.5,4.9,49,92,795.5,179,17.5,13.95,6.8,0.85,0.15,nonwheat_April,nonwheat,No,Yes
M22_16S_g30_H09,April,PERVT,leafyweed,t2p2,p054,M22_0376,Heading,5/5/23,nonwheat,nonwheat,,sample,30,8,5,NA,NA,NA,NA,NA,44.8,36.17864518,-76.3585495,3,15.7,361,NA,NA,NA,NA,NA,NA,NA,NA,NA,NA,NA,NA,NA,NA,NA,NA,NA,0.635,0.82,9.15,75.5,2.25,5.2,56.5,93,987.5,213.5,17,16.65,6.6,1,0.2,nonwheat_April,nonwheat,No,Yes
M22_16S_g01_D08,April,ROBVT,Ligustrum_sinense,forest1,p084,M22_0522,Heading,4/24/23,nonwheat,nonwheat,,sample,1,1,5,NA,NA,NA,NA,NA,4.4,34.5118233,-79.3050634,200,18.1,296,NA,NA,NA,NA,NA,NA,NA,NA,NA,NA,NA,NA,NA,NA,NA,NA,NA,0.51,1.18,4.5,46,2.4,4.6,92,104,251,66,11,2.6,2.5,1.1,0,nonwheat_April,nonwheat,No,No
M22_16S_g01_G03,April,PERVT,Ligustrum_sinense,t1p1,p116,M22_0314,Heading,5/5/23,nonwheat,nonwheat,,sample,1,1,5,NA,NA,NA,NA,NA,31.9,36.178318,-76.358937,220,15.7,361,NA,NA,NA,NA,NA,NA,NA,NA,NA,NA,NA,NA,NA,NA,NA,NA,NA,0.51,0.79,8.3,87,1.1,6.1,248,185,1052,183,13,14.1,20.6,2,0.2,nonwheat_April,nonwheat,No,No
M22_16S_g01_H06,March,ROBVT,Ligustrum_sinense,forest1,p085,M22_1896,Jointing,3/21/23,nonwheat,nonwheat,,sample,1,1,5,NA,NA,NA,NA,NA,13.5,34.5118233,-79.3050634,730,14.7,239,NA,NA,NA,NA,NA,NA,NA,NA,NA,NA,NA,NA,NA,NA,NA,NA,NA,0.6,1,6.5,55,2.9,4.8,79,174,426,123,14,4.4,3,0.3,0,nonwheat_March,nonwheat,No,No
M22_16S_g02_D02,April,ROBVT,Ligustrum_sinense,forest1,p081,M22_0519,Heading,4/24/23,nonwheat,nonwheat,,sample,2,1,3.3,NA,NA,NA,NA,NA,4.4,34.5118233,-79.3050634,220,18.1,296,NA,NA,NA,NA,NA,NA,NA,NA,NA,NA,NA,NA,NA,NA,NA,NA,NA,0.51,1.18,4.5,46,2.4,4.6,92,104,251,66,11,2.6,2.5,1.1,0,nonwheat_April,nonwheat,No,No
M22_16S_g03_B09,March,WAKMP,Ligustrum_sinense,forest,p087,M22_2480,Jointing,3/10/23,nonwheat,nonwheat,,sample,3,1,5,NA,NA,NA,NA,NA,26.4,35.7344444,-78.70138889,55,12.7,324,NA,NA,NA,NA,NA,NA,NA,NA,NA,NA,NA,NA,NA,NA,NA,NA,NA,0.81,0.6,10.6,65,3.7,4.9,48,225,805,281,18,66.8,49.2,2.6,0.1,nonwheat_March,nonwheat,No,No
M22_16S_g03_H07,March,ROBVT,Ligustrum_sinense,forest1,p100,M22_1911,Jointing,3/21/23,nonwheat,nonwheat,,sample,3,1,5,NA,NA,NA,NA,NA,18.2,34.5118233,-79.3050634,122,14.7,239,NA,NA,NA,NA,NA,NA,NA,NA,NA,NA,NA,NA,NA,NA,NA,NA,NA,0.6,1,6.5,55,2.9,4.8,79,174,426,123,14,4.4,3,0.3,0,nonwheat_March,nonwheat,No,No
M22_16S_g04_B09,March,WAKMP,Ligustrum_sinense,forest,p088,M22_2481,Jointing,3/10/23,nonwheat,nonwheat,,sample,4,1,5,NA,NA,NA,NA,NA,26.4,35.7344444,-78.70138889,53,12.7,324,NA,NA,NA,NA,NA,NA,NA,NA,NA,NA,NA,NA,NA,NA,NA,NA,NA,0.81,0.6,10.6,65,3.7,4.9,48,225,805,281,18,66.8,49.2,2.6,0.1,nonwheat_March,nonwheat,No,No
M22_16S_g04_C03,March,ROBVT,Ligustrum_sinense,forest1,p096,M22_1907,Jointing,3/21/23,nonwheat,nonwheat,,sample,4,1,5,NA,NA,NA,NA,NA,18.2,34.5118233,-79.3050634,366,14.7,239,NA,NA,NA,NA,NA,NA,NA,NA,NA,NA,NA,NA,NA,NA,NA,NA,NA,0.6,1,6.5,55,2.9,4.8,79,174,426,123,14,4.4,3,0.3,0,nonwheat_March,nonwheat,No,No
M22_16S_g04_D09,April,PERVT,Ligustrum_sinense,t1p1,p119,M22_0317,Heading,5/5/23,nonwheat,nonwheat,,sample,4,1,5,NA,NA,NA,NA,NA,31.9,36.178318,-76.358937,220,15.7,361,NA,NA,NA,NA,NA,NA,NA,NA,NA,NA,NA,NA,NA,NA,NA,NA,NA,0.51,0.79,8.3,87,1.1,6.1,248,185,1052,183,13,14.1,20.6,2,0.2,nonwheat_April,nonwheat,No,No
M22_16S_g04_F01,March,ROBVT,Ligustrum_sinense,forest1,p099,M22_1910,Jointing,3/21/23,nonwheat,nonwheat,,sample,4,1,0.48,NA,NA,NA,NA,NA,18.2,34.5118233,-79.3050634,122,14.7,239,NA,NA,NA,NA,NA,NA,NA,NA,NA,NA,NA,NA,NA,NA,NA,NA,NA,0.6,1,6.5,55,2.9,4.8,79,174,426,123,14,4.4,3,0.3,0,nonwheat_March,nonwheat,No,No
M22_16S_g05_B09,April,PERVT,Ligustrum_sinense,t1p1,p115,M22_0313,Heading,5/5/23,nonwheat,nonwheat,,sample,5,2,5,NA,NA,NA,NA,NA,31.9,36.178318,-76.358937,220,15.7,361,NA,NA,NA,NA,NA,NA,NA,NA,NA,NA,NA,NA,NA,NA,NA,NA,NA,0.51,0.79,8.3,87,1.1,6.1,248,185,1052,183,13,14.1,20.6,2,0.2,nonwheat_April,nonwheat,No,No
M22_16S_g05_D05,April,ROBVT,Ligustrum_sinense,forest1,p086,M22_0524,Heading,4/24/23,nonwheat,nonwheat,,sample,5,2,5,NA,NA,NA,NA,NA,4.4,34.5118233,-79.3050634,330,18.1,296,NA,NA,NA,NA,NA,NA,NA,NA,NA,NA,NA,NA,NA,NA,NA,NA,NA,0.51,1.18,4.5,46,2.4,4.6,92,104,251,66,11,2.6,2.5,1.1,0,nonwheat_April,nonwheat,No,No
M22_16S_g05_F09,March,ROBVT,Ligustrum_sinense,forest1,p083,M22_1894,Jointing,3/21/23,nonwheat,nonwheat,,sample,5,2,5,NA,NA,NA,NA,NA,13.5,34.5118233,-79.3050634,730,14.7,239,NA,NA,NA,NA,NA,NA,NA,NA,NA,NA,NA,NA,NA,NA,NA,NA,NA,0.6,1,6.5,55,2.9,4.8,79,174,426,123,14,4.4,3,0.3,0,nonwheat_March,nonwheat,No,No
M22_16S_g05_G11,April,PERVT,Ligustrum_sinense,t1p1,p111,M22_0309,Heading,5/5/23,nonwheat,nonwheat,,sample,5,2,5,NA,NA,NA,NA,NA,31.9,36.178318,-76.358937,220,15.7,361,NA,NA,NA,NA,NA,NA,NA,NA,NA,NA,NA,NA,NA,NA,NA,NA,NA,0.51,0.79,8.3,87,1.1,6.1,248,185,1052,183,13,14.1,20.6,2,0.2,nonwheat_April,nonwheat,No,No
M22_16S_g06_D06,March,ROBVT,Ligustrum_sinense,forest1,p092,M22_1903,Jointing,3/21/23,nonwheat,nonwheat,,sample,6,2,5,NA,NA,NA,NA,NA,18.2,34.5118233,-79.3050634,274,14.7,239,NA,NA,NA,NA,NA,NA,NA,NA,NA,NA,NA,NA,NA,NA,NA,NA,NA,0.6,1,6.5,55,2.9,4.8,79,174,426,123,14,4.4,3,0.3,0,nonwheat_March,nonwheat,No,No
M22_16S_g06_H02,March,WAKMP,Ligustrum_sinense,forest,p086,M22_2479,Jointing,3/10/23,nonwheat,nonwheat,,sample,6,2,5,NA,NA,NA,NA,NA,26.4,35.7344444,-78.70138889,110,12.7,324,NA,NA,NA,NA,NA,NA,NA,NA,NA,NA,NA,NA,NA,NA,NA,NA,NA,0.81,0.6,10.6,65,3.7,4.9,48,225,805,281,18,66.8,49.2,2.6,0.1,nonwheat_March,nonwheat,No,No
M22_16S_g07_A09,April,ROBVT,Ligustrum_sinense,forest1,p087,M22_0525,Heading,4/24/23,nonwheat,nonwheat,,sample,7,2,5,NA,NA,NA,NA,NA,4.4,34.5118233,-79.3050634,150,18.1,296,NA,NA,NA,NA,NA,NA,NA,NA,NA,NA,NA,NA,NA,NA,NA,NA,NA,0.51,1.18,4.5,46,2.4,4.6,92,104,251,66,11,2.6,2.5,1.1,0,nonwheat_April,nonwheat,No,No
M22_16S_g08_B03,March,ROBVT,Ligustrum_sinense,forest1,p087,M22_1898,Jointing,3/21/23,nonwheat,nonwheat,,sample,8,2,5,NA,NA,NA,NA,NA,13.5,34.5118233,-79.3050634,730,14.7,239,NA,NA,NA,NA,NA,NA,NA,NA,NA,NA,NA,NA,NA,NA,NA,NA,NA,0.6,1,6.5,55,2.9,4.8,79,174,426,123,14,4.4,3,0.3,0,nonwheat_March,nonwheat,No,No
M22_16S_g08_D07,March,PERVT,Ligustrum_sinense,t1p5,p109,M22_1780,Jointing,3/28/23,nonwheat,nonwheat,,sample,8,2,5,NA,NA,NA,NA,NA,48.5,36.1785315,-76.35863131,200,12.8,295,NA,NA,NA,NA,NA,NA,NA,NA,NA,NA,NA,NA,NA,NA,NA,NA,NA,0.36,0.98,9.3,84,1.5,5.7,46,139,943,331,18,8,2.2,0.8,0.2,nonwheat_March,nonwheat,No,No
M22_16S_g08_D10,March,PERVT,Ligustrum_sinense,t1p5,p106,M22_1777,Jointing,3/28/23,nonwheat,nonwheat,,sample,8,2,5,NA,NA,NA,NA,NA,48.5,36.1785315,-76.35863131,200,12.8,295,NA,NA,NA,NA,NA,NA,NA,NA,NA,NA,NA,NA,NA,NA,NA,NA,NA,0.36,0.98,9.3,84,1.5,5.7,46,139,943,331,18,8,2.2,0.8,0.2,nonwheat_March,nonwheat,No,No
M22_16S_g10_A03,March,ROBVT,Ligustrum_sinense,forest1,p091,M22_1902,Jointing,3/21/23,nonwheat,nonwheat,,sample,10,3,5,NA,NA,NA,NA,NA,18.2,34.5118233,-79.3050634,274,14.7,239,NA,NA,NA,NA,NA,NA,NA,NA,NA,NA,NA,NA,NA,NA,NA,NA,NA,0.6,1,6.5,55,2.9,4.8,79,174,426,123,14,4.4,3,0.3,0,nonwheat_March,nonwheat,No,No
M22_16S_g11_B08,March,PERVT,Ligustrum_sinense,t1p5,p101,M22_1772,Jointing,3/28/23,nonwheat,nonwheat,,sample,11,3,5,NA,NA,NA,NA,NA,48.5,36.1785315,-76.35863131,200,12.8,295,NA,NA,NA,NA,NA,NA,NA,NA,NA,NA,NA,NA,NA,NA,NA,NA,NA,0.36,0.98,9.3,84,1.5,5.7,46,139,943,331,18,8,2.2,0.8,0.2,nonwheat_March,nonwheat,No,No
M22_16S_g11_G11,March,PERVT,Ligustrum_sinense,t1p5,p110,M22_1781,Jointing,3/28/23,nonwheat,nonwheat,,sample,11,3,5,NA,NA,NA,NA,NA,48.5,36.1785315,-76.35863131,200,12.8,295,NA,NA,NA,NA,NA,NA,NA,NA,NA,NA,NA,NA,NA,NA,NA,NA,NA,0.36,0.98,9.3,84,1.5,5.7,46,139,943,331,18,8,2.2,0.8,0.2,nonwheat_March,nonwheat,No,No
M22_16S_g12_A12,March,ROBVT,Ligustrum_sinense,forest1,p081,M22_1892,Jointing,3/21/23,nonwheat,nonwheat,,sample,12,3,5,NA,NA,NA,NA,NA,13.5,34.5118233,-79.3050634,730,14.7,239,NA,NA,NA,NA,NA,NA,NA,NA,NA,NA,NA,NA,NA,NA,NA,NA,NA,0.6,1,6.5,55,2.9,4.8,79,174,426,123,14,4.4,3,0.3,0,nonwheat_March,nonwheat,No,No
M22_16S_g12_B12,March,PERVT,Ligustrum_sinense,t1p5,p102,M22_1773,Jointing,3/28/23,nonwheat,nonwheat,,sample,12,3,5,NA,NA,NA,NA,NA,48.5,36.1785315,-76.35863131,200,12.8,295,NA,NA,NA,NA,NA,NA,NA,NA,NA,NA,NA,NA,NA,NA,NA,NA,NA,0.36,0.98,9.3,84,1.5,5.7,46,139,943,331,18,8,2.2,0.8,0.2,nonwheat_March,nonwheat,No,No
M22_16S_g12_F10,March,PERVT,Ligustrum_sinense,t1p5,p105,M22_1776,Jointing,3/28/23,nonwheat,nonwheat,,sample,12,3,5,NA,NA,NA,NA,NA,48.5,36.1785315,-76.35863131,200,12.8,295,NA,NA,NA,NA,NA,NA,NA,NA,NA,NA,NA,NA,NA,NA,NA,NA,NA,0.36,0.98,9.3,84,1.5,5.7,46,139,943,331,18,8,2.2,0.8,0.2,nonwheat_March,nonwheat,No,No
M22_16S_g13_B11,March,WAKMP,Ligustrum_sinense,forest,p082,M22_2475,Jointing,3/10/23,nonwheat,nonwheat,,sample,13,4,5,NA,NA,NA,NA,NA,26.4,35.7344444,-78.70138889,125,12.7,324,NA,NA,NA,NA,NA,NA,NA,NA,NA,NA,NA,NA,NA,NA,NA,NA,NA,0.81,0.6,10.6,65,3.7,4.9,48,225,805,281,18,66.8,49.2,2.6,0.1,nonwheat_March,nonwheat,No,No
M22_16S_g13_E05,March,WAKMP,Ligustrum_sinense,forest,p083,M22_2476,Jointing,3/10/23,nonwheat,nonwheat,,sample,13,4,5,NA,NA,NA,NA,NA,26.4,35.7344444,-78.70138889,60,12.7,324,NA,NA,NA,NA,NA,NA,NA,NA,NA,NA,NA,NA,NA,NA,NA,NA,NA,0.81,0.6,10.6,65,3.7,4.9,48,225,805,281,18,66.8,49.2,2.6,0.1,nonwheat_March,nonwheat,No,No
M22_16S_g14_C05,March,WAKMP,Ligustrum_sinense,forest,p084,M22_2477,Jointing,3/10/23,nonwheat,nonwheat,,sample,14,4,5,NA,NA,NA,NA,NA,26.4,35.7344444,-78.70138889,70,12.7,324,NA,NA,NA,NA,NA,NA,NA,NA,NA,NA,NA,NA,NA,NA,NA,NA,NA,0.81,0.6,10.6,65,3.7,4.9,48,225,805,281,18,66.8,49.2,2.6,0.1,nonwheat_March,nonwheat,No,No
M22_16S_g14_D05,April,PERVT,Ligustrum_sinense,t1p1,p112,M22_0310,Heading,5/5/23,nonwheat,nonwheat,,sample,14,4,5,NA,NA,NA,NA,NA,31.9,36.178318,-76.358937,220,15.7,361,NA,NA,NA,NA,NA,NA,NA,NA,NA,NA,NA,NA,NA,NA,NA,NA,NA,0.51,0.79,8.3,87,1.1,6.1,248,185,1052,183,13,14.1,20.6,2,0.2,nonwheat_April,nonwheat,No,No
M22_16S_g14_D09,April,ROBVT,Ligustrum_sinense,forest1,p085,M22_0523,Heading,4/24/23,nonwheat,nonwheat,,sample,14,4,4.39,NA,NA,NA,NA,NA,4.4,34.5118233,-79.3050634,330,18.1,296,NA,NA,NA,NA,NA,NA,NA,NA,NA,NA,NA,NA,NA,NA,NA,NA,NA,0.51,1.18,4.5,46,2.4,4.6,92,104,251,66,11,2.6,2.5,1.1,0,nonwheat_April,nonwheat,No,No
M22_16S_g14_G09,April,ROBVT,Ligustrum_sinense,forest1,p090,M22_0528,Heading,4/24/23,nonwheat,nonwheat,,sample,14,4,5,NA,NA,NA,NA,NA,4.4,34.5118233,-79.3050634,350,18.1,296,NA,NA,NA,NA,NA,NA,NA,NA,NA,NA,NA,NA,NA,NA,NA,NA,NA,0.51,1.18,4.5,46,2.4,4.6,92,104,251,66,11,2.6,2.5,1.1,0,nonwheat_April,nonwheat,No,No
M22_16S_g15_B05,March,ROBVT,Ligustrum_sinense,forest1,p082,M22_1893,Jointing,3/21/23,nonwheat,nonwheat,,sample,15,4,5,NA,NA,NA,NA,NA,13.5,34.5118233,-79.3050634,730,14.7,239,NA,NA,NA,NA,NA,NA,NA,NA,NA,NA,NA,NA,NA,NA,NA,NA,NA,0.6,1,6.5,55,2.9,4.8,79,174,426,123,14,4.4,3,0.3,0,nonwheat_March,nonwheat,No,No
M22_16S_g15_C09,March,ROBVT,Ligustrum_sinense,forest1,p090,M22_1901,Jointing,3/21/23,nonwheat,nonwheat,,sample,15,4,5,NA,NA,NA,NA,NA,13.5,34.5118233,-79.3050634,730,14.7,239,NA,NA,NA,NA,NA,NA,NA,NA,NA,NA,NA,NA,NA,NA,NA,NA,NA,0.6,1,6.5,55,2.9,4.8,79,174,426,123,14,4.4,3,0.3,0,nonwheat_March,nonwheat,No,No
M22_16S_g15_H08,March,WAKMP,Ligustrum_sinense,forest,p089,M22_2482,Jointing,3/10/23,nonwheat,nonwheat,,sample,15,4,5,NA,NA,NA,NA,NA,26.4,35.7344444,-78.70138889,110,12.7,324,NA,NA,NA,NA,NA,NA,NA,NA,NA,NA,NA,NA,NA,NA,NA,NA,NA,0.81,0.6,10.6,65,3.7,4.9,48,225,805,281,18,66.8,49.2,2.6,0.1,nonwheat_March,nonwheat,No,No
M22_16S_g16_C07,March,ROBVT,Ligustrum_sinense,forest1,p095,M22_1906,Jointing,3/21/23,nonwheat,nonwheat,,sample,16,4,5,NA,NA,NA,NA,NA,18.2,34.5118233,-79.3050634,366,14.7,239,NA,NA,NA,NA,NA,NA,NA,NA,NA,NA,NA,NA,NA,NA,NA,NA,NA,0.6,1,6.5,55,2.9,4.8,79,174,426,123,14,4.4,3,0.3,0,nonwheat_March,nonwheat,No,No
M22_16S_g16_D12,March,ROBVT,Ligustrum_sinense,forest1,p097,M22_1908,Jointing,3/21/23,nonwheat,nonwheat,,sample,16,4,5,NA,NA,NA,NA,NA,18.2,34.5118233,-79.3050634,396,14.7,239,NA,NA,NA,NA,NA,NA,NA,NA,NA,NA,NA,NA,NA,NA,NA,NA,NA,0.6,1,6.5,55,2.9,4.8,79,174,426,123,14,4.4,3,0.3,0,nonwheat_March,nonwheat,No,No
M22_16S_g16_H04,March,WAKMP,Ligustrum_sinense,forest,p081,M22_2474,Jointing,3/10/23,nonwheat,nonwheat,,sample,16,4,5,NA,NA,NA,NA,NA,26.4,35.7344444,-78.70138889,80,12.7,324,NA,NA,NA,NA,NA,NA,NA,NA,NA,NA,NA,NA,NA,NA,NA,NA,NA,0.81,0.6,10.6,65,3.7,4.9,48,225,805,281,18,66.8,49.2,2.6,0.1,nonwheat_March,nonwheat,No,No
M22_16S_g18_D05,April,ROBVT,Ligustrum_sinense,forest1,p089,M22_0527,Heading,4/24/23,nonwheat,nonwheat,,sample,18,5,5,NA,NA,NA,NA,NA,4.4,34.5118233,-79.3050634,350,18.1,296,NA,NA,NA,NA,NA,NA,NA,NA,NA,NA,NA,NA,NA,NA,NA,NA,NA,0.51,1.18,4.5,46,2.4,4.6,92,104,251,66,11,2.6,2.5,1.1,0,nonwheat_April,nonwheat,No,No
M22_16S_g18_F02,March,WAKMP,Ligustrum_sinense,forest,p090,M22_2483,Jointing,3/10/23,nonwheat,nonwheat,,sample,18,5,5,NA,NA,NA,NA,NA,26.4,35.7344444,-78.70138889,50,12.7,324,NA,NA,NA,NA,NA,NA,NA,NA,NA,NA,NA,NA,NA,NA,NA,NA,NA,0.81,0.6,10.6,65,3.7,4.9,48,225,805,281,18,66.8,49.2,2.6,0.1,nonwheat_March,nonwheat,No,No
M22_16S_g20_C02,March,PERVT,Ligustrum_sinense,t1p5,p104,M22_1775,Jointing,3/28/23,nonwheat,nonwheat,,sample,20,5,5,NA,NA,NA,NA,NA,48.5,36.1785315,-76.35863131,200,12.8,295,NA,NA,NA,NA,NA,NA,NA,NA,NA,NA,NA,NA,NA,NA,NA,NA,NA,0.36,0.98,9.3,84,1.5,5.7,46,139,943,331,18,8,2.2,0.8,0.2,nonwheat_March,nonwheat,No,No
M22_16S_g20_D06,March,ROBVT,Ligustrum_sinense,forest1,p089,M22_1900,Jointing,3/21/23,nonwheat,nonwheat,,sample,20,5,5,NA,NA,NA,NA,NA,13.5,34.5118233,-79.3050634,730,14.7,239,NA,NA,NA,NA,NA,NA,NA,NA,NA,NA,NA,NA,NA,NA,NA,NA,NA,0.6,1,6.5,55,2.9,4.8,79,174,426,123,14,4.4,3,0.3,0,nonwheat_March,nonwheat,No,No
M22_16S_g21_C05,April,PERVT,Ligustrum_sinense,t1p1,p120,M22_0318,Heading,5/5/23,nonwheat,nonwheat,,sample,21,6,5,NA,NA,NA,NA,NA,31.9,36.178318,-76.358937,220,15.7,361,NA,NA,NA,NA,NA,NA,NA,NA,NA,NA,NA,NA,NA,NA,NA,NA,NA,0.51,0.79,8.3,87,1.1,6.1,248,185,1052,183,13,14.1,20.6,2,0.2,nonwheat_April,nonwheat,No,No
M22_16S_g21_C08,March,ROBVT,Ligustrum_sinense,forest1,p088,M22_1899,Jointing,3/21/23,nonwheat,nonwheat,,sample,21,6,5,NA,NA,NA,NA,NA,13.5,34.5118233,-79.3050634,730,14.7,239,NA,NA,NA,NA,NA,NA,NA,NA,NA,NA,NA,NA,NA,NA,NA,NA,NA,0.6,1,6.5,55,2.9,4.8,79,174,426,123,14,4.4,3,0.3,0,nonwheat_March,nonwheat,No,No
M22_16S_g21_D11,April,PERVT,Ligustrum_sinense,t1p1,p114,M22_0312,Heading,5/5/23,nonwheat,nonwheat,,sample,21,6,5,NA,NA,NA,NA,NA,31.9,36.178318,-76.358937,220,15.7,361,NA,NA,NA,NA,NA,NA,NA,NA,NA,NA,NA,NA,NA,NA,NA,NA,NA,0.51,0.79,8.3,87,1.1,6.1,248,185,1052,183,13,14.1,20.6,2,0.2,nonwheat_April,nonwheat,No,No
M22_16S_g23_C07,April,PERVT,Ligustrum_sinense,t1p1,p117,M22_0315,Heading,5/5/23,nonwheat,nonwheat,,sample,23,6,5,NA,NA,NA,NA,NA,31.9,36.178318,-76.358937,220,15.7,361,NA,NA,NA,NA,NA,NA,NA,NA,NA,NA,NA,NA,NA,NA,NA,NA,NA,0.51,0.79,8.3,87,1.1,6.1,248,185,1052,183,13,14.1,20.6,2,0.2,nonwheat_April,nonwheat,No,No
M22_16S_g23_E07,March,ROBVT,Ligustrum_sinense,forest1,p098,M22_1909,Jointing,3/21/23,nonwheat,nonwheat,,sample,23,6,5,NA,NA,NA,NA,NA,18.2,34.5118233,-79.3050634,396,14.7,239,NA,NA,NA,NA,NA,NA,NA,NA,NA,NA,NA,NA,NA,NA,NA,NA,NA,0.6,1,6.5,55,2.9,4.8,79,174,426,123,14,4.4,3,0.3,0,nonwheat_March,nonwheat,No,No
M22_16S_g23_H07,March,PERVT,Ligustrum_sinense,t1p5,p107,M22_1778,Jointing,3/28/23,nonwheat,nonwheat,,sample,23,6,5,NA,NA,NA,NA,NA,48.5,36.1785315,-76.35863131,200,12.8,295,NA,NA,NA,NA,NA,NA,NA,NA,NA,NA,NA,NA,NA,NA,NA,NA,NA,0.36,0.98,9.3,84,1.5,5.7,46,139,943,331,18,8,2.2,0.8,0.2,nonwheat_March,nonwheat,No,No
M22_16S_g24_B10,March,PERVT,Ligustrum_sinense,t1p5,p108,M22_1779,Jointing,3/28/23,nonwheat,nonwheat,,sample,24,6,5,NA,NA,NA,NA,NA,48.5,36.1785315,-76.35863131,200,12.8,295,NA,NA,NA,NA,NA,NA,NA,NA,NA,NA,NA,NA,NA,NA,NA,NA,NA,0.36,0.98,9.3,84,1.5,5.7,46,139,943,331,18,8,2.2,0.8,0.2,nonwheat_March,nonwheat,No,No
M22_16S_g24_F01,April,ROBVT,Ligustrum_sinense,forest1,p083,M22_0521,Heading,4/24/23,nonwheat,nonwheat,,sample,24,6,5,NA,NA,NA,NA,NA,4.4,34.5118233,-79.3050634,200,18.1,296,NA,NA,NA,NA,NA,NA,NA,NA,NA,NA,NA,NA,NA,NA,NA,NA,NA,0.51,1.18,4.5,46,2.4,4.6,92,104,251,66,11,2.6,2.5,1.1,0,nonwheat_April,nonwheat,No,No
M22_16S_g25_G04,April,PERVT,Ligustrum_sinense,t1p1,p118,M22_0316,Heading,5/5/23,nonwheat,nonwheat,,sample,25,7,5,NA,NA,NA,NA,NA,31.9,36.178318,-76.358937,220,15.7,361,NA,NA,NA,NA,NA,NA,NA,NA,NA,NA,NA,NA,NA,NA,NA,NA,NA,0.51,0.79,8.3,87,1.1,6.1,248,185,1052,183,13,14.1,20.6,2,0.2,nonwheat_April,nonwheat,No,No
M22_16S_g26_F09,March,PERVT,Ligustrum_sinense,t1p5,p103,M22_1774,Jointing,3/28/23,nonwheat,nonwheat,,sample,26,7,5,NA,NA,NA,NA,NA,48.5,36.1785315,-76.35863131,200,12.8,295,NA,NA,NA,NA,NA,NA,NA,NA,NA,NA,NA,NA,NA,NA,NA,NA,NA,0.36,0.98,9.3,84,1.5,5.7,46,139,943,331,18,8,2.2,0.8,0.2,nonwheat_March,nonwheat,No,No
M22_16S_g26_H08,April,PERVT,Ligustrum_sinense,t1p1,p113,M22_0311,Heading,5/5/23,nonwheat,nonwheat,,sample,26,7,5,NA,NA,NA,NA,NA,31.9,36.178318,-76.358937,220,15.7,361,NA,NA,NA,NA,NA,NA,NA,NA,NA,NA,NA,NA,NA,NA,NA,NA,NA,0.51,0.79,8.3,87,1.1,6.1,248,185,1052,183,13,14.1,20.6,2,0.2,nonwheat_April,nonwheat,No,No
M22_16S_g27_G07,March,ROBVT,Ligustrum_sinense,forest1,p086,M22_1897,Jointing,3/21/23,nonwheat,nonwheat,,sample,27,7,5,NA,NA,NA,NA,NA,13.5,34.5118233,-79.3050634,730,14.7,239,NA,NA,NA,NA,NA,NA,NA,NA,NA,NA,NA,NA,NA,NA,NA,NA,NA,0.6,1,6.5,55,2.9,4.8,79,174,426,123,14,4.4,3,0.3,0,nonwheat_March,nonwheat,No,No
M22_16S_g28_A06,March,WAKMP,Ligustrum_sinense,forest,p085,M22_2478,Jointing,3/10/23,nonwheat,nonwheat,,sample,28,7,5,NA,NA,NA,NA,NA,26.4,35.7344444,-78.70138889,74,12.7,324,NA,NA,NA,NA,NA,NA,NA,NA,NA,NA,NA,NA,NA,NA,NA,NA,NA,0.81,0.6,10.6,65,3.7,4.9,48,225,805,281,18,66.8,49.2,2.6,0.1,nonwheat_March,nonwheat,No,No
M22_16S_g28_H11,March,ROBVT,Ligustrum_sinense,forest1,p093,M22_1904,Jointing,3/21/23,nonwheat,nonwheat,,sample,28,7,5,NA,NA,NA,NA,NA,18.2,34.5118233,-79.3050634,182,14.7,239,NA,NA,NA,NA,NA,NA,NA,NA,NA,NA,NA,NA,NA,NA,NA,NA,NA,0.6,1,6.5,55,2.9,4.8,79,174,426,123,14,4.4,3,0.3,0,nonwheat_March,nonwheat,No,No
M22_16S_g29_B07,March,ROBVT,Ligustrum_sinense,forest1,p084,M22_1895,Jointing,3/21/23,nonwheat,nonwheat,,sample,29,8,5,NA,NA,NA,NA,NA,13.5,34.5118233,-79.3050634,730,14.7,239,NA,NA,NA,NA,NA,NA,NA,NA,NA,NA,NA,NA,NA,NA,NA,NA,NA,0.6,1,6.5,55,2.9,4.8,79,174,426,123,14,4.4,3,0.3,0,nonwheat_March,nonwheat,No,No
M22_16S_g29_H04,March,ROBVT,Ligustrum_sinense,forest1,p094,M22_1905,Jointing,3/21/23,nonwheat,nonwheat,,sample,29,8,5,NA,NA,NA,NA,NA,18.2,34.5118233,-79.3050634,182,14.7,239,NA,NA,NA,NA,NA,NA,NA,NA,NA,NA,NA,NA,NA,NA,NA,NA,NA,0.6,1,6.5,55,2.9,4.8,79,174,426,123,14,4.4,3,0.3,0,nonwheat_March,nonwheat,No,No
M22_16S_g30_A01,April,ROBVT,Ligustrum_sinense,forest1,p082,M22_0520,Heading,4/24/23,nonwheat,nonwheat,,sample,30,8,5,NA,NA,NA,NA,NA,4.4,34.5118233,-79.3050634,220,18.1,296,NA,NA,NA,NA,NA,NA,NA,NA,NA,NA,NA,NA,NA,NA,NA,NA,NA,0.51,1.18,4.5,46,2.4,4.6,92,104,251,66,11,2.6,2.5,1.1,0,nonwheat_April,nonwheat,No,No
M22_16S_g31_C10,April,ROBVT,Ligustrum_sinense,forest1,p088,M22_0526,Heading,4/24/23,nonwheat,nonwheat,,sample,31,8,5,NA,NA,NA,NA,NA,4.4,34.5118233,-79.3050634,150,18.1,296,NA,NA,NA,NA,NA,NA,NA,NA,NA,NA,NA,NA,NA,NA,NA,NA,NA,0.51,1.18,4.5,46,2.4,4.6,92,104,251,66,11,2.6,2.5,1.1,0,nonwheat_April,nonwheat,No,No
M22_16S_g01_C01,March,ROWVT,like_lycopodium,t2p1,p082,M22_2162,Jointing,3/15/23,nonwheat,nonwheat,,sample,1,1,5,NA,NA,NA,NA,NA,23.3,35.696333,-80.622813,6,11.7,390,NA,NA,NA,NA,NA,NA,NA,NA,NA,NA,NA,NA,NA,NA,NA,NA,NA,0.51,0.82,8.5,75,2.2,5.4,43,148,834,215,20,90.6,3.6,3.8,0.1,nonwheat_March,nonwheat,No,Yes
M22_16S_g06_G04,March,ROWVT,like_lycopodium,t2p2,p084,M22_2172,Jointing,3/15/23,nonwheat,nonwheat,,sample,6,2,5,NA,NA,NA,NA,NA,25.8,35.69632898,-80.62269331,5,11.7,390,NA,NA,NA,NA,NA,NA,NA,NA,NA,NA,NA,NA,NA,NA,NA,NA,NA,0.46,0.79,8.7,76.5,2.1,5.5,51.5,214.5,835,229.5,19.5,92.1,5.35,3.55,0.1,nonwheat_March,nonwheat,No,Yes
M22_16S_g08_E07,March,ROWVT,like_lycopodium,t2p2,p083,M22_2171,Jointing,3/15/23,nonwheat,nonwheat,,sample,8,2,5,NA,NA,NA,NA,NA,25.8,35.69632898,-80.62269331,5,11.7,390,NA,NA,NA,NA,NA,NA,NA,NA,NA,NA,NA,NA,NA,NA,NA,NA,NA,0.46,0.79,8.7,76.5,2.1,5.5,51.5,214.5,835,229.5,19.5,92.1,5.35,3.55,0.1,nonwheat_March,nonwheat,No,Yes
M22_16S_g09_G10,March,ROWVT,like_lycopodium,t2p2,p085,M22_2173,Jointing,3/15/23,nonwheat,nonwheat,,sample,9,3,5,NA,NA,NA,NA,NA,25.8,35.69632898,-80.62269331,4,11.7,390,NA,NA,NA,NA,NA,NA,NA,NA,NA,NA,NA,NA,NA,NA,NA,NA,NA,0.46,0.79,8.7,76.5,2.1,5.5,51.5,214.5,835,229.5,19.5,92.1,5.35,3.55,0.1,nonwheat_March,nonwheat,No,Yes
M22_16S_g15_B11,March,ROWVT,like_lycopodium,t2p2,p089,M22_2177,Jointing,3/15/23,nonwheat,nonwheat,,sample,15,4,5,NA,NA,NA,NA,NA,25.8,35.69632898,-80.62269331,4,11.7,390,NA,NA,NA,NA,NA,NA,NA,NA,NA,NA,NA,NA,NA,NA,NA,NA,NA,0.46,0.79,8.7,76.5,2.1,5.5,51.5,214.5,835,229.5,19.5,92.1,5.35,3.55,0.1,nonwheat_March,nonwheat,No,Yes
M22_16S_g17_A05,March,ROWVT,like_lycopodium,t2p2,p086,M22_2174,Jointing,3/15/23,nonwheat,nonwheat,,sample,17,5,5,NA,NA,NA,NA,NA,25.8,35.69632898,-80.62269331,4,11.7,390,NA,NA,NA,NA,NA,NA,NA,NA,NA,NA,NA,NA,NA,NA,NA,NA,NA,0.46,0.79,8.7,76.5,2.1,5.5,51.5,214.5,835,229.5,19.5,92.1,5.35,3.55,0.1,nonwheat_March,nonwheat,No,Yes
M22_16S_g21_H09,March,ROWVT,like_lycopodium,t2p2,p090,M22_2178,Jointing,3/15/23,nonwheat,nonwheat,,sample,21,6,5,NA,NA,NA,NA,NA,25.8,35.69632898,-80.62269331,4,11.7,390,NA,NA,NA,NA,NA,NA,NA,NA,NA,NA,NA,NA,NA,NA,NA,NA,NA,0.46,0.79,8.7,76.5,2.1,5.5,51.5,214.5,835,229.5,19.5,92.1,5.35,3.55,0.1,nonwheat_March,nonwheat,No,Yes
M22_16S_g26_G10,March,ROWVT,like_lycopodium,t2p2,p088,M22_2176,Jointing,3/15/23,nonwheat,nonwheat,,sample,26,7,5,NA,NA,NA,NA,NA,25.8,35.69632898,-80.62269331,4,11.7,390,NA,NA,NA,NA,NA,NA,NA,NA,NA,NA,NA,NA,NA,NA,NA,NA,NA,0.46,0.79,8.7,76.5,2.1,5.5,51.5,214.5,835,229.5,19.5,92.1,5.35,3.55,0.1,nonwheat_March,nonwheat,No,Yes
M22_16S_g28_F07,March,ROWVT,like_lycopodium,t2p2,p087,M22_2175,Jointing,3/15/23,nonwheat,nonwheat,,sample,28,7,5,NA,NA,NA,NA,NA,25.8,35.69632898,-80.62269331,4,11.7,390,NA,NA,NA,NA,NA,NA,NA,NA,NA,NA,NA,NA,NA,NA,NA,NA,NA,0.46,0.79,8.7,76.5,2.1,5.5,51.5,214.5,835,229.5,19.5,92.1,5.35,3.55,0.1,nonwheat_March,nonwheat,No,Yes
M22_16S_g31_H04,March,ROWVT,like_lycopodium,t2p1,p081,M22_2161,Jointing,3/15/23,nonwheat,nonwheat,,sample,31,8,5,NA,NA,NA,NA,NA,23.3,35.696333,-80.622813,4,11.7,390,NA,NA,NA,NA,NA,NA,NA,NA,NA,NA,NA,NA,NA,NA,NA,NA,NA,0.51,0.82,8.5,75,2.2,5.4,43,148,834,215,20,90.6,3.6,3.8,0.1,nonwheat_March,nonwheat,No,Yes
M22_16S_g02_H08,April,UNIVT,Liquidambar_styraciflua,forest,p131,M22_0976,Heading,4/28/23,nonwheat,nonwheat,,sample,2,1,2.73,NA,NA,NA,NA,NA,15.5,34.9507333,-80.4260796,2000,16.4,407,NA,NA,NA,NA,NA,NA,NA,NA,NA,NA,NA,NA,NA,NA,NA,NA,NA,0.36,0.87,10.4,83,1.8,5.6,43,71,1371,198,14,61.8,7.4,2.3,0.1,nonwheat_April,nonwheat,No,No
M22_16S_g05_D04,April,WAKMP,Liquidambar_styraciflua,forest,p125,M22_1178,Heading,4/19/23,nonwheat,nonwheat,,sample,5,2,5,NA,NA,NA,NA,NA,23.4,35.7344444,-78.70138889,3000,16,419,NA,NA,NA,NA,NA,NA,NA,NA,NA,NA,NA,NA,NA,NA,NA,NA,NA,0.56,0.83,7.7,56,3.4,4.8,37,153,518,164,19,21.5,18.1,1.7,0.1,nonwheat_April,nonwheat,No,No
M22_16S_g07_D06,April,WAKMP,Liquidambar_styraciflua,forest,p129,M22_1182,Heading,4/19/23,nonwheat,nonwheat,,sample,7,2,5,NA,NA,NA,NA,NA,23.4,35.7344444,-78.70138889,300,16,419,NA,NA,NA,NA,NA,NA,NA,NA,NA,NA,NA,NA,NA,NA,NA,NA,NA,0.56,0.83,7.7,56,3.4,4.8,37,153,518,164,19,21.5,18.1,1.7,0.1,nonwheat_April,nonwheat,No,No
M22_16S_g07_F10,April,WAKMP,Liquidambar_styraciflua,forest,p130,M22_1183,Heading,4/19/23,nonwheat,nonwheat,,sample,7,2,5,NA,NA,NA,NA,NA,23.4,35.7344444,-78.70138889,300,16,419,NA,NA,NA,NA,NA,NA,NA,NA,NA,NA,NA,NA,NA,NA,NA,NA,NA,0.56,0.83,7.7,56,3.4,4.8,37,153,518,164,19,21.5,18.1,1.7,0.1,nonwheat_April,nonwheat,No,No
M22_16S_g13_E12,April,UNIVT,Liquidambar_styraciflua,forest,p132,M22_0977,Heading,4/28/23,nonwheat,nonwheat,,sample,13,4,5,NA,NA,NA,NA,NA,15.5,34.9507333,-80.4260796,2000,16.4,407,NA,NA,NA,NA,NA,NA,NA,NA,NA,NA,NA,NA,NA,NA,NA,NA,NA,0.36,0.87,10.4,83,1.8,5.6,43,71,1371,198,14,61.8,7.4,2.3,0.1,nonwheat_April,nonwheat,No,No
M22_16S_g18_A09,April,WAKMP,Liquidambar_styraciflua,forest,p121,M22_1174,Heading,4/19/23,nonwheat,nonwheat,,sample,18,5,5,NA,NA,NA,NA,NA,23.4,35.7344444,-78.70138889,3000,16,419,NA,NA,NA,NA,NA,NA,NA,NA,NA,NA,NA,NA,NA,NA,NA,NA,NA,0.56,0.83,7.7,56,3.4,4.8,37,153,518,164,19,21.5,18.1,1.7,0.1,nonwheat_April,nonwheat,No,No
M22_16S_g20_B07,April,WAKMP,Liquidambar_styraciflua,forest,p128,M22_1181,Heading,4/19/23,nonwheat,nonwheat,,sample,20,5,5,NA,NA,NA,NA,NA,23.4,35.7344444,-78.70138889,1000,16,419,NA,NA,NA,NA,NA,NA,NA,NA,NA,NA,NA,NA,NA,NA,NA,NA,NA,0.56,0.83,7.7,56,3.4,4.8,37,153,518,164,19,21.5,18.1,1.7,0.1,nonwheat_April,nonwheat,No,No
M22_16S_g21_A09,April,UNIVT,Liquidambar_styraciflua,forest,p134,M22_0979,Heading,4/28/23,nonwheat,nonwheat,,sample,21,6,5,NA,NA,NA,NA,NA,15.5,34.9507333,-80.4260796,2000,16.4,407,NA,NA,NA,NA,NA,NA,NA,NA,NA,NA,NA,NA,NA,NA,NA,NA,NA,0.36,0.87,10.4,83,1.8,5.6,43,71,1371,198,14,61.8,7.4,2.3,0.1,nonwheat_April,nonwheat,No,No
M22_16S_g21_C01,April,WAKMP,Liquidambar_styraciflua,forest,p124,M22_1177,Heading,4/19/23,nonwheat,nonwheat,,sample,21,6,5,NA,NA,NA,NA,NA,23.4,35.7344444,-78.70138889,1000,16,419,NA,NA,NA,NA,NA,NA,NA,NA,NA,NA,NA,NA,NA,NA,NA,NA,NA,0.56,0.83,7.7,56,3.4,4.8,37,153,518,164,19,21.5,18.1,1.7,0.1,nonwheat_April,nonwheat,No,No
M22_16S_g21_G09,April,WAKMP,Liquidambar_styraciflua,forest,p127,M22_1180,Heading,4/19/23,nonwheat,nonwheat,,sample,21,6,5,NA,NA,NA,NA,NA,23.4,35.7344444,-78.70138889,2000,16,419,NA,NA,NA,NA,NA,NA,NA,NA,NA,NA,NA,NA,NA,NA,NA,NA,NA,0.56,0.83,7.7,56,3.4,4.8,37,153,518,164,19,21.5,18.1,1.7,0.1,nonwheat_April,nonwheat,No,No
M22_16S_g22_A01,April,UNIVT,Liquidambar_styraciflua,forest,p135,M22_0980,Heading,4/28/23,nonwheat,nonwheat,,sample,22,6,5,NA,NA,NA,NA,NA,15.5,34.9507333,-80.4260796,2000,16.4,407,NA,NA,NA,NA,NA,NA,NA,NA,NA,NA,NA,NA,NA,NA,NA,NA,NA,0.36,0.87,10.4,83,1.8,5.6,43,71,1371,198,14,61.8,7.4,2.3,0.1,nonwheat_April,nonwheat,No,No
M22_16S_g22_C09,April,WAKMP,Liquidambar_styraciflua,forest,p126,M22_1179,Heading,4/19/23,nonwheat,nonwheat,,sample,22,6,5,NA,NA,NA,NA,NA,23.4,35.7344444,-78.70138889,3000,16,419,NA,NA,NA,NA,NA,NA,NA,NA,NA,NA,NA,NA,NA,NA,NA,NA,NA,0.56,0.83,7.7,56,3.4,4.8,37,153,518,164,19,21.5,18.1,1.7,0.1,nonwheat_April,nonwheat,No,No
M22_16S_g28_A05,April,WAKMP,Liquidambar_styraciflua,forest,p123,M22_1176,Heading,4/19/23,nonwheat,nonwheat,,sample,28,7,5,NA,NA,NA,NA,NA,23.4,35.7344444,-78.70138889,1000,16,419,NA,NA,NA,NA,NA,NA,NA,NA,NA,NA,NA,NA,NA,NA,NA,NA,NA,0.56,0.83,7.7,56,3.4,4.8,37,153,518,164,19,21.5,18.1,1.7,0.1,nonwheat_April,nonwheat,No,No
M22_16S_g28_H05,April,WAKMP,Liquidambar_styraciflua,forest,p122,M22_1175,Heading,4/19/23,nonwheat,nonwheat,,sample,28,7,5,NA,NA,NA,NA,NA,23.4,35.7344444,-78.70138889,3000,16,419,NA,NA,NA,NA,NA,NA,NA,NA,NA,NA,NA,NA,NA,NA,NA,NA,NA,0.56,0.83,7.7,56,3.4,4.8,37,153,518,164,19,21.5,18.1,1.7,0.1,nonwheat_April,nonwheat,No,No
M22_16S_g31_B04,April,UNIVT,Liquidambar_styraciflua,forest,p133,M22_0978,Heading,4/28/23,nonwheat,nonwheat,,sample,31,8,5,NA,NA,NA,NA,NA,15.5,34.9507333,-80.4260796,2000,16.4,407,NA,NA,NA,NA,NA,NA,NA,NA,NA,NA,NA,NA,NA,NA,NA,NA,NA,0.36,0.87,10.4,83,1.8,5.6,43,71,1371,198,14,61.8,7.4,2.3,0.1,nonwheat_April,nonwheat,No,No
M22_16S_g01_C12,March,UNIVT,Lonicera_sp,forest,p092,M22_2268,Jointing,3/20/23,nonwheat,nonwheat,,sample,1,1,5,NA,NA,NA,NA,NA,NA,34.9507333,-80.4260796,NA,13.1,313,NA,NA,NA,NA,NA,NA,NA,NA,NA,NA,NA,NA,NA,NA,NA,NA,NA,0.6,0.91,6.2,51,3,4.6,49,50,497,67,25,10,2.4,1.7,0.1,nonwheat_March,nonwheat,No,No
M22_16S_g01_E02,March,UNIVT,Lonicera_sp,forest,p091,M22_2267,Jointing,3/20/23,nonwheat,nonwheat,,sample,1,1,5,NA,NA,NA,NA,NA,NA,34.9507333,-80.4260796,NA,13.1,313,NA,NA,NA,NA,NA,NA,NA,NA,NA,NA,NA,NA,NA,NA,NA,NA,NA,0.6,0.91,6.2,51,3,4.6,49,50,497,67,25,10,2.4,1.7,0.1,nonwheat_March,nonwheat,No,No
M22_16S_g01_F10,April,UNIVT,Lonicera_sp,forest,p125,M22_0970,Heading,4/28/23,nonwheat,nonwheat,,sample,1,1,5,NA,NA,NA,NA,NA,15.5,34.9507333,-80.4260796,200,16.4,407,NA,NA,NA,NA,NA,NA,NA,NA,NA,NA,NA,NA,NA,NA,NA,NA,NA,0.36,0.87,10.4,83,1.8,5.6,43,71,1371,198,14,61.8,7.4,2.3,0.1,nonwheat_April,nonwheat,No,No
M22_16S_g02_D09,March,WAKMP,Lonicera_sp,forest,p073,M22_2466,Jointing,3/10/23,nonwheat,nonwheat,,sample,2,1,5,NA,NA,NA,NA,NA,26.4,35.7344444,-78.70138889,NA,12.7,324,NA,NA,NA,NA,NA,NA,NA,NA,NA,NA,NA,NA,NA,NA,NA,NA,NA,0.81,0.6,10.6,65,3.7,4.9,48,225,805,281,18,66.8,49.2,2.6,0.1,nonwheat_March,nonwheat,No,No
M22_16S_g02_D10,March,WAKMP,Lonicera_sp,forest,p072,M22_2465,Jointing,3/10/23,nonwheat,nonwheat,,sample,2,1,5,NA,NA,NA,NA,NA,26.4,35.7344444,-78.70138889,NA,12.7,324,NA,NA,NA,NA,NA,NA,NA,NA,NA,NA,NA,NA,NA,NA,NA,NA,NA,0.81,0.6,10.6,65,3.7,4.9,48,225,805,281,18,66.8,49.2,2.6,0.1,nonwheat_March,nonwheat,No,No
M22_16S_g02_E08,April,UNIVT,Lonicera_sp,forest,p126,M22_0971,Heading,4/28/23,nonwheat,nonwheat,,sample,2,1,5,NA,NA,NA,NA,NA,15.5,34.9507333,-80.4260796,200,16.4,407,NA,NA,NA,NA,NA,NA,NA,NA,NA,NA,NA,NA,NA,NA,NA,NA,NA,0.36,0.87,10.4,83,1.8,5.6,43,71,1371,198,14,61.8,7.4,2.3,0.1,nonwheat_April,nonwheat,No,No
M22_16S_g02_G01,March,WAKMP,Lonicera_sp,forest,p071,M22_2464,Jointing,3/10/23,nonwheat,nonwheat,,sample,2,1,0.12,NA,NA,NA,NA,NA,26.4,35.7344444,-78.70138889,NA,12.7,324,NA,NA,NA,NA,NA,NA,NA,NA,NA,NA,NA,NA,NA,NA,NA,NA,NA,0.81,0.6,10.6,65,3.7,4.9,48,225,805,281,18,66.8,49.2,2.6,0.1,nonwheat_March,nonwheat,No,No
M22_16S_g03_A07,April,UNIVT,Lonicera_sp,forest,p124,M22_0969,Heading,4/28/23,nonwheat,nonwheat,,sample,3,1,5,NA,NA,NA,NA,NA,15.5,34.9507333,-80.4260796,200,16.4,407,NA,NA,NA,NA,NA,NA,NA,NA,NA,NA,NA,NA,NA,NA,NA,NA,NA,0.36,0.87,10.4,83,1.8,5.6,43,71,1371,198,14,61.8,7.4,2.3,0.1,nonwheat_April,nonwheat,No,No
M22_16S_g04_E04,April,UNIVT,Lonicera_sp,forest,p128,M22_0973,Heading,4/28/23,nonwheat,nonwheat,,sample,4,1,5,NA,NA,NA,NA,NA,15.5,34.9507333,-80.4260796,150,16.4,407,NA,NA,NA,NA,NA,NA,NA,NA,NA,NA,NA,NA,NA,NA,NA,NA,NA,0.36,0.87,10.4,83,1.8,5.6,43,71,1371,198,14,61.8,7.4,2.3,0.1,nonwheat_April,nonwheat,No,No
M22_16S_g05_A12,March,UNIVT,Lonicera_sp,forest,p095,M22_2271,Jointing,3/20/23,nonwheat,nonwheat,,sample,5,2,5,NA,NA,NA,NA,NA,NA,34.9507333,-80.4260796,NA,13.1,313,NA,NA,NA,NA,NA,NA,NA,NA,NA,NA,NA,NA,NA,NA,NA,NA,NA,0.6,0.91,6.2,51,3,4.6,49,50,497,67,25,10,2.4,1.7,0.1,nonwheat_March,nonwheat,No,No
M22_16S_g05_D12,March,UNIVT,Lonicera_sp,forest,p100,M22_2276,Jointing,3/20/23,nonwheat,nonwheat,,sample,5,2,5,NA,NA,NA,NA,NA,NA,34.9507333,-80.4260796,NA,13.1,313,NA,NA,NA,NA,NA,NA,NA,NA,NA,NA,NA,NA,NA,NA,NA,NA,NA,0.6,0.91,6.2,51,3,4.6,49,50,497,67,25,10,2.4,1.7,0.1,nonwheat_March,nonwheat,No,No
M22_16S_g05_F04,March,UNIVT,Lonicera_sp,forest,p099,M22_2275,Jointing,3/20/23,nonwheat,nonwheat,,sample,5,2,5,NA,NA,NA,NA,NA,NA,34.9507333,-80.4260796,NA,13.1,313,NA,NA,NA,NA,NA,NA,NA,NA,NA,NA,NA,NA,NA,NA,NA,NA,NA,0.6,0.91,6.2,51,3,4.6,49,50,497,67,25,10,2.4,1.7,0.1,nonwheat_March,nonwheat,No,No
M22_16S_g06_E05,April,UNIVT,Lonicera_sp,forest,p129,M22_0974,Heading,4/28/23,nonwheat,nonwheat,,sample,6,2,5,NA,NA,NA,NA,NA,15.5,34.9507333,-80.4260796,200,16.4,407,NA,NA,NA,NA,NA,NA,NA,NA,NA,NA,NA,NA,NA,NA,NA,NA,NA,0.36,0.87,10.4,83,1.8,5.6,43,71,1371,198,14,61.8,7.4,2.3,0.1,nonwheat_April,nonwheat,No,No
M22_16S_g07_F06,March,UNIVT,Lonicera_sp,forest,p093,M22_2269,Jointing,3/20/23,nonwheat,nonwheat,,sample,7,2,5,NA,NA,NA,NA,NA,NA,34.9507333,-80.4260796,NA,13.1,313,NA,NA,NA,NA,NA,NA,NA,NA,NA,NA,NA,NA,NA,NA,NA,NA,NA,0.6,0.91,6.2,51,3,4.6,49,50,497,67,25,10,2.4,1.7,0.1,nonwheat_March,nonwheat,No,No
M22_16S_g10_C01,April,UNIVT,Lonicera_sp,forest,p121,M22_0966,Heading,4/28/23,nonwheat,nonwheat,,sample,10,3,5,NA,NA,NA,NA,NA,15.5,34.9507333,-80.4260796,150,16.4,407,NA,NA,NA,NA,NA,NA,NA,NA,NA,NA,NA,NA,NA,NA,NA,NA,NA,0.36,0.87,10.4,83,1.8,5.6,43,71,1371,198,14,61.8,7.4,2.3,0.1,nonwheat_April,nonwheat,No,No
M22_16S_g10_E10,March,UNIVT,Lonicera_sp,forest,p097,M22_2273,Jointing,3/20/23,nonwheat,nonwheat,,sample,10,3,5,NA,NA,NA,NA,NA,NA,34.9507333,-80.4260796,NA,13.1,313,NA,NA,NA,NA,NA,NA,NA,NA,NA,NA,NA,NA,NA,NA,NA,NA,NA,0.6,0.91,6.2,51,3,4.6,49,50,497,67,25,10,2.4,1.7,0.1,nonwheat_March,nonwheat,No,No
M22_16S_g10_G06,April,UNIVT,Lonicera_sp,forest,p130,M22_0975,Heading,4/28/23,nonwheat,nonwheat,,sample,10,3,5,NA,NA,NA,NA,NA,15.5,34.9507333,-80.4260796,200,16.4,407,NA,NA,NA,NA,NA,NA,NA,NA,NA,NA,NA,NA,NA,NA,NA,NA,NA,0.36,0.87,10.4,83,1.8,5.6,43,71,1371,198,14,61.8,7.4,2.3,0.1,nonwheat_April,nonwheat,No,No
M22_16S_g15_B03,March,WAKMP,Lonicera_sp,forest,p074,M22_2467,Jointing,3/10/23,nonwheat,nonwheat,,sample,15,4,5,NA,NA,NA,NA,NA,26.4,35.7344444,-78.70138889,NA,12.7,324,NA,NA,NA,NA,NA,NA,NA,NA,NA,NA,NA,NA,NA,NA,NA,NA,NA,0.81,0.6,10.6,65,3.7,4.9,48,225,805,281,18,66.8,49.2,2.6,0.1,nonwheat_March,nonwheat,No,No
M22_16S_g16_H06,March,WAKMP,Lonicera_sp,forest,p077,M22_2470,Jointing,3/10/23,nonwheat,nonwheat,,sample,16,4,5,NA,NA,NA,NA,NA,26.4,35.7344444,-78.70138889,NA,12.7,324,NA,NA,NA,NA,NA,NA,NA,NA,NA,NA,NA,NA,NA,NA,NA,NA,NA,0.81,0.6,10.6,65,3.7,4.9,48,225,805,281,18,66.8,49.2,2.6,0.1,nonwheat_March,nonwheat,No,No
M22_16S_g17_A11,March,WAKMP,Lonicera_sp,forest,p080,M22_2473,Jointing,3/10/23,nonwheat,nonwheat,,sample,17,5,5,NA,NA,NA,NA,NA,26.4,35.7344444,-78.70138889,NA,12.7,324,NA,NA,NA,NA,NA,NA,NA,NA,NA,NA,NA,NA,NA,NA,NA,NA,NA,0.81,0.6,10.6,65,3.7,4.9,48,225,805,281,18,66.8,49.2,2.6,0.1,nonwheat_March,nonwheat,No,No
M22_16S_g19_A09,March,UNIVT,Lonicera_sp,forest,p098,M22_2274,Jointing,3/20/23,nonwheat,nonwheat,,sample,19,5,5,NA,NA,NA,NA,NA,NA,34.9507333,-80.4260796,NA,13.1,313,NA,NA,NA,NA,NA,NA,NA,NA,NA,NA,NA,NA,NA,NA,NA,NA,NA,0.6,0.91,6.2,51,3,4.6,49,50,497,67,25,10,2.4,1.7,0.1,nonwheat_March,nonwheat,No,No
M22_16S_g20_F01,March,UNIVT,Lonicera_sp,forest,p096,M22_2272,Jointing,3/20/23,nonwheat,nonwheat,,sample,20,5,5,NA,NA,NA,NA,NA,NA,34.9507333,-80.4260796,NA,13.1,313,NA,NA,NA,NA,NA,NA,NA,NA,NA,NA,NA,NA,NA,NA,NA,NA,NA,0.6,0.91,6.2,51,3,4.6,49,50,497,67,25,10,2.4,1.7,0.1,nonwheat_March,nonwheat,No,No
M22_16S_g20_G03,March,WAKMP,Lonicera_sp,forest,p078,M22_2471,Jointing,3/10/23,nonwheat,nonwheat,,sample,20,5,5,NA,NA,NA,NA,NA,26.4,35.7344444,-78.70138889,NA,12.7,324,NA,NA,NA,NA,NA,NA,NA,NA,NA,NA,NA,NA,NA,NA,NA,NA,NA,0.81,0.6,10.6,65,3.7,4.9,48,225,805,281,18,66.8,49.2,2.6,0.1,nonwheat_March,nonwheat,No,No
M22_16S_g22_C07,April,UNIVT,Lonicera_sp,forest,p127,M22_0972,Heading,4/28/23,nonwheat,nonwheat,,sample,22,6,5,NA,NA,NA,NA,NA,15.5,34.9507333,-80.4260796,150,16.4,407,NA,NA,NA,NA,NA,NA,NA,NA,NA,NA,NA,NA,NA,NA,NA,NA,NA,0.36,0.87,10.4,83,1.8,5.6,43,71,1371,198,14,61.8,7.4,2.3,0.1,nonwheat_April,nonwheat,No,No
M22_16S_g24_C10,April,UNIVT,Lonicera_sp,forest,p123,M22_0968,Heading,4/28/23,nonwheat,nonwheat,,sample,24,6,5,NA,NA,NA,NA,NA,15.5,34.9507333,-80.4260796,200,16.4,407,NA,NA,NA,NA,NA,NA,NA,NA,NA,NA,NA,NA,NA,NA,NA,NA,NA,0.36,0.87,10.4,83,1.8,5.6,43,71,1371,198,14,61.8,7.4,2.3,0.1,nonwheat_April,nonwheat,No,No
M22_16S_g27_H03,March,WAKMP,Lonicera_sp,forest,p075,M22_2468,Jointing,3/10/23,nonwheat,nonwheat,,sample,27,7,5,NA,NA,NA,NA,NA,26.4,35.7344444,-78.70138889,NA,12.7,324,NA,NA,NA,NA,NA,NA,NA,NA,NA,NA,NA,NA,NA,NA,NA,NA,NA,0.81,0.6,10.6,65,3.7,4.9,48,225,805,281,18,66.8,49.2,2.6,0.1,nonwheat_March,nonwheat,No,No
M22_16S_g28_G04,March,UNIVT,Lonicera_sp,forest,p094,M22_2270,Jointing,3/20/23,nonwheat,nonwheat,,sample,28,7,5,NA,NA,NA,NA,NA,NA,34.9507333,-80.4260796,NA,13.1,313,NA,NA,NA,NA,NA,NA,NA,NA,NA,NA,NA,NA,NA,NA,NA,NA,NA,0.6,0.91,6.2,51,3,4.6,49,50,497,67,25,10,2.4,1.7,0.1,nonwheat_March,nonwheat,No,No
M22_16S_g29_C03,March,WAKMP,Lonicera_sp,forest,p079,M22_2472,Jointing,3/10/23,nonwheat,nonwheat,,sample,29,8,5,NA,NA,NA,NA,NA,26.4,35.7344444,-78.70138889,NA,12.7,324,NA,NA,NA,NA,NA,NA,NA,NA,NA,NA,NA,NA,NA,NA,NA,NA,NA,0.81,0.6,10.6,65,3.7,4.9,48,225,805,281,18,66.8,49.2,2.6,0.1,nonwheat_March,nonwheat,No,No
M22_16S_g29_E12,April,UNIVT,Lonicera_sp,forest,p122,M22_0967,Heading,4/28/23,nonwheat,nonwheat,,sample,29,8,5,NA,NA,NA,NA,NA,15.5,34.9507333,-80.4260796,150,16.4,407,NA,NA,NA,NA,NA,NA,NA,NA,NA,NA,NA,NA,NA,NA,NA,NA,NA,0.36,0.87,10.4,83,1.8,5.6,43,71,1371,198,14,61.8,7.4,2.3,0.1,nonwheat_April,nonwheat,No,No
M22_16S_g31_B05,March,WAKMP,Lonicera_sp,forest,p076,M22_2469,Jointing,3/10/23,nonwheat,nonwheat,,sample,31,8,5,NA,NA,NA,NA,NA,26.4,35.7344444,-78.70138889,NA,12.7,324,NA,NA,NA,NA,NA,NA,NA,NA,NA,NA,NA,NA,NA,NA,NA,NA,NA,0.81,0.6,10.6,65,3.7,4.9,48,225,805,281,18,66.8,49.2,2.6,0.1,nonwheat_March,nonwheat,No,No
M22_16S_g01_H12,April,ROWVT,Magnolia_cf_grandiflora,magnolia1,p112,M22_0722,Heading,4/27/23,nonwheat,nonwheat,,sample,1,1,5,NA,NA,NA,NA,NA,9.04,35.696322,-80.622807,110,15,469,NA,NA,NA,NA,NA,NA,NA,NA,NA,NA,NA,NA,NA,NA,NA,NA,NA,0.6,0.86,8.1,70,2.4,5.2,48,206,746,176,17,42.1,8.7,2.9,0.1,nonwheat_April,nonwheat,No,No
M22_16S_g02_G07,March,ROWVT,Magnolia_cf_grandiflora,station,p119,M22_2116,Jointing,3/15/23,nonwheat,nonwheat,,sample,2,1,5,NA,NA,NA,NA,NA,32.8,35.696322,-80.622807,20,11.7,390,NA,NA,NA,NA,NA,NA,NA,NA,NA,NA,NA,NA,NA,NA,NA,NA,NA,NA,NA,NA,NA,NA,NA,NA,NA,NA,NA,NA,NA,NA,NA,NA,nonwheat_March,nonwheat,No,No
M22_16S_g05_G04,March,ROWVT,Magnolia_cf_grandiflora,station,p120,M22_2117,Jointing,3/15/23,nonwheat,nonwheat,,sample,5,2,5,NA,NA,NA,NA,NA,32.8,35.696322,-80.622807,33,11.7,390,NA,NA,NA,NA,NA,NA,NA,NA,NA,NA,NA,NA,NA,NA,NA,NA,NA,NA,NA,NA,NA,NA,NA,NA,NA,NA,NA,NA,NA,NA,NA,NA,nonwheat_March,nonwheat,No,No
M22_16S_g05_G09,April,ROWVT,Magnolia_cf_grandiflora,magnolia5,p119,M22_0729,Heading,4/27/23,nonwheat,nonwheat,,sample,5,2,5,NA,NA,NA,NA,NA,9.04,35.696322,-80.622807,103,15,469,NA,NA,NA,NA,NA,NA,NA,NA,NA,NA,NA,NA,NA,NA,NA,NA,NA,0.6,0.86,8.1,70,2.4,5.2,48,206,746,176,17,42.1,8.7,2.9,0.1,nonwheat_April,nonwheat,No,No
M22_16S_g10_E09,March,ROWVT,Magnolia_cf_grandiflora,station,p113,M22_2102,Jointing,3/15/23,nonwheat,nonwheat,,sample,10,3,5,NA,NA,NA,NA,NA,32.8,35.696322,-80.622807,28,11.7,390,NA,NA,NA,NA,NA,NA,NA,NA,NA,NA,NA,NA,NA,NA,NA,NA,NA,NA,NA,NA,NA,NA,NA,NA,NA,NA,NA,NA,NA,NA,NA,NA,nonwheat_March,nonwheat,No,No
M22_16S_g10_G05,March,ROWVT,Magnolia_cf_grandiflora,station,p116,M22_2113,Jointing,3/15/23,nonwheat,nonwheat,,sample,10,3,5,NA,NA,NA,NA,NA,32.8,35.696322,-80.622807,29,11.7,390,NA,NA,NA,NA,NA,NA,NA,NA,NA,NA,NA,NA,NA,NA,NA,NA,NA,NA,NA,NA,NA,NA,NA,NA,NA,NA,NA,NA,NA,NA,NA,NA,nonwheat_March,nonwheat,No,No
M22_16S_g11_H08,April,ROWVT,Magnolia_cf_grandiflora,magnolia3,p115,M22_0725,Heading,4/27/23,nonwheat,nonwheat,,sample,11,3,5,NA,NA,NA,NA,NA,9.04,35.696322,-80.622807,80,15,469,NA,NA,NA,NA,NA,NA,NA,NA,NA,NA,NA,NA,NA,NA,NA,NA,NA,0.6,0.86,8.1,70,2.4,5.2,48,206,746,176,17,42.1,8.7,2.9,0.1,nonwheat_April,nonwheat,No,No
M22_16S_g12_B03,March,ROWVT,Magnolia_cf_grandiflora,station,p115,M22_2104,Jointing,3/15/23,nonwheat,nonwheat,,sample,12,3,5,NA,NA,NA,NA,NA,32.8,35.696322,-80.622807,30,11.7,390,NA,NA,NA,NA,NA,NA,NA,NA,NA,NA,NA,NA,NA,NA,NA,NA,NA,NA,NA,NA,NA,NA,NA,NA,NA,NA,NA,NA,NA,NA,NA,NA,nonwheat_March,nonwheat,No,No
M22_16S_g15_G10,March,ROWVT,Magnolia_cf_grandiflora,station,p118,M22_2115,Jointing,3/15/23,nonwheat,nonwheat,,sample,15,4,5,NA,NA,NA,NA,NA,32.8,35.696322,-80.622807,30,11.7,390,NA,NA,NA,NA,NA,NA,NA,NA,NA,NA,NA,NA,NA,NA,NA,NA,NA,NA,NA,NA,NA,NA,NA,NA,NA,NA,NA,NA,NA,NA,NA,NA,nonwheat_March,nonwheat,No,No
M22_16S_g16_E07,March,ROWVT,Magnolia_cf_grandiflora,station,p114,M22_2103,Jointing,3/15/23,nonwheat,nonwheat,,sample,16,4,5,NA,NA,NA,NA,NA,32.8,35.696322,-80.622807,32,11.7,390,NA,NA,NA,NA,NA,NA,NA,NA,NA,NA,NA,NA,NA,NA,NA,NA,NA,NA,NA,NA,NA,NA,NA,NA,NA,NA,NA,NA,NA,NA,NA,NA,nonwheat_March,nonwheat,No,No
M22_16S_g18_A03,March,ROWVT,Magnolia_cf_grandiflora,station,p117,M22_2114,Jointing,3/15/23,nonwheat,nonwheat,,sample,18,5,5,NA,NA,NA,NA,NA,32.8,35.696322,-80.622807,24,11.7,390,NA,NA,NA,NA,NA,NA,NA,NA,NA,NA,NA,NA,NA,NA,NA,NA,NA,NA,NA,NA,NA,NA,NA,NA,NA,NA,NA,NA,NA,NA,NA,NA,nonwheat_March,nonwheat,No,No
M22_16S_g18_B12,April,ROWVT,Magnolia_cf_grandiflora,magnolia2,p113,M22_0723,Heading,4/27/23,nonwheat,nonwheat,,sample,18,5,5,NA,NA,NA,NA,NA,9.04,35.696322,-80.622807,105,15,469,NA,NA,NA,NA,NA,NA,NA,NA,NA,NA,NA,NA,NA,NA,NA,NA,NA,0.6,0.86,8.1,70,2.4,5.2,48,206,746,176,17,42.1,8.7,2.9,0.1,nonwheat_April,nonwheat,No,No
M22_16S_g21_A04,March,ROWVT,Magnolia_cf_grandiflora,station,p111,M22_2100,Jointing,3/15/23,nonwheat,nonwheat,,sample,21,6,5,NA,NA,NA,NA,NA,32.8,35.696322,-80.622807,30,11.7,390,NA,NA,NA,NA,NA,NA,NA,NA,NA,NA,NA,NA,NA,NA,NA,NA,NA,NA,NA,NA,NA,NA,NA,NA,NA,NA,NA,NA,NA,NA,NA,NA,nonwheat_March,nonwheat,No,No
M22_16S_g25_B10,April,ROWVT,Magnolia_cf_grandiflora,magnolia4,p118,M22_0728,Heading,4/27/23,nonwheat,nonwheat,,sample,25,7,5,NA,NA,NA,NA,NA,9.04,35.696322,-80.622807,105,15,469,NA,NA,NA,NA,NA,NA,NA,NA,NA,NA,NA,NA,NA,NA,NA,NA,NA,0.6,0.86,8.1,70,2.4,5.2,48,206,746,176,17,42.1,8.7,2.9,0.1,nonwheat_April,nonwheat,No,No
M22_16S_g26_F10,April,ROWVT,Magnolia_cf_grandiflora,magnolia3,p116,M22_0726,Heading,4/27/23,nonwheat,nonwheat,,sample,26,7,5,NA,NA,NA,NA,NA,9.04,35.696322,-80.622807,80,15,469,NA,NA,NA,NA,NA,NA,NA,NA,NA,NA,NA,NA,NA,NA,NA,NA,NA,0.6,0.86,8.1,70,2.4,5.2,48,206,746,176,17,42.1,8.7,2.9,0.1,nonwheat_April,nonwheat,No,No
M22_16S_g30_D01,April,ROWVT,Magnolia_cf_grandiflora,magnolia4,p117,M22_0727,Heading,4/27/23,nonwheat,nonwheat,,sample,30,8,5,NA,NA,NA,NA,NA,9.04,35.696322,-80.622807,105,15,469,NA,NA,NA,NA,NA,NA,NA,NA,NA,NA,NA,NA,NA,NA,NA,NA,NA,0.6,0.86,8.1,70,2.4,5.2,48,206,746,176,17,42.1,8.7,2.9,0.1,nonwheat_April,nonwheat,No,No
M22_16S_g30_E10,March,ROWVT,Magnolia_cf_grandiflora,station,p112,M22_2101,Jointing,3/15/23,nonwheat,nonwheat,,sample,30,8,5,NA,NA,NA,NA,NA,32.8,35.696322,-80.622807,29,11.7,390,NA,NA,NA,NA,NA,NA,NA,NA,NA,NA,NA,NA,NA,NA,NA,NA,NA,NA,NA,NA,NA,NA,NA,NA,NA,NA,NA,NA,NA,NA,NA,NA,nonwheat_March,nonwheat,No,No
M22_16S_g31_C12,April,ROWVT,Magnolia_cf_grandiflora,magnolia1,p111,M22_0721,Heading,4/27/23,nonwheat,nonwheat,,sample,31,8,5,NA,NA,NA,NA,NA,9.04,35.696322,-80.622807,110,15,469,NA,NA,NA,NA,NA,NA,NA,NA,NA,NA,NA,NA,NA,NA,NA,NA,NA,0.6,0.86,8.1,70,2.4,5.2,48,206,746,176,17,42.1,8.7,2.9,0.1,nonwheat_April,nonwheat,No,No
M22_16S_g31_D02,April,ROWVT,Magnolia_cf_grandiflora,magnolia2,p114,M22_0724,Heading,4/27/23,nonwheat,nonwheat,,sample,31,8,5,NA,NA,NA,NA,NA,9.04,35.696322,-80.622807,105,15,469,NA,NA,NA,NA,NA,NA,NA,NA,NA,NA,NA,NA,NA,NA,NA,NA,NA,0.6,0.86,8.1,70,2.4,5.2,48,206,746,176,17,42.1,8.7,2.9,0.1,nonwheat_April,nonwheat,No,No
M22_16S_g01_E03,April,WAKMP,maple_shaped,t2p5,p095,M22_1306,Heading,4/19/23,nonwheat,nonwheat,,sample,1,1,5,NA,NA,NA,NA,NA,28.8,35.7338889,-78.70055556,5,16,419,NA,NA,NA,NA,NA,NA,NA,NA,NA,NA,NA,NA,NA,NA,NA,NA,NA,0.6,1.07,7.6,75,1.9,5.5,202,100,847,143,17,10.9,7.3,1,0.1,nonwheat_April,nonwheat,No,Yes
M22_16S_g02_B07,March,PERVT,maple_shaped,t2p4,p078,M22_1829,Jointing,3/28/23,nonwheat,nonwheat,,sample,2,1,5,NA,NA,NA,NA,NA,38.3,36.17838803,-76.35892981,4.2,12.8,295,NA,NA,NA,NA,NA,NA,NA,NA,NA,NA,NA,NA,NA,NA,NA,NA,NA,0.61,0.82,7.6,73.5,1.9,5.3,294.5,132,826,152.5,23,17,8.3,1.65,0.15,nonwheat_March,nonwheat,No,Yes
M22_16S_g02_C02,April,WAKMP,maple_shaped,t2p1,p093,M22_1272,Heading,4/19/23,nonwheat,nonwheat,,sample,2,1,5,NA,NA,NA,NA,NA,37.3,35.734456,-78.700654,10,16,419,NA,NA,NA,NA,NA,NA,NA,NA,NA,NA,NA,NA,NA,NA,NA,NA,NA,0.71,1.02,6,70,1.8,5.5,115,44,646,110,15,10.2,5.7,0.6,0.1,nonwheat_April,nonwheat,No,Yes
M22_16S_g06_A06,April,WAKMP,maple_shaped,t2p5,p099,M22_1310,Heading,4/19/23,nonwheat,nonwheat,,sample,6,2,5,NA,NA,NA,NA,NA,28.8,35.7338889,-78.70055556,6,16,419,NA,NA,NA,NA,NA,NA,NA,NA,NA,NA,NA,NA,NA,NA,NA,NA,NA,0.6,1.07,7.6,75,1.9,5.5,202,100,847,143,17,10.9,7.3,1,0.1,nonwheat_April,nonwheat,No,Yes
M22_16S_g06_C08,March,PERVT,maple_shaped,t2p2,p073,M22_1794,Jointing,3/28/23,nonwheat,nonwheat,,sample,6,2,5,NA,NA,NA,NA,NA,40.5,36.17848368,-76.35873081,3.8,12.8,295,NA,NA,NA,NA,NA,NA,NA,NA,NA,NA,NA,NA,NA,NA,NA,NA,NA,0.51,0.82,8.5,81,1.6,5.75,233,134.5,998.5,191,19.5,13.8,6.9,1.55,0.2,nonwheat_March,nonwheat,No,Yes
M22_16S_g06_H04,April,WAKMP,maple_shaped,t2p5,p098,M22_1309,Heading,4/19/23,nonwheat,nonwheat,,sample,6,2,5,NA,NA,NA,NA,NA,28.8,35.7338889,-78.70055556,9,16,419,NA,NA,NA,NA,NA,NA,NA,NA,NA,NA,NA,NA,NA,NA,NA,NA,NA,0.6,1.07,7.6,75,1.9,5.5,202,100,847,143,17,10.9,7.3,1,0.1,nonwheat_April,nonwheat,No,Yes
M22_16S_g10_H07,April,WAKMP,maple_shaped,t2p5,p100,M22_1311,Heading,4/19/23,nonwheat,nonwheat,,sample,10,3,5,NA,NA,NA,NA,NA,28.8,35.7338889,-78.70055556,6,16,419,NA,NA,NA,NA,NA,NA,NA,NA,NA,NA,NA,NA,NA,NA,NA,NA,NA,0.6,1.07,7.6,75,1.9,5.5,202,100,847,143,17,10.9,7.3,1,0.1,nonwheat_April,nonwheat,No,Yes
M22_16S_g13_A07,April,WAKMP,maple_shaped,t2p5,p097,M22_1308,Heading,4/19/23,nonwheat,nonwheat,,sample,13,4,5,NA,NA,NA,NA,NA,28.8,35.7338889,-78.70055556,7,16,419,NA,NA,NA,NA,NA,NA,NA,NA,NA,NA,NA,NA,NA,NA,NA,NA,NA,0.6,1.07,7.6,75,1.9,5.5,202,100,847,143,17,10.9,7.3,1,0.1,nonwheat_April,nonwheat,No,Yes
M22_16S_g16_E08,March,PERVT,maple_shaped,t2p1,p079,M22_1786,Jointing,3/28/23,nonwheat,nonwheat,,sample,16,4,5,NA,NA,NA,NA,NA,36,36.1785315,-76.35863131,8.3,12.8,295,NA,NA,NA,NA,NA,NA,NA,NA,NA,NA,NA,NA,NA,NA,NA,NA,NA,0.46,0.81,8,80,1.6,5.7,215,106,929,183,19,13,5.9,1.3,0.2,nonwheat_March,nonwheat,No,Yes
M22_16S_g18_C04,April,WAKMP,maple_shaped,t2p2,p094,M22_1283,Heading,4/19/23,nonwheat,nonwheat,,sample,18,5,5,NA,NA,NA,NA,NA,36,35.73431423,-78.70062939,9,16,419,NA,NA,NA,NA,NA,NA,NA,NA,NA,NA,NA,NA,NA,NA,NA,NA,NA,0.635,0.99,6.85,73.5,1.8,5.6,137,59,762,137.5,16.5,10.95,7.15,0.85,0.1,nonwheat_April,nonwheat,No,Yes
M22_16S_g18_H11,April,WAKMP,maple_shaped,t2p1,p091,M22_1270,Heading,4/19/23,nonwheat,nonwheat,,sample,18,5,5,NA,NA,NA,NA,NA,37.3,35.734456,-78.700654,12,16,419,NA,NA,NA,NA,NA,NA,NA,NA,NA,NA,NA,NA,NA,NA,NA,NA,NA,0.71,1.02,6,70,1.8,5.5,115,44,646,110,15,10.2,5.7,0.6,0.1,nonwheat_April,nonwheat,No,Yes
M22_16S_g22_F04,March,PERVT,maple_shaped,t2p1,p072,M22_1785,Jointing,3/28/23,nonwheat,nonwheat,,sample,22,6,5,NA,NA,NA,NA,NA,36,36.1785315,-76.35863131,4.9,12.8,295,NA,NA,NA,NA,NA,NA,NA,NA,NA,NA,NA,NA,NA,NA,NA,NA,NA,0.46,0.81,8,80,1.6,5.7,215,106,929,183,19,13,5.9,1.3,0.2,nonwheat_March,nonwheat,No,Yes
M22_16S_g22_H04,March,PERVT,maple_shaped,t2p3,p076,M22_1809,Jointing,3/28/23,nonwheat,nonwheat,,sample,22,6,5,NA,NA,NA,NA,NA,33,36.17843585,-76.35883031,2.7,12.8,295,NA,NA,NA,NA,NA,NA,NA,NA,NA,NA,NA,NA,NA,NA,NA,NA,NA,0.56,0.83,9,82,1.6,5.8,251,163,1068,199,20,14.6,7.9,1.8,0.2,nonwheat_March,nonwheat,No,Yes
M22_16S_g25_B06,March,PERVT,maple_shaped,t2p1,p071,M22_1784,Jointing,3/28/23,nonwheat,nonwheat,,sample,25,7,5,NA,NA,NA,NA,NA,36,36.1785315,-76.35863131,7.7,12.8,295,NA,NA,NA,NA,NA,NA,NA,NA,NA,NA,NA,NA,NA,NA,NA,NA,NA,0.46,0.81,8,80,1.6,5.7,215,106,929,183,19,13,5.9,1.3,0.2,nonwheat_March,nonwheat,No,Yes
M22_16S_g25_G07,March,PERVT,maple_shaped,t2p1,p080,M22_1787,Jointing,3/28/23,nonwheat,nonwheat,,sample,25,7,5,NA,NA,NA,NA,NA,36,36.1785315,-76.35863131,8.7,12.8,295,NA,NA,NA,NA,NA,NA,NA,NA,NA,NA,NA,NA,NA,NA,NA,NA,NA,0.46,0.81,8,80,1.6,5.7,215,106,929,183,19,13,5.9,1.3,0.2,nonwheat_March,nonwheat,No,Yes
M22_16S_g27_D10,April,WAKMP,maple_shaped,t2p1,p092,M22_1271,Heading,4/19/23,nonwheat,nonwheat,,sample,27,7,5,NA,NA,NA,NA,NA,37.3,35.734456,-78.700654,10,16,419,NA,NA,NA,NA,NA,NA,NA,NA,NA,NA,NA,NA,NA,NA,NA,NA,NA,0.71,1.02,6,70,1.8,5.5,115,44,646,110,15,10.2,5.7,0.6,0.1,nonwheat_April,nonwheat,No,Yes
M22_16S_g27_F12,March,PERVT,maple_shaped,t2p4,p077,M22_1828,Jointing,3/28/23,nonwheat,nonwheat,,sample,27,7,5,NA,NA,NA,NA,NA,38.3,36.17838803,-76.35892981,4.5,12.8,295,NA,NA,NA,NA,NA,NA,NA,NA,NA,NA,NA,NA,NA,NA,NA,NA,NA,0.61,0.82,7.6,73.5,1.9,5.3,294.5,132,826,152.5,23,17,8.3,1.65,0.15,nonwheat_March,nonwheat,No,Yes
M22_16S_g28_B06,March,PERVT,maple_shaped,t2p2,p074,M22_1795,Jointing,3/28/23,nonwheat,nonwheat,,sample,28,7,5,NA,NA,NA,NA,NA,40.5,36.17848368,-76.35873081,2.6,12.8,295,NA,NA,NA,NA,NA,NA,NA,NA,NA,NA,NA,NA,NA,NA,NA,NA,NA,0.51,0.82,8.5,81,1.6,5.75,233,134.5,998.5,191,19.5,13.8,6.9,1.55,0.2,nonwheat_March,nonwheat,No,Yes
M22_16S_g28_E08,April,WAKMP,maple_shaped,t2p5,p096,M22_1307,Heading,4/19/23,nonwheat,nonwheat,,sample,28,7,5,NA,NA,NA,NA,NA,28.8,35.7338889,-78.70055556,5,16,419,NA,NA,NA,NA,NA,NA,NA,NA,NA,NA,NA,NA,NA,NA,NA,NA,NA,0.6,1.07,7.6,75,1.9,5.5,202,100,847,143,17,10.9,7.3,1,0.1,nonwheat_April,nonwheat,No,Yes
M22_16S_g28_H09,March,PERVT,maple_shaped,t2p3,p075,M22_1808,Jointing,3/28/23,nonwheat,nonwheat,,sample,28,7,5,NA,NA,NA,NA,NA,33,36.17843585,-76.35883031,3,12.8,295,NA,NA,NA,NA,NA,NA,NA,NA,NA,NA,NA,NA,NA,NA,NA,NA,NA,0.56,0.83,9,82,1.6,5.8,251,163,1068,199,20,14.6,7.9,1.8,0.2,nonwheat_March,nonwheat,No,Yes
M22_16S_g05_H12,April,UNIVT,Nuttallanthus_canadensis,t2p5,p030,M22_1089,Heading,4/28/23,nonwheat,nonwheat,,sample,5,2,5,NA,NA,NA,NA,NA,22.3,34.9505556,-80.42444444,49,16.4,407,NA,NA,NA,NA,NA,NA,NA,NA,NA,NA,NA,NA,NA,NA,NA,NA,NA,0.36,0.89,5.6,69,1.8,5.1,30,43,636,69,21,22.9,2.5,2.2,0.1,nonwheat_April,nonwheat,No,Yes
M22_16S_g10_B07,April,UNIVT,Nuttallanthus_canadensis,t2p2,p023,M22_1058,Heading,4/28/23,nonwheat,nonwheat,,sample,10,3,5,NA,NA,NA,NA,NA,24.2,34.9506894,-80.42489036,57,16.4,407,NA,NA,NA,NA,NA,NA,NA,NA,NA,NA,NA,NA,NA,NA,NA,NA,NA,0.435,0.88,6.8,75.5,1.65,5.35,52,75.5,819.5,101,17,21.5,3.8,2.35,0.1,nonwheat_April,nonwheat,No,Yes
M22_16S_g10_E01,April,UNIVT,Nuttallanthus_canadensis,t2p4,p028,M22_1079,Heading,4/28/23,nonwheat,nonwheat,,sample,10,3,1.65,NA,NA,NA,NA,NA,18.1,34.9506002,-80.42459308,48,16.4,407,NA,NA,NA,NA,NA,NA,NA,NA,NA,NA,NA,NA,NA,NA,NA,NA,NA,0.41,0.87,6.2,72.5,1.7,5.25,42,60,734.5,82.5,20,23.35,3.15,2.3,0.1,nonwheat_April,nonwheat,No,Yes
M22_16S_g14_D11,April,UNIVT,Nuttallanthus_canadensis,t2p1,p021,M22_1040,Heading,4/28/23,nonwheat,nonwheat,,sample,14,4,5,NA,NA,NA,NA,NA,22.9,34.950734,-80.425039,51,16.4,407,NA,NA,NA,NA,NA,NA,NA,NA,NA,NA,NA,NA,NA,NA,NA,NA,NA,0.41,0.91,6.8,75,1.7,5.3,50,74,806,106,15,19.2,3.8,2.3,0.1,nonwheat_April,nonwheat,No,Yes
M22_16S_g16_B08,April,UNIVT,Nuttallanthus_canadensis,t2p3,p025,M22_1068,Heading,4/28/23,nonwheat,nonwheat,,sample,16,4,5,NA,NA,NA,NA,NA,23.8,34.9506448,-80.42474172,44,16.4,407,NA,NA,NA,NA,NA,NA,NA,NA,NA,NA,NA,NA,NA,NA,NA,NA,NA,0.46,0.85,6.8,76,1.6,5.4,54,77,833,96,19,23.8,3.8,2.4,0.1,nonwheat_April,nonwheat,No,Yes
M22_16S_g16_C09,April,UNIVT,Nuttallanthus_canadensis,t2p4,p027,M22_1078,Heading,4/28/23,nonwheat,nonwheat,,sample,16,4,5,NA,NA,NA,NA,NA,18.1,34.9506002,-80.42459308,37,16.4,407,NA,NA,NA,NA,NA,NA,NA,NA,NA,NA,NA,NA,NA,NA,NA,NA,NA,0.41,0.87,6.2,72.5,1.7,5.25,42,60,734.5,82.5,20,23.35,3.15,2.3,0.1,nonwheat_April,nonwheat,No,Yes
M22_16S_g22_C08,April,UNIVT,Nuttallanthus_canadensis,t2p2,p024,M22_1059,Heading,4/28/23,nonwheat,nonwheat,,sample,22,6,5,NA,NA,NA,NA,NA,24.2,34.9506894,-80.42489036,52,16.4,407,NA,NA,NA,NA,NA,NA,NA,NA,NA,NA,NA,NA,NA,NA,NA,NA,NA,0.435,0.88,6.8,75.5,1.65,5.35,52,75.5,819.5,101,17,21.5,3.8,2.35,0.1,nonwheat_April,nonwheat,No,Yes
M22_16S_g28_A04,April,UNIVT,Nuttallanthus_canadensis,t2p5,p029,M22_1088,Heading,4/28/23,nonwheat,nonwheat,,sample,28,7,5,NA,NA,NA,NA,NA,22.3,34.9505556,-80.42444444,50,16.4,407,NA,NA,NA,NA,NA,NA,NA,NA,NA,NA,NA,NA,NA,NA,NA,NA,NA,0.36,0.89,5.6,69,1.8,5.1,30,43,636,69,21,22.9,2.5,2.2,0.1,nonwheat_April,nonwheat,No,Yes
M22_16S_g28_H03,April,UNIVT,Nuttallanthus_canadensis,t2p3,p026,M22_1069,Heading,4/28/23,nonwheat,nonwheat,,sample,28,7,5,NA,NA,NA,NA,NA,23.8,34.9506448,-80.42474172,46,16.4,407,NA,NA,NA,NA,NA,NA,NA,NA,NA,NA,NA,NA,NA,NA,NA,NA,NA,0.46,0.85,6.8,76,1.6,5.4,54,77,833,96,19,23.8,3.8,2.4,0.1,nonwheat_April,nonwheat,No,Yes
M22_16S_g29_G07,April,UNIVT,Nuttallanthus_canadensis,t2p1,p022,M22_1041,Heading,4/28/23,nonwheat,nonwheat,,sample,29,8,5,NA,NA,NA,NA,NA,22.9,34.950734,-80.425039,57,16.4,407,NA,NA,NA,NA,NA,NA,NA,NA,NA,NA,NA,NA,NA,NA,NA,NA,NA,0.41,0.91,6.8,75,1.7,5.3,50,74,806,106,15,19.2,3.8,2.3,0.1,nonwheat_April,nonwheat,No,Yes
M22_16S_g01_B05,April,ROBVT,Oenothera_laciniata,t2p4,p058,M22_0614,Heading,4/24/23,nonwheat,nonwheat,,sample,1,1,5,NA,NA,NA,NA,NA,15.4,34.51104698,-79.30499548,40,18.1,296,NA,NA,NA,NA,NA,NA,NA,NA,NA,NA,NA,NA,NA,NA,NA,NA,NA,0.39,0.98,8.55,77,1.9,5.65,43.5,275,846.5,214,16.5,14.15,13.4,1.2,0,nonwheat_April,nonwheat,No,Yes
M22_16S_g02_B12,April,ROBVT,Oenothera_laciniata,t2p2,p053,,Heading,4/24/23,nonwheat,nonwheat,,sample,2,1,3.69,NA,NA,NA,NA,NA,15.7,34.51085633,-79.30497383,17,18.1,296,NA,NA,NA,NA,NA,NA,NA,NA,NA,NA,NA,NA,NA,NA,NA,NA,NA,0.485,1.005,8.95,79.5,1.8,5.8,73,316,901,223.5,16.5,16.6,20.1,1.3,0,nonwheat_April,nonwheat,No,Yes
M22_16S_g02_F09,April,WASVT,Oenothera_laciniata,t1p5,p012,,Heading,5/9/23,nonwheat,nonwheat,,sample,2,1,5,NA,NA,NA,NA,NA,14.8,35.8491667,-76.655,27,16.2,364,NA,NA,NA,NA,NA,NA,NA,NA,NA,NA,NA,NA,NA,NA,NA,NA,NA,5.09,1,11,69,3.4,5.2,99,256,951,269,18,3.3,1.5,0.9,0.1,nonwheat_April,nonwheat,No,Yes
M22_16S_g03_D07,April,WASVT,Oenothera_laciniata,t1p4,p014,M22_1441,Heading,5/9/23,nonwheat,nonwheat,,sample,3,1,5,NA,NA,NA,NA,NA,15.7,35.84930603,-76.65501625,30,16.2,364,NA,NA,NA,NA,NA,NA,NA,NA,NA,NA,NA,NA,NA,NA,NA,NA,NA,4.825,0.985,11.45,73,3.05,5.35,103.5,259.5,1033,313.5,20,3.4,1.5,0.85,0.1,nonwheat_April,nonwheat,No,Yes
M22_16S_g03_F02,April,WASVT,Oenothera_laciniata,t1p1,p020,M22_1409,Heading,5/9/23,nonwheat,nonwheat,,sample,3,1,0.1,NA,NA,NA,NA,NA,14.8,35.849724,-76.655065,27,16.2,364,NA,NA,NA,NA,NA,NA,NA,NA,NA,NA,NA,NA,NA,NA,NA,NA,NA,4.44,1.01,10.6,73,2.8,5.4,93,167,1005,284,19,3,1.5,1.1,0.1,nonwheat_April,nonwheat,No,Yes
M22_16S_g04_D03,April,ROBVT,Oenothera_laciniata,t2p2,p054,M22_0610,Heading,4/24/23,nonwheat,nonwheat,,sample,4,1,5,NA,NA,NA,NA,NA,15.7,34.51085633,-79.30497383,30,18.1,296,NA,NA,NA,NA,NA,NA,NA,NA,NA,NA,NA,NA,NA,NA,NA,NA,NA,0.485,1.005,8.95,79.5,1.8,5.8,73,316,901,223.5,16.5,16.6,20.1,1.3,0,nonwheat_April,nonwheat,No,Yes
M22_16S_g04_G05,April,ROBVT,Oenothera_laciniata,t2p3,p056,M22_0612,Heading,4/24/23,nonwheat,nonwheat,,sample,4,1,5,NA,NA,NA,NA,NA,12.9,34.51095165,-79.30498465,30,18.1,296,NA,NA,NA,NA,NA,NA,NA,NA,NA,NA,NA,NA,NA,NA,NA,NA,NA,0.46,0.95,10.1,81,1.9,5.8,46,335,1047,260,17,19,20.6,1.3,0,nonwheat_April,nonwheat,No,Yes
M22_16S_g04_H11,April,WASVT,Oenothera_laciniata,t1p3,p016,M22_1424,Heading,5/9/23,nonwheat,nonwheat,,sample,4,1,5,NA,NA,NA,NA,NA,10.9,35.84944535,-76.6550325,30,16.2,364,NA,NA,NA,NA,NA,NA,NA,NA,NA,NA,NA,NA,NA,NA,NA,NA,NA,4.56,0.97,11.9,77,2.7,5.5,108,263,1115,358,22,3.5,1.5,0.8,0.1,nonwheat_April,nonwheat,No,Yes
M22_16S_g05_B08,April,WASVT,Oenothera_laciniata,t1p5,p012,M22_1453,Heading,5/9/23,nonwheat,nonwheat,,sample,5,2,5,NA,NA,NA,NA,NA,14.8,35.8491667,-76.655,27,16.2,364,NA,NA,NA,NA,NA,NA,NA,NA,NA,NA,NA,NA,NA,NA,NA,NA,NA,5.09,1,11,69,3.4,5.2,99,256,951,269,18,3.3,1.5,0.9,0.1,nonwheat_April,nonwheat,No,Yes
M22_16S_g05_G07,April,ROBVT,Oenothera_laciniata,t2p2,p053,M22_0609,Heading,4/24/23,nonwheat,nonwheat,,sample,5,2,5,NA,NA,NA,NA,NA,15.7,34.51085633,-79.30497383,17,18.1,296,NA,NA,NA,NA,NA,NA,NA,NA,NA,NA,NA,NA,NA,NA,NA,NA,NA,0.485,1.005,8.95,79.5,1.8,5.8,73,316,901,223.5,16.5,16.6,20.1,1.3,0,nonwheat_April,nonwheat,No,Yes
M22_16S_g07_B04,April,ROBVT,Oenothera_laciniata,t2p1,p051,M22_0607,Heading,4/24/23,nonwheat,nonwheat,,sample,7,2,5,NA,NA,NA,NA,NA,11,34.510761,-79.304963,30,18.1,296,NA,NA,NA,NA,NA,NA,NA,NA,NA,NA,NA,NA,NA,NA,NA,NA,NA,0.51,1.06,7.8,78,1.7,5.8,100,297,755,187,16,14.2,19.6,1.3,0,nonwheat_April,nonwheat,No,Yes
M22_16S_g07_C02,April,WASVT,Oenothera_laciniata,t1p2,p018,M22_1417,Heading,5/9/23,nonwheat,nonwheat,,sample,7,2,5,NA,NA,NA,NA,NA,16.3,35.84958468,-76.65504875,20,16.2,364,NA,NA,NA,NA,NA,NA,NA,NA,NA,NA,NA,NA,NA,NA,NA,NA,NA,4.5,0.99,11.25,75,2.75,5.45,100.5,215,1060,321,20.5,3.25,1.5,0.95,0.1,nonwheat_April,nonwheat,No,Yes
M22_16S_g07_C07,April,ROBVT,Oenothera_laciniata,t2p1,p051,,Heading,4/24/23,nonwheat,nonwheat,,sample,7,2,5,NA,NA,NA,NA,NA,11,34.510761,-79.304963,30,18.1,296,NA,NA,NA,NA,NA,NA,NA,NA,NA,NA,NA,NA,NA,NA,NA,NA,NA,0.51,1.06,7.8,78,1.7,5.8,100,297,755,187,16,14.2,19.6,1.3,0,nonwheat_April,nonwheat,No,Yes
M22_16S_g07_F12,April,WASVT,Oenothera_laciniata,t1p2,p018,,Heading,5/9/23,nonwheat,nonwheat,,sample,7,2,5,NA,NA,NA,NA,NA,16.3,35.84958468,-76.65504875,20,16.2,364,NA,NA,NA,NA,NA,NA,NA,NA,NA,NA,NA,NA,NA,NA,NA,NA,NA,4.5,0.99,11.25,75,2.75,5.45,100.5,215,1060,321,20.5,3.25,1.5,0.95,0.1,nonwheat_April,nonwheat,No,Yes
M22_16S_g10_C10,April,WASVT,Oenothera_laciniata,t1p4,p013,M22_1432,Heading,5/9/23,nonwheat,nonwheat,,sample,10,3,5,NA,NA,NA,NA,NA,15.7,35.84930603,-76.65501625,24,16.2,364,NA,NA,NA,NA,NA,NA,NA,NA,NA,NA,NA,NA,NA,NA,NA,NA,NA,4.825,0.985,11.45,73,3.05,5.35,103.5,259.5,1033,313.5,20,3.4,1.5,0.85,0.1,nonwheat_April,nonwheat,No,Yes
M22_16S_g12_D04,April,WASVT,Oenothera_laciniata,t1p3,p015,M22_1423,Heading,5/9/23,nonwheat,nonwheat,,sample,12,3,5,NA,NA,NA,NA,NA,10.9,35.84944535,-76.6550325,12,16.2,364,NA,NA,NA,NA,NA,NA,NA,NA,NA,NA,NA,NA,NA,NA,NA,NA,NA,4.56,0.97,11.9,77,2.7,5.5,108,263,1115,358,22,3.5,1.5,0.8,0.1,nonwheat_April,nonwheat,No,Yes
M22_16S_g12_F09,April,ROBVT,Oenothera_laciniata,t2p5,p059,M22_0615,Heading,4/24/23,nonwheat,nonwheat,,sample,12,3,5,NA,NA,NA,NA,NA,9.4,34.5111423,-79.3050063,38,18.1,296,NA,NA,NA,NA,NA,NA,NA,NA,NA,NA,NA,NA,NA,NA,NA,NA,NA,0.32,1.01,7,73,1.9,5.5,41,215,646,168,16,9.3,6.2,1.1,0,nonwheat_April,nonwheat,No,Yes
M22_16S_g14_A11,April,ROBVT,Oenothera_laciniata,t2p3,p055,M22_0611,Heading,4/24/23,nonwheat,nonwheat,,sample,14,4,4.06,NA,NA,NA,NA,NA,12.9,34.51095165,-79.30498465,27,18.1,296,NA,NA,NA,NA,NA,NA,NA,NA,NA,NA,NA,NA,NA,NA,NA,NA,NA,0.46,0.95,10.1,81,1.9,5.8,46,335,1047,260,17,19,20.6,1.3,0,nonwheat_April,nonwheat,No,Yes
M22_16S_g16_A06,April,WASVT,Oenothera_laciniata,t1p2,p017,M22_1416,Heading,5/9/23,nonwheat,nonwheat,,sample,16,4,5,NA,NA,NA,NA,NA,16.3,35.84958468,-76.65504875,11,16.2,364,NA,NA,NA,NA,NA,NA,NA,NA,NA,NA,NA,NA,NA,NA,NA,NA,NA,4.5,0.99,11.25,75,2.75,5.45,100.5,215,1060,321,20.5,3.25,1.5,0.95,0.1,nonwheat_April,nonwheat,No,Yes
M22_16S_g21_H03,April,WASVT,Oenothera_laciniata,t1p1,p019,M22_1408,Heading,5/9/23,nonwheat,nonwheat,,sample,21,6,5,NA,NA,NA,NA,NA,14.8,35.849724,-76.655065,29,16.2,364,NA,NA,NA,NA,NA,NA,NA,NA,NA,NA,NA,NA,NA,NA,NA,NA,NA,4.44,1.01,10.6,73,2.8,5.4,93,167,1005,284,19,3,1.5,1.1,0.1,nonwheat_April,nonwheat,No,Yes
M22_16S_g24_D07,April,ROBVT,Oenothera_laciniata,t2p1,p052,M22_0608,Heading,4/24/23,nonwheat,nonwheat,,sample,24,6,5,NA,NA,NA,NA,NA,11,34.510761,-79.304963,28,18.1,296,NA,NA,NA,NA,NA,NA,NA,NA,NA,NA,NA,NA,NA,NA,NA,NA,NA,0.51,1.06,7.8,78,1.7,5.8,100,297,755,187,16,14.2,19.6,1.3,0,nonwheat_April,nonwheat,No,Yes
M22_16S_g26_A11,April,ROBVT,Oenothera_laciniata,t2p4,p057,M22_0613,Heading,4/24/23,nonwheat,nonwheat,,sample,26,7,5,NA,NA,NA,NA,NA,15.4,34.51104698,-79.30499548,30,18.1,296,NA,NA,NA,NA,NA,NA,NA,NA,NA,NA,NA,NA,NA,NA,NA,NA,NA,0.39,0.98,8.55,77,1.9,5.65,43.5,275,846.5,214,16.5,14.15,13.4,1.2,0,nonwheat_April,nonwheat,No,Yes
M22_16S_g28_B09,April,WASVT,Oenothera_laciniata,t1p5,p011,M22_1452,Heading,5/9/23,nonwheat,nonwheat,,sample,28,7,5,NA,NA,NA,NA,NA,14.8,35.8491667,-76.655,26,16.2,364,NA,NA,NA,NA,NA,NA,NA,NA,NA,NA,NA,NA,NA,NA,NA,NA,NA,5.09,1,11,69,3.4,5.2,99,256,951,269,18,3.3,1.5,0.9,0.1,nonwheat_April,nonwheat,No,Yes
M22_16S_g30_G11,April,ROBVT,Oenothera_laciniata,t2p5,p060,M22_0616,Heading,4/24/23,nonwheat,nonwheat,,sample,30,8,5,NA,NA,NA,NA,NA,9.4,34.5111423,-79.3050063,30,18.1,296,NA,NA,NA,NA,NA,NA,NA,NA,NA,NA,NA,NA,NA,NA,NA,NA,NA,0.32,1.01,7,73,1.9,5.5,41,215,646,168,16,9.3,6.2,1.1,0,nonwheat_April,nonwheat,No,Yes
M22_16S_g13_H03,April,WASVT,oppositeleaves,t1p4,p033,M22_1448,Heading,5/9/23,nonwheat,nonwheat,,sample,13,4,5,NA,NA,NA,NA,NA,15.7,35.84930603,-76.65501625,4,16.2,364,NA,NA,NA,NA,NA,NA,NA,NA,NA,NA,NA,NA,NA,NA,NA,NA,NA,4.825,0.985,11.45,73,3.05,5.35,103.5,259.5,1033,313.5,20,3.4,1.5,0.85,0.1,nonwheat_April,nonwheat,No,Yes
M22_16S_g14_C04,April,WASVT,oppositeleaves,t1p4,p032,M22_1447,Heading,5/9/23,nonwheat,nonwheat,,sample,14,4,5,NA,NA,NA,NA,NA,15.7,35.84930603,-76.65501625,5,16.2,364,NA,NA,NA,NA,NA,NA,NA,NA,NA,NA,NA,NA,NA,NA,NA,NA,NA,4.825,0.985,11.45,73,3.05,5.35,103.5,259.5,1033,313.5,20,3.4,1.5,0.85,0.1,nonwheat_April,nonwheat,No,Yes
M22_16S_g15_F03,April,WASVT,oppositeleaves,t1p4,p031,M22_1446,Heading,5/9/23,nonwheat,nonwheat,,sample,15,4,5,NA,NA,NA,NA,NA,15.7,35.84930603,-76.65501625,10,16.2,364,NA,NA,NA,NA,NA,NA,NA,NA,NA,NA,NA,NA,NA,NA,NA,NA,NA,4.825,0.985,11.45,73,3.05,5.35,103.5,259.5,1033,313.5,20,3.4,1.5,0.85,0.1,nonwheat_April,nonwheat,No,Yes
M22_16S_g23_H08,April,WASVT,oppositeleaves,t1p3,p035,M22_1427,Heading,5/9/23,nonwheat,nonwheat,,sample,23,6,5,NA,NA,NA,NA,NA,10.9,35.84944535,-76.6550325,12,16.2,364,NA,NA,NA,NA,NA,NA,NA,NA,NA,NA,NA,NA,NA,NA,NA,NA,NA,4.56,0.97,11.9,77,2.7,5.5,108,263,1115,358,22,3.5,1.5,0.8,0.1,nonwheat_April,nonwheat,No,Yes
M22_16S_g24_H12,April,WASVT,oppositeleaves,t1p2,p038,M22_1420,Heading,5/9/23,nonwheat,nonwheat,,sample,24,6,0.6,NA,NA,NA,NA,NA,16.3,35.84958468,-76.65504875,10,16.2,364,NA,NA,NA,NA,NA,NA,NA,NA,NA,NA,NA,NA,NA,NA,NA,NA,NA,4.5,0.99,11.25,75,2.75,5.45,100.5,215,1060,321,20.5,3.25,1.5,0.95,0.1,nonwheat_April,nonwheat,No,Yes
M22_16S_g25_D10,April,WASVT,oppositeleaves,t1p1,p039,M22_1412,Heading,5/9/23,nonwheat,nonwheat,,sample,25,7,0.1,NA,NA,NA,NA,NA,14.8,35.849724,-76.655065,8,16.2,364,NA,NA,NA,NA,NA,NA,NA,NA,NA,NA,NA,NA,NA,NA,NA,NA,NA,4.44,1.01,10.6,73,2.8,5.4,93,167,1005,284,19,3,1.5,1.1,0.1,nonwheat_April,nonwheat,No,Yes
M22_16S_g25_H11,April,WASVT,oppositeleaves,t1p4,p034,M22_1449,Heading,5/9/23,nonwheat,nonwheat,,sample,25,7,1.45,NA,NA,NA,NA,NA,15.7,35.84930603,-76.65501625,6,16.2,364,NA,NA,NA,NA,NA,NA,NA,NA,NA,NA,NA,NA,NA,NA,NA,NA,NA,4.825,0.985,11.45,73,3.05,5.35,103.5,259.5,1033,313.5,20,3.4,1.5,0.85,0.1,nonwheat_April,nonwheat,No,Yes
M22_16S_g27_B08,April,WASVT,oppositeleaves,t1p3,p037,M22_1429,Heading,5/9/23,nonwheat,nonwheat,,sample,27,7,0.25,NA,NA,NA,NA,NA,10.9,35.84944535,-76.6550325,8,16.2,364,NA,NA,NA,NA,NA,NA,NA,NA,NA,NA,NA,NA,NA,NA,NA,NA,NA,4.56,0.97,11.9,77,2.7,5.5,108,263,1115,358,22,3.5,1.5,0.8,0.1,nonwheat_April,nonwheat,No,Yes
M22_16S_g31_E02,April,WASVT,oppositeleaves,t1p3,p036,M22_1428,Heading,5/9/23,nonwheat,nonwheat,,sample,31,8,0.14,NA,NA,NA,NA,NA,10.9,35.84944535,-76.6550325,6,16.2,364,NA,NA,NA,NA,NA,NA,NA,NA,NA,NA,NA,NA,NA,NA,NA,NA,NA,4.56,0.97,11.9,77,2.7,5.5,108,263,1115,358,22,3.5,1.5,0.8,0.1,nonwheat_April,nonwheat,No,Yes
M22_16S_g01_C05,March,WASVT,Oxalis_stricta,t1p1,p020,M22_2662,Jointing,3/27/23,nonwheat,nonwheat,,sample,1,1,0.1,NA,NA,NA,NA,NA,22.4,35.849825,-76.654673,2,13.2,293,NA,NA,NA,NA,NA,NA,NA,NA,NA,NA,NA,NA,NA,NA,NA,NA,NA,2.52,0.89,11.3,86,1.6,6.1,117,148,1232,383,15,2.8,1.3,0.9,0.1,nonwheat_March,nonwheat,No,Yes
M22_16S_g01_G09,March,WASVT,Oxalis_stricta,t1p3,p016,M22_2678,Jointing,3/27/23,nonwheat,nonwheat,,sample,1,1,0.1,NA,NA,NA,NA,NA,26.8,35.84954635,-76.6546405,3,13.2,293,NA,NA,NA,NA,NA,NA,NA,NA,NA,NA,NA,NA,NA,NA,NA,NA,NA,2.68,0.93,10.9,79,2.3,5.7,120,185,1090,334,17,2.4,1.3,0.9,0.1,nonwheat_March,nonwheat,No,Yes
M22_16S_g03_A11,April,UNIVT,Oxalis_stricta,t2p1,p019,M22_1038,Heading,4/28/23,nonwheat,nonwheat,,sample,3,1,5,NA,NA,NA,NA,NA,22.9,34.950734,-80.425039,10,16.4,407,NA,NA,NA,NA,NA,NA,NA,NA,NA,NA,NA,NA,NA,NA,NA,NA,NA,0.41,0.91,6.8,75,1.7,5.3,50,74,806,106,15,19.2,3.8,2.3,0.1,nonwheat_April,nonwheat,No,Yes
M22_16S_g04_B07,March,WASVT,Oxalis_stricta,t1p4,p013,M22_2694,Jointing,3/27/23,nonwheat,nonwheat,,sample,4,1,5,NA,NA,NA,NA,NA,33.1,35.84940703,-76.65462425,2,13.2,293,NA,NA,NA,NA,NA,NA,NA,NA,NA,NA,NA,NA,NA,NA,NA,NA,NA,2.8,0.88,12.5,80.5,2.4,5.8,117.5,213.5,1256,401,18,2.65,1.45,0.9,0.1,nonwheat_March,nonwheat,No,Yes
M22_16S_g06_E06,April,UNIVT,Oxalis_stricta,t2p2,p017,M22_1048,Heading,4/28/23,nonwheat,nonwheat,,sample,6,2,5,NA,NA,NA,NA,NA,24.2,34.9506894,-80.42489036,12,16.4,407,NA,NA,NA,NA,NA,NA,NA,NA,NA,NA,NA,NA,NA,NA,NA,NA,NA,0.435,0.88,6.8,75.5,1.65,5.35,52,75.5,819.5,101,17,21.5,3.8,2.35,0.1,nonwheat_April,nonwheat,No,Yes
M22_16S_g08_G09,April,UNIVT,Oxalis_stricta,t2p4,p013,M22_1076,Heading,4/28/23,nonwheat,nonwheat,,sample,8,2,5,NA,NA,NA,NA,NA,18.1,34.9506002,-80.42459308,12,16.4,407,NA,NA,NA,NA,NA,NA,NA,NA,NA,NA,NA,NA,NA,NA,NA,NA,NA,0.41,0.87,6.2,72.5,1.7,5.25,42,60,734.5,82.5,20,23.35,3.15,2.3,0.1,nonwheat_April,nonwheat,No,Yes
M22_16S_g09_B07,March,WASVT,Oxalis_stricta,t1p4,p014,M22_2695,Jointing,3/27/23,nonwheat,nonwheat,,sample,9,3,5,NA,NA,NA,NA,NA,33.1,35.84940703,-76.65462425,1,13.2,293,NA,NA,NA,NA,NA,NA,NA,NA,NA,NA,NA,NA,NA,NA,NA,NA,NA,2.8,0.88,12.5,80.5,2.4,5.8,117.5,213.5,1256,401,18,2.65,1.45,0.9,0.1,nonwheat_March,nonwheat,No,Yes
M22_16S_g09_E06,March,WASVT,Oxalis_stricta,t1p5,p011,M22_2702,Jointing,3/27/23,nonwheat,nonwheat,,sample,9,3,5,NA,NA,NA,NA,NA,25.6,35.8492677,-76.654608,2,13.2,293,NA,NA,NA,NA,NA,NA,NA,NA,NA,NA,NA,NA,NA,NA,NA,NA,NA,2.92,0.83,14.1,82,2.5,5.9,115,242,1422,468,19,2.9,1.6,0.9,0.1,nonwheat_March,nonwheat,No,Yes
M22_16S_g13_C11,April,UNIVT,Oxalis_stricta,t2p5,p012,M22_1087,Heading,4/28/23,nonwheat,nonwheat,,sample,13,4,5,NA,NA,NA,NA,NA,22.3,34.9505556,-80.42444444,13,16.4,407,NA,NA,NA,NA,NA,NA,NA,NA,NA,NA,NA,NA,NA,NA,NA,NA,NA,0.36,0.89,5.6,69,1.8,5.1,30,43,636,69,21,22.9,2.5,2.2,0.1,nonwheat_April,nonwheat,No,Yes
M22_16S_g15_A10,March,WASVT,Oxalis_stricta,t1p2,p018,M22_2670,Jointing,3/27/23,nonwheat,nonwheat,,sample,15,4,5,NA,NA,NA,NA,NA,27.9,35.84968568,-76.65465675,2,13.2,293,NA,NA,NA,NA,NA,NA,NA,NA,NA,NA,NA,NA,NA,NA,NA,NA,NA,2.6,0.91,11.1,82.5,1.95,5.9,118.5,166.5,1161,358.5,16,2.6,1.3,0.9,0.1,nonwheat_March,nonwheat,No,Yes
M22_16S_g19_A03,April,UNIVT,Oxalis_stricta,t2p3,p016,M22_1067,Heading,4/28/23,nonwheat,nonwheat,,sample,19,5,5,NA,NA,NA,NA,NA,23.8,34.9506448,-80.42474172,7,16.4,407,NA,NA,NA,NA,NA,NA,NA,NA,NA,NA,NA,NA,NA,NA,NA,NA,NA,0.46,0.85,6.8,76,1.6,5.4,54,77,833,96,19,23.8,3.8,2.4,0.1,nonwheat_April,nonwheat,No,Yes
M22_16S_g19_B09,April,UNIVT,Oxalis_stricta,t2p5,p011,M22_1086,Heading,4/28/23,nonwheat,nonwheat,,sample,19,5,5,NA,NA,NA,NA,NA,22.3,34.9505556,-80.42444444,7,16.4,407,NA,NA,NA,NA,NA,NA,NA,NA,NA,NA,NA,NA,NA,NA,NA,NA,NA,0.36,0.89,5.6,69,1.8,5.1,30,43,636,69,21,22.9,2.5,2.2,0.1,nonwheat_April,nonwheat,No,Yes
M22_16S_g19_B11,April,UNIVT,Oxalis_stricta,t2p2,p018,M22_1057,Heading,4/28/23,nonwheat,nonwheat,,sample,19,5,5,NA,NA,NA,NA,NA,24.2,34.9506894,-80.42489036,12,16.4,407,NA,NA,NA,NA,NA,NA,NA,NA,NA,NA,NA,NA,NA,NA,NA,NA,NA,0.435,0.88,6.8,75.5,1.65,5.35,52,75.5,819.5,101,17,21.5,3.8,2.35,0.1,nonwheat_April,nonwheat,No,Yes
M22_16S_g19_C02,March,WASVT,Oxalis_stricta,t1p2,p017,M22_2669,Jointing,3/27/23,nonwheat,nonwheat,,sample,19,5,0.6,NA,NA,NA,NA,NA,27.9,35.84968568,-76.65465675,3,13.2,293,NA,NA,NA,NA,NA,NA,NA,NA,NA,NA,NA,NA,NA,NA,NA,NA,NA,2.6,0.91,11.1,82.5,1.95,5.9,118.5,166.5,1161,358.5,16,2.6,1.3,0.9,0.1,nonwheat_March,nonwheat,No,Yes
M22_16S_g19_F06,April,UNIVT,Oxalis_stricta,t2p3,p015,M22_1066,Heading,4/28/23,nonwheat,nonwheat,,sample,19,5,5,NA,NA,NA,NA,NA,23.8,34.9506448,-80.42474172,11,16.4,407,NA,NA,NA,NA,NA,NA,NA,NA,NA,NA,NA,NA,NA,NA,NA,NA,NA,0.46,0.85,6.8,76,1.6,5.4,54,77,833,96,19,23.8,3.8,2.4,0.1,nonwheat_April,nonwheat,No,Yes
M22_16S_g22_C06,April,UNIVT,Oxalis_stricta,t2p4,p014,M22_1077,Heading,4/28/23,nonwheat,nonwheat,,sample,22,6,5,NA,NA,NA,NA,NA,18.1,34.9506002,-80.42459308,5,16.4,407,NA,NA,NA,NA,NA,NA,NA,NA,NA,NA,NA,NA,NA,NA,NA,NA,NA,0.41,0.87,6.2,72.5,1.7,5.25,42,60,734.5,82.5,20,23.35,3.15,2.3,0.1,nonwheat_April,nonwheat,No,Yes
M22_16S_g23_A06,April,UNIVT,Oxalis_stricta,t2p1,p020,M22_1039,Heading,4/28/23,nonwheat,nonwheat,,sample,23,6,5,NA,NA,NA,NA,NA,22.9,34.950734,-80.425039,10,16.4,407,NA,NA,NA,NA,NA,NA,NA,NA,NA,NA,NA,NA,NA,NA,NA,NA,NA,0.41,0.91,6.8,75,1.7,5.3,50,74,806,106,15,19.2,3.8,2.3,0.1,nonwheat_April,nonwheat,No,Yes
M22_16S_g24_G08,March,WASVT,Oxalis_stricta,t1p1,p019,M22_2661,Jointing,3/27/23,nonwheat,nonwheat,,sample,24,6,5,NA,NA,NA,NA,NA,22.4,35.849825,-76.654673,3,13.2,293,NA,NA,NA,NA,NA,NA,NA,NA,NA,NA,NA,NA,NA,NA,NA,NA,NA,2.52,0.89,11.3,86,1.6,6.1,117,148,1232,383,15,2.8,1.3,0.9,0.1,nonwheat_March,nonwheat,No,Yes
M22_16S_g28_D02,March,WASVT,Oxalis_stricta,t1p3,p015,M22_2677,Jointing,3/27/23,nonwheat,nonwheat,,sample,28,7,5,NA,NA,NA,NA,NA,26.8,35.84954635,-76.6546405,2,13.2,293,NA,NA,NA,NA,NA,NA,NA,NA,NA,NA,NA,NA,NA,NA,NA,NA,NA,2.68,0.93,10.9,79,2.3,5.7,120,185,1090,334,17,2.4,1.3,0.9,0.1,nonwheat_March,nonwheat,No,Yes
M22_16S_g31_E08,March,WASVT,Oxalis_stricta,t1p5,p012,M22_2703,Jointing,3/27/23,nonwheat,nonwheat,,sample,31,8,0.39,NA,NA,NA,NA,NA,25.6,35.8492677,-76.654608,1,13.2,293,NA,NA,NA,NA,NA,NA,NA,NA,NA,NA,NA,NA,NA,NA,NA,NA,NA,2.92,0.83,14.1,82,2.5,5.9,115,242,1422,468,19,2.9,1.6,0.9,0.1,nonwheat_March,nonwheat,No,Yes
M22_16S_g02_A11,April,WAKMP,Pinus_taeda,forest,p112,M22_1165,Heading,4/19/23,nonwheat,nonwheat,,sample,2,1,5,NA,NA,NA,NA,NA,23.4,35.7344444,-78.70138889,1000,16,419,NA,NA,NA,NA,NA,NA,NA,NA,NA,NA,NA,NA,NA,NA,NA,NA,NA,0.56,0.83,7.7,56,3.4,4.8,37,153,518,164,19,21.5,18.1,1.7,0.1,nonwheat_April,nonwheat,No,No
M22_16S_g02_C04,April,LENVT,Pinus_taeda,forest,p118,M22_0112,Heading,4/20/23,nonwheat,nonwheat,,sample,2,1,5,NA,NA,NA,NA,NA,10.8,35.3752778,-77.55694444,3500,16.4,335,NA,NA,NA,NA,NA,NA,NA,NA,NA,NA,NA,NA,NA,NA,NA,NA,NA,2.22,0.81,7.5,59,3.1,4.9,112,168,596,121,23,4.3,3.4,0.6,0.2,nonwheat_April,nonwheat,No,No
M22_16S_g02_E11,April,ROBVT,Pinus_taeda,forest2,p106,M22_0544,Heading,4/24/23,nonwheat,nonwheat,,sample,2,1,5,NA,NA,NA,NA,NA,7.5,34.5103085,-79.3046322,3000,18.1,296,NA,NA,NA,NA,NA,NA,NA,NA,NA,NA,NA,NA,NA,NA,NA,NA,NA,0.36,1.11,5,39,3.1,4.3,8,46,262,61,9,4.4,3.6,0.2,0.1,nonwheat_April,nonwheat,No,No
M22_16S_g03_C11,April,ROBVT,Pinus_taeda,forest2,p110,M22_0548,Heading,4/24/23,nonwheat,nonwheat,,sample,3,1,5,NA,NA,NA,NA,NA,7.5,34.5103085,-79.3046322,2000,18.1,296,NA,NA,NA,NA,NA,NA,NA,NA,NA,NA,NA,NA,NA,NA,NA,NA,NA,0.36,1.11,5,39,3.1,4.3,8,46,262,61,9,4.4,3.6,0.2,0.1,nonwheat_April,nonwheat,No,No
M22_16S_g03_D02,March,LENVT,Pinus_taeda,forest1,p083,M22_1576,Jointing,3/14/23,nonwheat,nonwheat,,sample,3,1,5,NA,NA,NA,NA,NA,17.4,35.3752778,-77.55694444,2000,13.4,268,NA,NA,NA,NA,NA,NA,NA,NA,NA,NA,NA,NA,NA,NA,NA,NA,NA,NA,NA,NA,NA,NA,NA,NA,NA,NA,NA,NA,NA,NA,NA,NA,nonwheat_March,nonwheat,No,No
M22_16S_g03_D11,March,LENVT,Pinus_taeda,forest2,p090,M22_1583,Jointing,3/14/23,nonwheat,nonwheat,,sample,3,1,5,NA,NA,NA,NA,NA,10.1,35.3744444,-77.55944444,1000,13.4,268,NA,NA,NA,NA,NA,NA,NA,NA,NA,NA,NA,NA,NA,NA,NA,NA,NA,NA,NA,NA,NA,NA,NA,NA,NA,NA,NA,NA,NA,NA,NA,NA,nonwheat_March,nonwheat,No,No
M22_16S_g03_E05,April,WAKMP,Pinus_taeda,forest,p116,M22_1169,Heading,4/19/23,nonwheat,nonwheat,,sample,3,1,5,NA,NA,NA,NA,NA,23.4,35.7344444,-78.70138889,500,16,419,NA,NA,NA,NA,NA,NA,NA,NA,NA,NA,NA,NA,NA,NA,NA,NA,NA,0.56,0.83,7.7,56,3.4,4.8,37,153,518,164,19,21.5,18.1,1.7,0.1,nonwheat_April,nonwheat,No,No
M22_16S_g03_E12,March,WAKMP,Pinus_taeda,forest,p097,M22_2499,Jointing,3/10/23,nonwheat,nonwheat,,sample,3,1,5,NA,NA,NA,NA,NA,26.4,35.7344444,-78.70138889,170,12.7,324,NA,NA,NA,NA,NA,NA,NA,NA,NA,NA,NA,NA,NA,NA,NA,NA,NA,0.81,0.6,10.6,65,3.7,4.9,48,225,805,281,18,66.8,49.2,2.6,0.1,nonwheat_March,nonwheat,No,No
M22_16S_g03_G07,March,WAKMP,Pinus_taeda,forest,p092,M22_2485,Jointing,3/10/23,nonwheat,nonwheat,,sample,3,1,5,NA,NA,NA,NA,NA,26.4,35.7344444,-78.70138889,120,12.7,324,NA,NA,NA,NA,NA,NA,NA,NA,NA,NA,NA,NA,NA,NA,NA,NA,NA,0.81,0.6,10.6,65,3.7,4.9,48,225,805,281,18,66.8,49.2,2.6,0.1,nonwheat_March,nonwheat,No,No
M22_16S_g03_G09,March,LENVT,Pinus_taeda,forest2,p085,M22_1578,Jointing,3/14/23,nonwheat,nonwheat,,sample,3,1,5,NA,NA,NA,NA,NA,10.1,35.3744444,-77.55944444,1000,13.4,268,NA,NA,NA,NA,NA,NA,NA,NA,NA,NA,NA,NA,NA,NA,NA,NA,NA,NA,NA,NA,NA,NA,NA,NA,NA,NA,NA,NA,NA,NA,NA,NA,nonwheat_March,nonwheat,No,No
M22_16S_g04_B11,March,WAKMP,Pinus_taeda,forest,p095,M22_2497,Jointing,3/10/23,nonwheat,nonwheat,,sample,4,1,5,NA,NA,NA,NA,NA,26.4,35.7344444,-78.70138889,160,12.7,324,NA,NA,NA,NA,NA,NA,NA,NA,NA,NA,NA,NA,NA,NA,NA,NA,NA,0.81,0.6,10.6,65,3.7,4.9,48,225,805,281,18,66.8,49.2,2.6,0.1,nonwheat_March,nonwheat,No,No
M22_16S_g05_E08,March,WAKMP,Pinus_taeda,forest,p091,M22_2484,Jointing,3/10/23,nonwheat,nonwheat,,sample,5,2,5,NA,NA,NA,NA,NA,26.4,35.7344444,-78.70138889,115,12.7,324,NA,NA,NA,NA,NA,NA,NA,NA,NA,NA,NA,NA,NA,NA,NA,NA,NA,0.81,0.6,10.6,65,3.7,4.9,48,225,805,281,18,66.8,49.2,2.6,0.1,nonwheat_March,nonwheat,No,No
M22_16S_g06_C07,March,ROBVT,Pinus_taeda,forest2,p110,M22_1929,Jointing,3/21/23,nonwheat,nonwheat,,sample,6,2,5,NA,NA,NA,NA,NA,3.8,34.5103085,-79.3046322,2000,14.7,239,NA,NA,NA,NA,NA,NA,NA,NA,NA,NA,NA,NA,NA,NA,NA,NA,NA,NA,NA,NA,NA,NA,NA,NA,NA,NA,NA,NA,NA,NA,NA,NA,nonwheat_March,nonwheat,No,No
M22_16S_g06_C10,April,LENVT,Pinus_taeda,forest,p116,M22_0110,Heading,4/20/23,nonwheat,nonwheat,,sample,6,2,5,NA,NA,NA,NA,NA,10.8,35.3752778,-77.55694444,2000,16.4,335,NA,NA,NA,NA,NA,NA,NA,NA,NA,NA,NA,NA,NA,NA,NA,NA,NA,2.22,0.81,7.5,59,3.1,4.9,112,168,596,121,23,4.3,3.4,0.6,0.2,nonwheat_April,nonwheat,No,No
M22_16S_g06_E03,April,ROBVT,Pinus_taeda,forest2,p104,M22_0542,Heading,4/24/23,nonwheat,nonwheat,,sample,6,2,5,NA,NA,NA,NA,NA,7.5,34.5103085,-79.3046322,3000,18.1,296,NA,NA,NA,NA,NA,NA,NA,NA,NA,NA,NA,NA,NA,NA,NA,NA,NA,0.36,1.11,5,39,3.1,4.3,8,46,262,61,9,4.4,3.6,0.2,0.1,nonwheat_April,nonwheat,No,No
M22_16S_g06_E10,March,ROBVT,Pinus_taeda,forest2,p102,M22_1921,Jointing,3/21/23,nonwheat,nonwheat,,sample,6,2,5,NA,NA,NA,NA,NA,3.8,34.5103085,-79.3046322,3500,14.7,239,NA,NA,NA,NA,NA,NA,NA,NA,NA,NA,NA,NA,NA,NA,NA,NA,NA,NA,NA,NA,NA,NA,NA,NA,NA,NA,NA,NA,NA,NA,NA,NA,nonwheat_March,nonwheat,No,No
M22_16S_g07_B03,April,LENVT,Pinus_taeda,forest,p114,M22_0108,Heading,4/20/23,nonwheat,nonwheat,,sample,7,2,5,NA,NA,NA,NA,NA,10.8,35.3752778,-77.55694444,1000,16.4,335,NA,NA,NA,NA,NA,NA,NA,NA,NA,NA,NA,NA,NA,NA,NA,NA,NA,2.22,0.81,7.5,59,3.1,4.9,112,168,596,121,23,4.3,3.4,0.6,0.2,nonwheat_April,nonwheat,No,No
M22_16S_g07_C08,April,ROBVT,Pinus_taeda,forest2,p101,M22_0539,Heading,4/24/23,nonwheat,nonwheat,,sample,7,2,5,NA,NA,NA,NA,NA,7.5,34.5103085,-79.3046322,1000,18.1,296,NA,NA,NA,NA,NA,NA,NA,NA,NA,NA,NA,NA,NA,NA,NA,NA,NA,0.36,1.11,5,39,3.1,4.3,8,46,262,61,9,4.4,3.6,0.2,0.1,nonwheat_April,nonwheat,No,No
M22_16S_g07_E08,March,ROBVT,Pinus_taeda,forest2,p101,M22_1912,Jointing,3/21/23,nonwheat,nonwheat,,sample,7,2,5,NA,NA,NA,NA,NA,3.8,34.5103085,-79.3046322,3500,14.7,239,NA,NA,NA,NA,NA,NA,NA,NA,NA,NA,NA,NA,NA,NA,NA,NA,NA,NA,NA,NA,NA,NA,NA,NA,NA,NA,NA,NA,NA,NA,NA,NA,nonwheat_March,nonwheat,No,No
M22_16S_g08_A01,March,WAKMP,Pinus_taeda,forest,p096,M22_2498,Jointing,3/10/23,nonwheat,nonwheat,,sample,8,2,5,NA,NA,NA,NA,NA,26.4,35.7344444,-78.70138889,40,12.7,324,NA,NA,NA,NA,NA,NA,NA,NA,NA,NA,NA,NA,NA,NA,NA,NA,NA,0.81,0.6,10.6,65,3.7,4.9,48,225,805,281,18,66.8,49.2,2.6,0.1,nonwheat_March,nonwheat,No,No
M22_16S_g08_A06,April,WAKMP,Pinus_taeda,forest,p120,M22_1173,Heading,4/19/23,nonwheat,nonwheat,,sample,8,2,5,NA,NA,NA,NA,NA,23.4,35.7344444,-78.70138889,2000,16,419,NA,NA,NA,NA,NA,NA,NA,NA,NA,NA,NA,NA,NA,NA,NA,NA,NA,0.56,0.83,7.7,56,3.4,4.8,37,153,518,164,19,21.5,18.1,1.7,0.1,nonwheat_April,nonwheat,No,No
M22_16S_g08_A11,March,LENVT,Pinus_taeda,forest1,p082,M22_1575,Jointing,3/14/23,nonwheat,nonwheat,,sample,8,2,5,NA,NA,NA,NA,NA,17.4,35.3752778,-77.55694444,3500,13.4,268,NA,NA,NA,NA,NA,NA,NA,NA,NA,NA,NA,NA,NA,NA,NA,NA,NA,NA,NA,NA,NA,NA,NA,NA,NA,NA,NA,NA,NA,NA,NA,NA,nonwheat_March,nonwheat,No,No
M22_16S_g08_B02,April,LENVT,Pinus_taeda,forest,p111,M22_0105,Heading,4/20/23,nonwheat,nonwheat,,sample,8,2,5,NA,NA,NA,NA,NA,10.8,35.3752778,-77.55694444,3000,16.4,335,NA,NA,NA,NA,NA,NA,NA,NA,NA,NA,NA,NA,NA,NA,NA,NA,NA,2.22,0.81,7.5,59,3.1,4.9,112,168,596,121,23,4.3,3.4,0.6,0.2,nonwheat_April,nonwheat,No,No
M22_16S_g08_F02,March,ROBVT,Pinus_taeda,forest2,p109,M22_1928,Jointing,3/21/23,nonwheat,nonwheat,,sample,8,2,5,NA,NA,NA,NA,NA,3.8,34.5103085,-79.3046322,2000,14.7,239,NA,NA,NA,NA,NA,NA,NA,NA,NA,NA,NA,NA,NA,NA,NA,NA,NA,NA,NA,NA,NA,NA,NA,NA,NA,NA,NA,NA,NA,NA,NA,NA,nonwheat_March,nonwheat,No,No
M22_16S_g08_H01,March,ROBVT,Pinus_taeda,forest2,p105,M22_1924,Jointing,3/21/23,nonwheat,nonwheat,,sample,8,2,0.04,NA,NA,NA,NA,NA,3.8,34.5103085,-79.3046322,3500,14.7,239,NA,NA,NA,NA,NA,NA,NA,NA,NA,NA,NA,NA,NA,NA,NA,NA,NA,NA,NA,NA,NA,NA,NA,NA,NA,NA,NA,NA,NA,NA,NA,NA,nonwheat_March,nonwheat,No,No
M22_16S_g08_H02,March,ROBVT,Pinus_taeda,forest2,p106,M22_1925,Jointing,3/21/23,nonwheat,nonwheat,,sample,8,2,5,NA,NA,NA,NA,NA,3.8,34.5103085,-79.3046322,3500,14.7,239,NA,NA,NA,NA,NA,NA,NA,NA,NA,NA,NA,NA,NA,NA,NA,NA,NA,NA,NA,NA,NA,NA,NA,NA,NA,NA,NA,NA,NA,NA,NA,NA,nonwheat_March,nonwheat,No,No
M22_16S_g09_F10,April,LENVT,Pinus_taeda,forest,p115,M22_0109,Heading,4/20/23,nonwheat,nonwheat,,sample,9,3,5,NA,NA,NA,NA,NA,10.8,35.3752778,-77.55694444,2000,16.4,335,NA,NA,NA,NA,NA,NA,NA,NA,NA,NA,NA,NA,NA,NA,NA,NA,NA,2.22,0.81,7.5,59,3.1,4.9,112,168,596,121,23,4.3,3.4,0.6,0.2,nonwheat_April,nonwheat,No,No
M22_16S_g09_G08,April,ROBVT,Pinus_taeda,forest2,p108,M22_0546,Heading,4/24/23,nonwheat,nonwheat,,sample,9,3,5,NA,NA,NA,NA,NA,7.5,34.5103085,-79.3046322,3000,18.1,296,NA,NA,NA,NA,NA,NA,NA,NA,NA,NA,NA,NA,NA,NA,NA,NA,NA,0.36,1.11,5,39,3.1,4.3,8,46,262,61,9,4.4,3.6,0.2,0.1,nonwheat_April,nonwheat,No,No
M22_16S_g10_A04,March,ROBVT,Pinus_taeda,forest2,p103,M22_1922,Jointing,3/21/23,nonwheat,nonwheat,,sample,10,3,5,NA,NA,NA,NA,NA,3.8,34.5103085,-79.3046322,3500,14.7,239,NA,NA,NA,NA,NA,NA,NA,NA,NA,NA,NA,NA,NA,NA,NA,NA,NA,NA,NA,NA,NA,NA,NA,NA,NA,NA,NA,NA,NA,NA,NA,NA,nonwheat_March,nonwheat,No,No
M22_16S_g10_D12,March,WAKMP,Pinus_taeda,forest,p098,M22_2500,Jointing,3/10/23,nonwheat,nonwheat,,sample,10,3,5,NA,NA,NA,NA,NA,26.4,35.7344444,-78.70138889,50,12.7,324,NA,NA,NA,NA,NA,NA,NA,NA,NA,NA,NA,NA,NA,NA,NA,NA,NA,0.81,0.6,10.6,65,3.7,4.9,48,225,805,281,18,66.8,49.2,2.6,0.1,nonwheat_March,nonwheat,No,No
M22_16S_g10_H03,April,WAKMP,Pinus_taeda,forest,p117,M22_1170,Heading,4/19/23,nonwheat,nonwheat,,sample,10,3,5,NA,NA,NA,NA,NA,23.4,35.7344444,-78.70138889,500,16,419,NA,NA,NA,NA,NA,NA,NA,NA,NA,NA,NA,NA,NA,NA,NA,NA,NA,0.56,0.83,7.7,56,3.4,4.8,37,153,518,164,19,21.5,18.1,1.7,0.1,nonwheat_April,nonwheat,No,No
M22_16S_g11_C01,March,ROBVT,Pinus_taeda,forest2,p104,M22_1923,Jointing,3/21/23,nonwheat,nonwheat,,sample,11,3,5,NA,NA,NA,NA,NA,3.8,34.5103085,-79.3046322,3500,14.7,239,NA,NA,NA,NA,NA,NA,NA,NA,NA,NA,NA,NA,NA,NA,NA,NA,NA,NA,NA,NA,NA,NA,NA,NA,NA,NA,NA,NA,NA,NA,NA,NA,nonwheat_March,nonwheat,No,No
M22_16S_g11_G01,April,WAKMP,Pinus_taeda,forest,p111,M22_1164,Heading,4/19/23,nonwheat,nonwheat,,sample,11,3,0.33,NA,NA,NA,NA,NA,23.4,35.7344444,-78.70138889,1000,16,419,NA,NA,NA,NA,NA,NA,NA,NA,NA,NA,NA,NA,NA,NA,NA,NA,NA,0.56,0.83,7.7,56,3.4,4.8,37,153,518,164,19,21.5,18.1,1.7,0.1,nonwheat_April,nonwheat,No,No
M22_16S_g13_E06,April,LENVT,Pinus_taeda,forest,p119,M22_0113,Heading,4/20/23,nonwheat,nonwheat,,sample,13,4,5,NA,NA,NA,NA,NA,10.8,35.3752778,-77.55694444,3000,16.4,335,NA,NA,NA,NA,NA,NA,NA,NA,NA,NA,NA,NA,NA,NA,NA,NA,NA,2.22,0.81,7.5,59,3.1,4.9,112,168,596,121,23,4.3,3.4,0.6,0.2,nonwheat_April,nonwheat,No,No
M22_16S_g13_H01,April,LENVT,Pinus_taeda,forest,p120,M22_0114,Heading,4/20/23,nonwheat,nonwheat,,sample,13,4,0.21,NA,NA,NA,NA,NA,10.8,35.3752778,-77.55694444,3000,16.4,335,NA,NA,NA,NA,NA,NA,NA,NA,NA,NA,NA,NA,NA,NA,NA,NA,NA,2.22,0.81,7.5,59,3.1,4.9,112,168,596,121,23,4.3,3.4,0.6,0.2,nonwheat_April,nonwheat,No,No
M22_16S_g14_A07,April,ROBVT,Pinus_taeda,forest2,p103,M22_0541,Heading,4/24/23,nonwheat,nonwheat,,sample,14,4,5,NA,NA,NA,NA,NA,7.5,34.5103085,-79.3046322,2000,18.1,296,NA,NA,NA,NA,NA,NA,NA,NA,NA,NA,NA,NA,NA,NA,NA,NA,NA,0.36,1.11,5,39,3.1,4.3,8,46,262,61,9,4.4,3.6,0.2,0.1,nonwheat_April,nonwheat,No,No
M22_16S_g15_F05,April,LENVT,Pinus_taeda,forest,p117,M22_0111,Heading,4/20/23,nonwheat,nonwheat,,sample,15,4,5,NA,NA,NA,NA,NA,10.8,35.3752778,-77.55694444,3000,16.4,335,NA,NA,NA,NA,NA,NA,NA,NA,NA,NA,NA,NA,NA,NA,NA,NA,NA,2.22,0.81,7.5,59,3.1,4.9,112,168,596,121,23,4.3,3.4,0.6,0.2,nonwheat_April,nonwheat,No,No
M22_16S_g16_F11,March,LENVT,Pinus_taeda,forest2,p086,M22_1579,Jointing,3/14/23,nonwheat,nonwheat,,sample,16,4,5,NA,NA,NA,NA,NA,10.1,35.3744444,-77.55944444,1000,13.4,268,NA,NA,NA,NA,NA,NA,NA,NA,NA,NA,NA,NA,NA,NA,NA,NA,NA,NA,NA,NA,NA,NA,NA,NA,NA,NA,NA,NA,NA,NA,NA,NA,nonwheat_March,nonwheat,No,No
M22_16S_g17_A03,March,LENVT,Pinus_taeda,forest2,p087,M22_1580,Jointing,3/14/23,nonwheat,nonwheat,,sample,17,5,5,NA,NA,NA,NA,NA,10.1,35.3744444,-77.55944444,1000,13.4,268,NA,NA,NA,NA,NA,NA,NA,NA,NA,NA,NA,NA,NA,NA,NA,NA,NA,NA,NA,NA,NA,NA,NA,NA,NA,NA,NA,NA,NA,NA,NA,NA,nonwheat_March,nonwheat,No,No
M22_16S_g17_D04,March,LENVT,Pinus_taeda,forest2,p089,M22_1582,Jointing,3/14/23,nonwheat,nonwheat,,sample,17,5,5,NA,NA,NA,NA,NA,10.1,35.3744444,-77.55944444,1000,13.4,268,NA,NA,NA,NA,NA,NA,NA,NA,NA,NA,NA,NA,NA,NA,NA,NA,NA,NA,NA,NA,NA,NA,NA,NA,NA,NA,NA,NA,NA,NA,NA,NA,nonwheat_March,nonwheat,No,No
M22_16S_g19_G10,April,ROBVT,Pinus_taeda,forest2,p102,M22_0540,Heading,4/24/23,nonwheat,nonwheat,,sample,19,5,5,NA,NA,NA,NA,NA,7.5,34.5103085,-79.3046322,2000,18.1,296,NA,NA,NA,NA,NA,NA,NA,NA,NA,NA,NA,NA,NA,NA,NA,NA,NA,0.36,1.11,5,39,3.1,4.3,8,46,262,61,9,4.4,3.6,0.2,0.1,nonwheat_April,nonwheat,No,No
M22_16S_g20_F06,March,WAKMP,Pinus_taeda,forest,p100,M22_2502,Jointing,3/10/23,nonwheat,nonwheat,,sample,20,5,5,NA,NA,NA,NA,NA,26.4,35.7344444,-78.70138889,50,12.7,324,NA,NA,NA,NA,NA,NA,NA,NA,NA,NA,NA,NA,NA,NA,NA,NA,NA,0.81,0.6,10.6,65,3.7,4.9,48,225,805,281,18,66.8,49.2,2.6,0.1,nonwheat_March,nonwheat,No,No
M22_16S_g21_H05,March,WAKMP,Pinus_taeda,forest,p094,M22_2487,Jointing,3/10/23,nonwheat,nonwheat,,sample,21,6,5,NA,NA,NA,NA,NA,26.4,35.7344444,-78.70138889,3000,12.7,324,NA,NA,NA,NA,NA,NA,NA,NA,NA,NA,NA,NA,NA,NA,NA,NA,NA,0.81,0.6,10.6,65,3.7,4.9,48,225,805,281,18,66.8,49.2,2.6,0.1,nonwheat_March,nonwheat,No,No
M22_16S_g22_D08,April,LENVT,Pinus_taeda,forest,p112,M22_0106,Heading,4/20/23,nonwheat,nonwheat,,sample,22,6,5,NA,NA,NA,NA,NA,10.8,35.3752778,-77.55694444,3000,16.4,335,NA,NA,NA,NA,NA,NA,NA,NA,NA,NA,NA,NA,NA,NA,NA,NA,NA,2.22,0.81,7.5,59,3.1,4.9,112,168,596,121,23,4.3,3.4,0.6,0.2,nonwheat_April,nonwheat,No,No
M22_16S_g24_H05,March,LENVT,Pinus_taeda,forest2,p084,M22_1577,Jointing,3/14/23,nonwheat,nonwheat,,sample,24,6,5,NA,NA,NA,NA,NA,10.1,35.3744444,-77.55944444,1000,13.4,268,NA,NA,NA,NA,NA,NA,NA,NA,NA,NA,NA,NA,NA,NA,NA,NA,NA,NA,NA,NA,NA,NA,NA,NA,NA,NA,NA,NA,NA,NA,NA,NA,nonwheat_March,nonwheat,No,No
M22_16S_g25_D01,April,ROBVT,Pinus_taeda,forest2,p109,M22_0547,Heading,4/24/23,nonwheat,nonwheat,,sample,25,7,5,NA,NA,NA,NA,NA,7.5,34.5103085,-79.3046322,2000,18.1,296,NA,NA,NA,NA,NA,NA,NA,NA,NA,NA,NA,NA,NA,NA,NA,NA,NA,0.36,1.11,5,39,3.1,4.3,8,46,262,61,9,4.4,3.6,0.2,0.1,nonwheat_April,nonwheat,No,No
M22_16S_g26_A03,March,WAKMP,Pinus_taeda,forest,p093,M22_2486,Jointing,3/10/23,nonwheat,nonwheat,,sample,26,7,5,NA,NA,NA,NA,NA,26.4,35.7344444,-78.70138889,90,12.7,324,NA,NA,NA,NA,NA,NA,NA,NA,NA,NA,NA,NA,NA,NA,NA,NA,NA,0.81,0.6,10.6,65,3.7,4.9,48,225,805,281,18,66.8,49.2,2.6,0.1,nonwheat_March,nonwheat,No,No
M22_16S_g26_A08,March,ROBVT,Pinus_taeda,forest2,p108,M22_1927,Jointing,3/21/23,nonwheat,nonwheat,,sample,26,7,5,NA,NA,NA,NA,NA,3.8,34.5103085,-79.3046322,3500,14.7,239,NA,NA,NA,NA,NA,NA,NA,NA,NA,NA,NA,NA,NA,NA,NA,NA,NA,NA,NA,NA,NA,NA,NA,NA,NA,NA,NA,NA,NA,NA,NA,NA,nonwheat_March,nonwheat,No,No
M22_16S_g26_C07,April,ROBVT,Pinus_taeda,forest2,p105,M22_0543,Heading,4/24/23,nonwheat,nonwheat,,sample,26,7,5,NA,NA,NA,NA,NA,7.5,34.5103085,-79.3046322,3000,18.1,296,NA,NA,NA,NA,NA,NA,NA,NA,NA,NA,NA,NA,NA,NA,NA,NA,NA,0.36,1.11,5,39,3.1,4.3,8,46,262,61,9,4.4,3.6,0.2,0.1,nonwheat_April,nonwheat,No,No
M22_16S_g26_D05,April,ROBVT,Pinus_taeda,forest2,p107,M22_0545,Heading,4/24/23,nonwheat,nonwheat,,sample,26,7,5,NA,NA,NA,NA,NA,7.5,34.5103085,-79.3046322,2000,18.1,296,NA,NA,NA,NA,NA,NA,NA,NA,NA,NA,NA,NA,NA,NA,NA,NA,NA,0.36,1.11,5,39,3.1,4.3,8,46,262,61,9,4.4,3.6,0.2,0.1,nonwheat_April,nonwheat,No,No
M22_16S_g26_F03,April,WAKMP,Pinus_taeda,forest,p114,M22_1167,Heading,4/19/23,nonwheat,nonwheat,,sample,26,7,5,NA,NA,NA,NA,NA,23.4,35.7344444,-78.70138889,2000,16,419,NA,NA,NA,NA,NA,NA,NA,NA,NA,NA,NA,NA,NA,NA,NA,NA,NA,0.56,0.83,7.7,56,3.4,4.8,37,153,518,164,19,21.5,18.1,1.7,0.1,nonwheat_April,nonwheat,No,No
M22_16S_g26_F04,March,WAKMP,Pinus_taeda,forest,p099,M22_2501,Jointing,3/10/23,nonwheat,nonwheat,,sample,26,7,5,NA,NA,NA,NA,NA,26.4,35.7344444,-78.70138889,90,12.7,324,NA,NA,NA,NA,NA,NA,NA,NA,NA,NA,NA,NA,NA,NA,NA,NA,NA,0.81,0.6,10.6,65,3.7,4.9,48,225,805,281,18,66.8,49.2,2.6,0.1,nonwheat_March,nonwheat,No,No
M22_16S_g26_H10,March,ROBVT,Pinus_taeda,forest2,p107,M22_1926,Jointing,3/21/23,nonwheat,nonwheat,,sample,26,7,5,NA,NA,NA,NA,NA,3.8,34.5103085,-79.3046322,3500,14.7,239,NA,NA,NA,NA,NA,NA,NA,NA,NA,NA,NA,NA,NA,NA,NA,NA,NA,NA,NA,NA,NA,NA,NA,NA,NA,NA,NA,NA,NA,NA,NA,NA,nonwheat_March,nonwheat,No,No
M22_16S_g27_G10,April,WAKMP,Pinus_taeda,forest,p118,M22_1171,Heading,4/19/23,nonwheat,nonwheat,,sample,27,7,5,NA,NA,NA,NA,NA,23.4,35.7344444,-78.70138889,500,16,419,NA,NA,NA,NA,NA,NA,NA,NA,NA,NA,NA,NA,NA,NA,NA,NA,NA,0.56,0.83,7.7,56,3.4,4.8,37,153,518,164,19,21.5,18.1,1.7,0.1,nonwheat_April,nonwheat,No,No
M22_16S_g27_H06,April,LENVT,Pinus_taeda,forest,p113,M22_0107,Heading,4/20/23,nonwheat,nonwheat,,sample,27,7,5,NA,NA,NA,NA,NA,10.8,35.3752778,-77.55694444,1000,16.4,335,NA,NA,NA,NA,NA,NA,NA,NA,NA,NA,NA,NA,NA,NA,NA,NA,NA,2.22,0.81,7.5,59,3.1,4.9,112,168,596,121,23,4.3,3.4,0.6,0.2,nonwheat_April,nonwheat,No,No
M22_16S_g28_C11,April,WAKMP,Pinus_taeda,forest,p113,M22_1166,Heading,4/19/23,nonwheat,nonwheat,,sample,28,7,5,NA,NA,NA,NA,NA,23.4,35.7344444,-78.70138889,2000,16,419,NA,NA,NA,NA,NA,NA,NA,NA,NA,NA,NA,NA,NA,NA,NA,NA,NA,0.56,0.83,7.7,56,3.4,4.8,37,153,518,164,19,21.5,18.1,1.7,0.1,nonwheat_April,nonwheat,No,No
M22_16S_g28_G09,March,LENVT,Pinus_taeda,forest1,p081,M22_1574,Jointing,3/14/23,nonwheat,nonwheat,,sample,28,7,5,NA,NA,NA,NA,NA,17.4,35.3752778,-77.55694444,1000,13.4,268,NA,NA,NA,NA,NA,NA,NA,NA,NA,NA,NA,NA,NA,NA,NA,NA,NA,NA,NA,NA,NA,NA,NA,NA,NA,NA,NA,NA,NA,NA,NA,NA,nonwheat_March,nonwheat,No,No
M22_16S_g28_G10,April,WAKMP,Pinus_taeda,forest,p119,M22_1172,Heading,4/19/23,nonwheat,nonwheat,,sample,28,7,5,NA,NA,NA,NA,NA,23.4,35.7344444,-78.70138889,2000,16,419,NA,NA,NA,NA,NA,NA,NA,NA,NA,NA,NA,NA,NA,NA,NA,NA,NA,0.56,0.83,7.7,56,3.4,4.8,37,153,518,164,19,21.5,18.1,1.7,0.1,nonwheat_April,nonwheat,No,No
M22_16S_g29_H06,March,LENVT,Pinus_taeda,forest2,p088,M22_1581,Jointing,3/14/23,nonwheat,nonwheat,,sample,29,8,5,NA,NA,NA,NA,NA,10.1,35.3744444,-77.55944444,1000,13.4,268,NA,NA,NA,NA,NA,NA,NA,NA,NA,NA,NA,NA,NA,NA,NA,NA,NA,NA,NA,NA,NA,NA,NA,NA,NA,NA,NA,NA,NA,NA,NA,NA,nonwheat_March,nonwheat,No,No
M22_16S_g30_H06,April,WAKMP,Pinus_taeda,forest,p115,M22_1168,Heading,4/19/23,nonwheat,nonwheat,,sample,30,8,5,NA,NA,NA,NA,NA,23.4,35.7344444,-78.70138889,500,16,419,NA,NA,NA,NA,NA,NA,NA,NA,NA,NA,NA,NA,NA,NA,NA,NA,NA,0.56,0.83,7.7,56,3.4,4.8,37,153,518,164,19,21.5,18.1,1.7,0.1,nonwheat_April,nonwheat,No,No
M22_16S_g04_B04,April,WAKMP,Plantago_cf_virginica,t1p1,p040,M22_1213,Heading,4/19/23,nonwheat,nonwheat,,sample,4,1,5,NA,NA,NA,NA,NA,27.7,35.734453,-78.701374,12,16,419,NA,NA,NA,NA,NA,NA,NA,NA,NA,NA,NA,NA,NA,NA,NA,NA,NA,0.32,1.02,8.6,84,1.4,6,429,167,1059,181,18,18.9,20,1.3,0.1,nonwheat_April,nonwheat,No,Yes
M22_16S_g05_B03,March,WAKMP,Plantago_cf_virginica,t1p2,p007,M22_2537,Jointing,3/10/23,nonwheat,nonwheat,,sample,5,2,5,NA,NA,NA,NA,NA,21.7,35.73445085,-78.70144717,1,12.7,324,NA,NA,NA,NA,NA,NA,NA,NA,NA,NA,NA,NA,NA,NA,NA,NA,NA,0.36,1.015,6.65,70,1.8,5.35,253,113.5,675,146.5,29,20.85,12.55,1.1,0.05,nonwheat_March,nonwheat,No,Yes
M22_16S_g07_D02,March,WAKMP,Plantago_cf_virginica,t1p1,p005,M22_2522,Jointing,3/10/23,nonwheat,nonwheat,,sample,7,2,5,NA,NA,NA,NA,NA,26.3,35.734453,-78.701374,3,12.7,324,NA,NA,NA,NA,NA,NA,NA,NA,NA,NA,NA,NA,NA,NA,NA,NA,NA,0.36,1,8.3,82,1.5,5.8,325,87,977,208,28,20,19.5,1.3,0.1,nonwheat_March,nonwheat,No,Yes
M22_16S_g07_E09,March,WAKMP,Plantago_cf_virginica,t1p2,p046,M22_2546,Jointing,3/10/23,nonwheat,nonwheat,,sample,7,2,5,NA,NA,NA,NA,NA,21.7,35.73445085,-78.70144717,1,12.7,324,NA,NA,NA,NA,NA,NA,NA,NA,NA,NA,NA,NA,NA,NA,NA,NA,NA,0.36,1.015,6.65,70,1.8,5.35,253,113.5,675,146.5,29,20.85,12.55,1.1,0.05,nonwheat_March,nonwheat,No,Yes
M22_16S_g07_F07,April,WAKMP,Plantago_cf_virginica,t1p3,p033,M22_1227,Heading,4/19/23,nonwheat,nonwheat,,sample,7,2,5,NA,NA,NA,NA,NA,27.5,35.7344487,-78.70152033,13,16,419,NA,NA,NA,NA,NA,NA,NA,NA,NA,NA,NA,NA,NA,NA,NA,NA,NA,0.36,1.05,7.4,78,1.6,5.8,232,118,806,176,16,15.3,17.2,1.1,0.1,nonwheat_April,nonwheat,No,Yes
M22_16S_g08_B04,April,WAKMP,Plantago_cf_virginica,t1p1,p039,M22_1212,Heading,4/19/23,nonwheat,nonwheat,,sample,8,2,5,NA,NA,NA,NA,NA,27.7,35.734453,-78.701374,11,16,419,NA,NA,NA,NA,NA,NA,NA,NA,NA,NA,NA,NA,NA,NA,NA,NA,NA,0.32,1.02,8.6,84,1.4,6,429,167,1059,181,18,18.9,20,1.3,0.1,nonwheat_April,nonwheat,No,Yes
M22_16S_g12_C08,March,WAKMP,Plantago_cf_virginica,t1p2,p047,M22_2547,Jointing,3/10/23,nonwheat,nonwheat,,sample,12,3,5,NA,NA,NA,NA,NA,21.7,35.73445085,-78.70144717,1,12.7,324,NA,NA,NA,NA,NA,NA,NA,NA,NA,NA,NA,NA,NA,NA,NA,NA,NA,0.36,1.015,6.65,70,1.8,5.35,253,113.5,675,146.5,29,20.85,12.55,1.1,0.05,nonwheat_March,nonwheat,No,Yes
M22_16S_g16_H12,April,WAKMP,Plantago_cf_virginica,t1p3,p034,M22_1228,Heading,4/19/23,nonwheat,nonwheat,,sample,16,4,5,NA,NA,NA,NA,NA,27.5,35.7344487,-78.70152033,8,16,419,NA,NA,NA,NA,NA,NA,NA,NA,NA,NA,NA,NA,NA,NA,NA,NA,NA,0.36,1.05,7.4,78,1.6,5.8,232,118,806,176,16,15.3,17.2,1.1,0.1,nonwheat_April,nonwheat,No,Yes
M22_16S_g17_D11,March,WAKMP,Plantago_cf_virginica,t1p3,p043,M22_2576,Jointing,3/10/23,nonwheat,nonwheat,,sample,17,5,5,NA,NA,NA,NA,NA,19.5,35.7344487,-78.70152033,3,12.7,324,NA,NA,NA,NA,NA,NA,NA,NA,NA,NA,NA,NA,NA,NA,NA,NA,NA,0.36,1.03,5,58,2.1,4.9,181,140,373,85,30,21.7,5.6,0.9,0,nonwheat_March,nonwheat,No,Yes
M22_16S_g17_G07,March,WAKMP,Plantago_cf_virginica,t1p3,p044,M22_2577,Jointing,3/10/23,nonwheat,nonwheat,,sample,17,5,5,NA,NA,NA,NA,NA,19.5,35.7344487,-78.70152033,2,12.7,324,NA,NA,NA,NA,NA,NA,NA,NA,NA,NA,NA,NA,NA,NA,NA,NA,NA,0.36,1.03,5,58,2.1,4.9,181,140,373,85,30,21.7,5.6,0.9,0,nonwheat_March,nonwheat,No,Yes
M22_16S_g19_D06,April,WAKMP,Plantago_cf_virginica,t1p3,p035,M22_1229,Heading,4/19/23,nonwheat,nonwheat,,sample,19,5,5,NA,NA,NA,NA,NA,27.5,35.7344487,-78.70152033,15,16,419,NA,NA,NA,NA,NA,NA,NA,NA,NA,NA,NA,NA,NA,NA,NA,NA,NA,0.36,1.05,7.4,78,1.6,5.8,232,118,806,176,16,15.3,17.2,1.1,0.1,nonwheat_April,nonwheat,No,Yes
M22_16S_g21_B05,March,WAKMP,Plantago_cf_virginica,t1p3,p014,M22_2561,Jointing,3/10/23,nonwheat,nonwheat,,sample,21,6,5,NA,NA,NA,NA,NA,19.5,35.7344487,-78.70152033,3,12.7,324,NA,NA,NA,NA,NA,NA,NA,NA,NA,NA,NA,NA,NA,NA,NA,NA,NA,0.36,1.03,5,58,2.1,4.9,181,140,373,85,30,21.7,5.6,0.9,0,nonwheat_March,nonwheat,No,Yes
M22_16S_g23_D04,April,WAKMP,Plantago_cf_virginica,t1p2,p037,M22_1219,Heading,4/19/23,nonwheat,nonwheat,,sample,23,6,5,NA,NA,NA,NA,NA,22.2,35.73445085,-78.70144717,16,16,419,NA,NA,NA,NA,NA,NA,NA,NA,NA,NA,NA,NA,NA,NA,NA,NA,NA,0.34,1.035,8,81,1.5,5.9,330.5,142.5,932.5,178.5,17,17.1,18.6,1.2,0.1,nonwheat_April,nonwheat,No,Yes
M22_16S_g24_B05,April,WAKMP,Plantago_cf_virginica,t1p3,p036,M22_1230,Heading,4/19/23,nonwheat,nonwheat,,sample,24,6,5,NA,NA,NA,NA,NA,27.5,35.7344487,-78.70152033,16,16,419,NA,NA,NA,NA,NA,NA,NA,NA,NA,NA,NA,NA,NA,NA,NA,NA,NA,0.36,1.05,7.4,78,1.6,5.8,232,118,806,176,16,15.3,17.2,1.1,0.1,nonwheat_April,nonwheat,No,Yes
M22_16S_g27_B11,April,WAKMP,Plantago_cf_virginica,t1p2,p038,M22_1220,Heading,4/19/23,nonwheat,nonwheat,,sample,27,7,5,NA,NA,NA,NA,NA,22.2,35.73445085,-78.70144717,17,16,419,NA,NA,NA,NA,NA,NA,NA,NA,NA,NA,NA,NA,NA,NA,NA,NA,NA,0.34,1.035,8,81,1.5,5.9,330.5,142.5,932.5,178.5,17,17.1,18.6,1.2,0.1,nonwheat_April,nonwheat,No,Yes
M22_16S_g27_D01,March,WAKMP,Plantago_cf_virginica,t1p3,p042,M22_2575,Jointing,3/10/23,nonwheat,nonwheat,,sample,27,7,5,NA,NA,NA,NA,NA,19.5,35.7344487,-78.70152033,3,12.7,324,NA,NA,NA,NA,NA,NA,NA,NA,NA,NA,NA,NA,NA,NA,NA,NA,NA,0.36,1.03,5,58,2.1,4.9,181,140,373,85,30,21.7,5.6,0.9,0,nonwheat_March,nonwheat,No,Yes
M22_16S_g27_G09,April,WAKMP,Plantago_cf_virginica,t1p4,p032,M22_1255,Heading,4/19/23,nonwheat,nonwheat,,sample,27,7,5,NA,NA,NA,NA,NA,20.2,35.73444655,-78.7015935,15,16,419,NA,NA,NA,NA,NA,NA,NA,NA,NA,NA,NA,NA,NA,NA,NA,NA,NA,0.41,1.05,6.75,72.5,1.8,5.5,198,103,706,140,25.5,14.9,11.35,1.15,0.1,nonwheat_April,nonwheat,No,Yes
M22_16S_g30_A06,March,WAKMP,Plantago_cf_virginica,t1p1,p002,M22_2519,Jointing,3/10/23,nonwheat,nonwheat,,sample,30,8,5,NA,NA,NA,NA,NA,26.3,35.734453,-78.701374,1,12.7,324,NA,NA,NA,NA,NA,NA,NA,NA,NA,NA,NA,NA,NA,NA,NA,NA,NA,0.36,1,8.3,82,1.5,5.8,325,87,977,208,28,20,19.5,1.3,0.1,nonwheat_March,nonwheat,No,Yes
M22_16S_g30_C02,April,WAKMP,Plantago_cf_virginica,t1p4,p031,M22_1254,Heading,4/19/23,nonwheat,nonwheat,,sample,30,8,5,NA,NA,NA,NA,NA,20.2,35.73444655,-78.7015935,14,16,419,NA,NA,NA,NA,NA,NA,NA,NA,NA,NA,NA,NA,NA,NA,NA,NA,NA,0.41,1.05,6.75,72.5,1.8,5.5,198,103,706,140,25.5,14.9,11.35,1.15,0.1,nonwheat_April,nonwheat,No,Yes
M22_16S_g30_H01,March,WAKMP,Plantago_cf_virginica,t1p2,p045,M22_2545,Jointing,3/10/23,nonwheat,nonwheat,,sample,30,8,5,NA,NA,NA,NA,NA,21.7,35.73445085,-78.70144717,1,12.7,324,NA,NA,NA,NA,NA,NA,NA,NA,NA,NA,NA,NA,NA,NA,NA,NA,NA,0.36,1.015,6.65,70,1.8,5.35,253,113.5,675,146.5,29,20.85,12.55,1.1,0.05,nonwheat_March,nonwheat,No,Yes
M22_16S_g01_C09,April,ROWVT,Plantago_lanceolata,t1p1,p040,M22_0748,Heading,4/27/23,nonwheat,nonwheat,,sample,1,1,5,NA,NA,NA,NA,NA,20.8,35.696458,-80.623031,15,15,469,NA,NA,NA,NA,NA,NA,NA,NA,NA,NA,NA,NA,NA,NA,NA,NA,NA,0.41,0.73,13.3,88,1.6,6.3,119,276,1518,425,20,42.2,10.1,4.9,0.1,nonwheat_April,nonwheat,No,Yes
M22_16S_g01_D06,April,ROWVT,Plantago_lanceolata,t1p3,p036,M22_0780,Heading,4/27/23,nonwheat,nonwheat,,sample,1,1,5,NA,NA,NA,NA,NA,18.9,35.69656235,-80.62304328,18,15,469,NA,NA,NA,NA,NA,NA,NA,NA,NA,NA,NA,NA,NA,NA,NA,NA,NA,0.46,0.84,11.1,88,1.3,6.2,65,243,1252,347,24,111.3,7.8,4.6,0.1,nonwheat_April,nonwheat,No,Yes
M22_16S_g04_E06,March,ROWVT,Plantago_lanceolata,t1p5,p034,M22_2151,Jointing,3/15/23,nonwheat,nonwheat,,sample,4,1,5,NA,NA,NA,NA,NA,36.5,35.6966667,-80.62305556,1,11.7,390,NA,NA,NA,NA,NA,NA,NA,NA,NA,NA,NA,NA,NA,NA,NA,NA,NA,0.36,0.87,8.8,81,1.6,5.9,25,197,913,260,15,130,4.6,5.2,0.1,nonwheat_March,nonwheat,No,Yes
M22_16S_g05_A11,April,ROWVT,Plantago_lanceolata,t2p4,p093,M22_0844,Heading,4/27/23,nonwheat,nonwheat,,sample,5,2,5,NA,NA,NA,NA,NA,12.5,35.69639293,-80.62234192,15,15,469,NA,NA,NA,NA,NA,NA,NA,NA,NA,NA,NA,NA,NA,NA,NA,NA,NA,0.51,0.815,10.3,82.5,1.8,5.85,50,253.5,1119,276.5,13,89.75,6.9,2.95,0.1,nonwheat_April,nonwheat,No,Yes
M22_16S_g05_H11,April,ROWVT,Plantago_lanceolata,t2p5,p091,M22_0852,Heading,4/27/23,nonwheat,nonwheat,,sample,5,2,5,NA,NA,NA,NA,NA,9.6,35.6963889,-80.62222222,10,15,469,NA,NA,NA,NA,NA,NA,NA,NA,NA,NA,NA,NA,NA,NA,NA,NA,NA,0.46,0.86,9.8,84,1.6,6,45,253,1084,263,11,88.9,6,3,0.1,nonwheat_April,nonwheat,No,Yes
M22_16S_g07_A03,April,ROWVT,Plantago_lanceolata,t1p4,p033,M22_0791,Heading,4/27/23,nonwheat,nonwheat,,sample,7,2,5,NA,NA,NA,NA,NA,18.2,35.69661453,-80.62304942,14,15,469,NA,NA,NA,NA,NA,NA,NA,NA,NA,NA,NA,NA,NA,NA,NA,NA,NA,0.485,0.775,11.5,86,1.6,6.1,96.5,213,1293.5,349,20,82.15,8.2,4,0.1,nonwheat_April,nonwheat,No,Yes
M22_16S_g09_A06,April,ROWVT,Plantago_lanceolata,t1p2,p038,M22_0760,Heading,4/27/23,nonwheat,nonwheat,,sample,9,3,5,NA,NA,NA,NA,NA,17.4,35.69651018,-80.62303714,16,15,469,NA,NA,NA,NA,NA,NA,NA,NA,NA,NA,NA,NA,NA,NA,NA,NA,NA,0.435,0.785,12.2,88,1.45,6.25,92,259.5,1385,386,22,76.75,8.95,4.75,0.1,nonwheat_April,nonwheat,No,Yes
M22_16S_g09_F01,March,ROWVT,Plantago_lanceolata,t1p5,p031,M22_2148,Jointing,3/15/23,nonwheat,nonwheat,,sample,9,3,5,NA,NA,NA,NA,NA,36.5,35.6966667,-80.62305556,1,11.7,390,NA,NA,NA,NA,NA,NA,NA,NA,NA,NA,NA,NA,NA,NA,NA,NA,NA,0.36,0.87,8.8,81,1.6,5.9,25,197,913,260,15,130,4.6,5.2,0.1,nonwheat_March,nonwheat,No,Yes
M22_16S_g10_H12,April,ROWVT,Plantago_lanceolata,t2p1,p100,M22_0821,Heading,4/27/23,nonwheat,nonwheat,,sample,10,3,5,NA,NA,NA,NA,NA,15.3,35.696405,-80.622701,16,15,469,NA,NA,NA,NA,NA,NA,NA,NA,NA,NA,NA,NA,NA,NA,NA,NA,NA,0.6,0.86,8.1,70,2.4,5.2,48,206,746,176,17,42.1,8.7,2.9,0.1,nonwheat_April,nonwheat,No,Yes
M22_16S_g11_E08,April,ROWVT,Plantago_lanceolata,t2p1,p099,M22_0820,Heading,4/27/23,nonwheat,nonwheat,,sample,11,3,5,NA,NA,NA,NA,NA,15.3,35.696405,-80.622701,16,15,469,NA,NA,NA,NA,NA,NA,NA,NA,NA,NA,NA,NA,NA,NA,NA,NA,NA,0.6,0.86,8.1,70,2.4,5.2,48,206,746,176,17,42.1,8.7,2.9,0.1,nonwheat_April,nonwheat,No,Yes
M22_16S_g12_B06,April,ROWVT,Plantago_lanceolata,t2p3,p096,M22_0837,Heading,4/27/23,nonwheat,nonwheat,,sample,12,3,5,NA,NA,NA,NA,NA,11.1,35.69639695,-80.62246161,9,15,469,NA,NA,NA,NA,NA,NA,NA,NA,NA,NA,NA,NA,NA,NA,NA,NA,NA,0.56,0.77,10.8,81,2,5.7,55,254,1154,290,15,90.6,7.8,2.9,0.1,nonwheat_April,nonwheat,No,Yes
M22_16S_g12_C02,April,ROWVT,Plantago_lanceolata,t1p3,p035,M22_0779,Heading,4/27/23,nonwheat,nonwheat,,sample,12,3,5,NA,NA,NA,NA,NA,18.9,35.69656235,-80.62304328,12,15,469,NA,NA,NA,NA,NA,NA,NA,NA,NA,NA,NA,NA,NA,NA,NA,NA,NA,0.46,0.84,11.1,88,1.3,6.2,65,243,1252,347,24,111.3,7.8,4.6,0.1,nonwheat_April,nonwheat,No,Yes
M22_16S_g12_C06,March,ROWVT,Plantago_lanceolata,t1p5,p035,M22_2152,Jointing,3/15/23,nonwheat,nonwheat,,sample,12,3,5,NA,NA,NA,NA,NA,36.5,35.6966667,-80.62305556,1,11.7,390,NA,NA,NA,NA,NA,NA,NA,NA,NA,NA,NA,NA,NA,NA,NA,NA,NA,0.36,0.87,8.8,81,1.6,5.9,25,197,913,260,15,130,4.6,5.2,0.1,nonwheat_March,nonwheat,No,Yes
M22_16S_g12_E11,March,ROWVT,Plantago_lanceolata,t2p5,p050,M22_2190,Jointing,3/15/23,nonwheat,nonwheat,,sample,12,3,5,NA,NA,NA,NA,NA,24.1,35.6963169,-80.62233422,2,11.7,390,NA,NA,NA,NA,NA,NA,NA,NA,NA,NA,NA,NA,NA,NA,NA,NA,NA,0.46,0.72,9.2,79,2,5.6,68,200,957,237,17,111.5,7.6,3.5,0.1,nonwheat_March,nonwheat,No,Yes
M22_16S_g14_B12,April,ROWVT,Plantago_lanceolata,t1p4,p034,M22_0792,Heading,4/27/23,nonwheat,nonwheat,,sample,14,4,5,NA,NA,NA,NA,NA,18.2,35.69661453,-80.62304942,14,15,469,NA,NA,NA,NA,NA,NA,NA,NA,NA,NA,NA,NA,NA,NA,NA,NA,NA,0.485,0.775,11.5,86,1.6,6.1,96.5,213,1293.5,349,20,82.15,8.2,4,0.1,nonwheat_April,nonwheat,No,Yes
M22_16S_g17_C08,March,ROWVT,Plantago_lanceolata,t2p2,p049,M22_2164,Jointing,3/15/23,nonwheat,nonwheat,,sample,17,5,5,NA,NA,NA,NA,NA,25.8,35.69632898,-80.62269331,2,11.7,390,NA,NA,NA,NA,NA,NA,NA,NA,NA,NA,NA,NA,NA,NA,NA,NA,NA,0.46,0.79,8.7,76.5,2.1,5.5,51.5,214.5,835,229.5,19.5,92.1,5.35,3.55,0.1,nonwheat_March,nonwheat,No,Yes
M22_16S_g17_D02,April,ROWVT,Plantago_lanceolata,t1p1,p039,M22_0747,Heading,4/27/23,nonwheat,nonwheat,,sample,17,5,5,NA,NA,NA,NA,NA,20.8,35.696458,-80.623031,21,15,469,NA,NA,NA,NA,NA,NA,NA,NA,NA,NA,NA,NA,NA,NA,NA,NA,NA,0.41,0.73,13.3,88,1.6,6.3,119,276,1518,425,20,42.2,10.1,4.9,0.1,nonwheat_April,nonwheat,No,Yes
M22_16S_g19_E05,April,ROWVT,Plantago_lanceolata,t2p4,p094,M22_0845,Heading,4/27/23,nonwheat,nonwheat,,sample,19,5,5,NA,NA,NA,NA,NA,12.5,35.69639293,-80.62234192,9,15,469,NA,NA,NA,NA,NA,NA,NA,NA,NA,NA,NA,NA,NA,NA,NA,NA,NA,0.51,0.815,10.3,82.5,1.8,5.85,50,253.5,1119,276.5,13,89.75,6.9,2.95,0.1,nonwheat_April,nonwheat,No,Yes
M22_16S_g20_E10,April,ROWVT,Plantago_lanceolata,t2p5,p092,M22_0853,Heading,4/27/23,nonwheat,nonwheat,,sample,20,5,5,NA,NA,NA,NA,NA,9.6,35.6963889,-80.62222222,15,15,469,NA,NA,NA,NA,NA,NA,NA,NA,NA,NA,NA,NA,NA,NA,NA,NA,NA,0.46,0.86,9.8,84,1.6,6,45,253,1084,263,11,88.9,6,3,0.1,nonwheat_April,nonwheat,No,Yes
M22_16S_g21_D12,March,ROWVT,Plantago_lanceolata,t2p1,p047,M22_2154,Jointing,3/15/23,nonwheat,nonwheat,,sample,21,6,5,NA,NA,NA,NA,NA,23.3,35.696333,-80.622813,2,11.7,390,NA,NA,NA,NA,NA,NA,NA,NA,NA,NA,NA,NA,NA,NA,NA,NA,NA,0.51,0.82,8.5,75,2.2,5.4,43,148,834,215,20,90.6,3.6,3.8,0.1,nonwheat_March,nonwheat,No,Yes
M22_16S_g21_E11,March,ROWVT,Plantago_lanceolata,t1p5,p032,M22_2149,Jointing,3/15/23,nonwheat,nonwheat,,sample,21,6,5,NA,NA,NA,NA,NA,36.5,35.6966667,-80.62305556,2,11.7,390,NA,NA,NA,NA,NA,NA,NA,NA,NA,NA,NA,NA,NA,NA,NA,NA,NA,0.36,0.87,8.8,81,1.6,5.9,25,197,913,260,15,130,4.6,5.2,0.1,nonwheat_March,nonwheat,No,Yes
M22_16S_g23_F06,April,ROWVT,Plantago_lanceolata,t2p2,p098,M22_0829,Heading,4/27/23,nonwheat,nonwheat,,sample,23,6,5,NA,NA,NA,NA,NA,14.5,35.69640098,-80.62258131,12,15,469,NA,NA,NA,NA,NA,NA,NA,NA,NA,NA,NA,NA,NA,NA,NA,NA,NA,0.58,0.815,9.45,75.5,2.2,5.45,51.5,230,950,233,16,66.35,8.25,2.9,0.1,nonwheat_April,nonwheat,No,Yes
M22_16S_g23_F09,March,ROWVT,Plantago_lanceolata,t1p5,p033,M22_2150,Jointing,3/15/23,nonwheat,nonwheat,,sample,23,6,5,NA,NA,NA,NA,NA,36.5,35.6966667,-80.62305556,2,11.7,390,NA,NA,NA,NA,NA,NA,NA,NA,NA,NA,NA,NA,NA,NA,NA,NA,NA,0.36,0.87,8.8,81,1.6,5.9,25,197,913,260,15,130,4.6,5.2,0.1,nonwheat_March,nonwheat,No,Yes
M22_16S_g24_G06,April,ROWVT,Plantago_lanceolata,t1p5,p031,M22_0803,Heading,4/27/23,nonwheat,nonwheat,,sample,24,6,5,NA,NA,NA,NA,NA,25.7,35.6966667,-80.62305556,19,15,469,NA,NA,NA,NA,NA,NA,NA,NA,NA,NA,NA,NA,NA,NA,NA,NA,NA,0.51,0.71,11.9,84,1.9,6,128,183,1335,351,16,53,8.6,3.4,0.1,nonwheat_April,nonwheat,No,Yes
M22_16S_g25_B04,April,ROWVT,Plantago_lanceolata,t1p5,p032,M22_0804,Heading,4/27/23,nonwheat,nonwheat,,sample,25,7,5,NA,NA,NA,NA,NA,25.7,35.6966667,-80.62305556,20,15,469,NA,NA,NA,NA,NA,NA,NA,NA,NA,NA,NA,NA,NA,NA,NA,NA,NA,0.51,0.71,11.9,84,1.9,6,128,183,1335,351,16,53,8.6,3.4,0.1,nonwheat_April,nonwheat,No,Yes
M22_16S_g25_H05,April,ROWVT,Plantago_lanceolata,t1p2,p037,M22_0759,Heading,4/27/23,nonwheat,nonwheat,,sample,25,7,5,NA,NA,NA,NA,NA,17.4,35.69651018,-80.62303714,18,15,469,NA,NA,NA,NA,NA,NA,NA,NA,NA,NA,NA,NA,NA,NA,NA,NA,NA,0.435,0.785,12.2,88,1.45,6.25,92,259.5,1385,386,22,76.75,8.95,4.75,0.1,nonwheat_April,nonwheat,No,Yes
M22_16S_g28_G07,March,ROWVT,Plantago_lanceolata,t2p1,p046,M22_2153,Jointing,3/15/23,nonwheat,nonwheat,,sample,28,7,5,NA,NA,NA,NA,NA,23.3,35.696333,-80.622813,2,11.7,390,NA,NA,NA,NA,NA,NA,NA,NA,NA,NA,NA,NA,NA,NA,NA,NA,NA,0.51,0.82,8.5,75,2.2,5.4,43,148,834,215,20,90.6,3.6,3.8,0.1,nonwheat_March,nonwheat,No,Yes
M22_16S_g29_A08,April,ROWVT,Plantago_lanceolata,t2p2,p097,M22_0828,Heading,4/27/23,nonwheat,nonwheat,,sample,29,8,5,NA,NA,NA,NA,NA,14.5,35.69640098,-80.62258131,18,15,469,NA,NA,NA,NA,NA,NA,NA,NA,NA,NA,NA,NA,NA,NA,NA,NA,NA,0.58,0.815,9.45,75.5,2.2,5.45,51.5,230,950,233,16,66.35,8.25,2.9,0.1,nonwheat_April,nonwheat,No,Yes
M22_16S_g30_H10,April,ROWVT,Plantago_lanceolata,t2p3,p095,M22_0836,Heading,4/27/23,nonwheat,nonwheat,,sample,30,8,5,NA,NA,NA,NA,NA,11.1,35.69639695,-80.62246161,5,15,469,NA,NA,NA,NA,NA,NA,NA,NA,NA,NA,NA,NA,NA,NA,NA,NA,NA,0.56,0.77,10.8,81,2,5.7,55,254,1154,290,15,90.6,7.8,2.9,0.1,nonwheat_April,nonwheat,No,Yes
M22_16S_g31_F02,March,ROWVT,Plantago_lanceolata,t2p2,p048,M22_2163,Jointing,3/15/23,nonwheat,nonwheat,,sample,31,8,5,NA,NA,NA,NA,NA,25.8,35.69632898,-80.62269331,2,11.7,390,NA,NA,NA,NA,NA,NA,NA,NA,NA,NA,NA,NA,NA,NA,NA,NA,NA,0.46,0.79,8.7,76.5,2.1,5.5,51.5,214.5,835,229.5,19.5,92.1,5.35,3.55,0.1,nonwheat_March,nonwheat,No,Yes
M22_16S_g04_H04,April,WAKMP,Quercus_cf_alba,forest,p131,M22_1184,Heading,4/19/23,nonwheat,nonwheat,,sample,4,1,1.89,NA,NA,NA,NA,NA,23.4,35.7344444,-78.70138889,2500,16,419,NA,NA,NA,NA,NA,NA,NA,NA,NA,NA,NA,NA,NA,NA,NA,NA,NA,0.56,0.83,7.7,56,3.4,4.8,37,153,518,164,19,21.5,18.1,1.7,0.1,nonwheat_April,nonwheat,No,No
M22_16S_g06_C12,April,WAKMP,Quercus_cf_alba,forest,p132,M22_1185,Heading,4/19/23,nonwheat,nonwheat,,sample,6,2,5,NA,NA,NA,NA,NA,23.4,35.7344444,-78.70138889,2500,16,419,NA,NA,NA,NA,NA,NA,NA,NA,NA,NA,NA,NA,NA,NA,NA,NA,NA,0.56,0.83,7.7,56,3.4,4.8,37,153,518,164,19,21.5,18.1,1.7,0.1,nonwheat_April,nonwheat,No,No
M22_16S_g08_F09,April,WAKMP,Quercus_cf_alba,forest,p135,M22_1188,Heading,4/19/23,nonwheat,nonwheat,,sample,8,2,5,NA,NA,NA,NA,NA,23.4,35.7344444,-78.70138889,2500,16,419,NA,NA,NA,NA,NA,NA,NA,NA,NA,NA,NA,NA,NA,NA,NA,NA,NA,0.56,0.83,7.7,56,3.4,4.8,37,153,518,164,19,21.5,18.1,1.7,0.1,nonwheat_April,nonwheat,No,No
M22_16S_g09_C11,April,WAKMP,Quercus_cf_alba,forest,p133,M22_1186,Heading,4/19/23,nonwheat,nonwheat,,sample,9,3,5,NA,NA,NA,NA,NA,23.4,35.7344444,-78.70138889,2000,16,419,NA,NA,NA,NA,NA,NA,NA,NA,NA,NA,NA,NA,NA,NA,NA,NA,NA,0.56,0.83,7.7,56,3.4,4.8,37,153,518,164,19,21.5,18.1,1.7,0.1,nonwheat_April,nonwheat,No,No
M22_16S_g13_D01,April,WAKMP,Quercus_cf_alba,forest,p139,M22_1192,Heading,4/19/23,nonwheat,nonwheat,,sample,13,4,5,NA,NA,NA,NA,NA,23.4,35.7344444,-78.70138889,2000,16,419,NA,NA,NA,NA,NA,NA,NA,NA,NA,NA,NA,NA,NA,NA,NA,NA,NA,0.56,0.83,7.7,56,3.4,4.8,37,153,518,164,19,21.5,18.1,1.7,0.1,nonwheat_April,nonwheat,No,No
M22_16S_g20_A01,April,WAKMP,Quercus_cf_alba,forest,p136,M22_1189,Heading,4/19/23,nonwheat,nonwheat,,sample,20,5,5,NA,NA,NA,NA,NA,23.4,35.7344444,-78.70138889,2500,16,419,NA,NA,NA,NA,NA,NA,NA,NA,NA,NA,NA,NA,NA,NA,NA,NA,NA,0.56,0.83,7.7,56,3.4,4.8,37,153,518,164,19,21.5,18.1,1.7,0.1,nonwheat_April,nonwheat,No,No
M22_16S_g20_G01,April,WAKMP,Quercus_cf_alba,forest,p134,M22_1187,Heading,4/19/23,nonwheat,nonwheat,,sample,20,5,5,NA,NA,NA,NA,NA,23.4,35.7344444,-78.70138889,1500,16,419,NA,NA,NA,NA,NA,NA,NA,NA,NA,NA,NA,NA,NA,NA,NA,NA,NA,0.56,0.83,7.7,56,3.4,4.8,37,153,518,164,19,21.5,18.1,1.7,0.1,nonwheat_April,nonwheat,No,No
M22_16S_g21_D08,April,WAKMP,Quercus_cf_alba,forest,p137,M22_1190,Heading,4/19/23,nonwheat,nonwheat,,sample,21,6,5,NA,NA,NA,NA,NA,23.4,35.7344444,-78.70138889,2000,16,419,NA,NA,NA,NA,NA,NA,NA,NA,NA,NA,NA,NA,NA,NA,NA,NA,NA,0.56,0.83,7.7,56,3.4,4.8,37,153,518,164,19,21.5,18.1,1.7,0.1,nonwheat_April,nonwheat,No,No
M22_16S_g24_D03,April,WAKMP,Quercus_cf_alba,forest,p138,M22_1191,Heading,4/19/23,nonwheat,nonwheat,,sample,24,6,5,NA,NA,NA,NA,NA,23.4,35.7344444,-78.70138889,2000,16,419,NA,NA,NA,NA,NA,NA,NA,NA,NA,NA,NA,NA,NA,NA,NA,NA,NA,0.56,0.83,7.7,56,3.4,4.8,37,153,518,164,19,21.5,18.1,1.7,0.1,nonwheat_April,nonwheat,No,No
M22_16S_g25_E01,April,WAKMP,Quercus_cf_alba,forest,p140,M22_1193,Heading,4/19/23,nonwheat,nonwheat,,sample,25,7,5,NA,NA,NA,NA,NA,23.4,35.7344444,-78.70138889,2000,16,419,NA,NA,NA,NA,NA,NA,NA,NA,NA,NA,NA,NA,NA,NA,NA,NA,NA,0.56,0.83,7.7,56,3.4,4.8,37,153,518,164,19,21.5,18.1,1.7,0.1,nonwheat_April,nonwheat,No,No
M22_16S_g03_H12,April,ROWVT,Quercus_cf_phellos,t1,p128,M22_0738,Heading,4/27/23,nonwheat,nonwheat,,sample,3,1,4.85,NA,NA,NA,NA,NA,16.6,35.6963889,-80.6225,3000,15,469,NA,NA,NA,NA,NA,NA,NA,NA,NA,NA,NA,NA,NA,NA,NA,NA,NA,0.51,0.71,11.9,84,1.9,6,128,183,1335,351,16,53,8.6,3.4,0.1,nonwheat_April,nonwheat,No,No
M22_16S_g06_G03,April,WAKMP,Quercus_cf_phellos,forest,p108,M22_1161,Heading,4/19/23,nonwheat,nonwheat,,sample,6,2,5,NA,NA,NA,NA,NA,23.4,35.7344444,-78.70138889,1500,16,419,NA,NA,NA,NA,NA,NA,NA,NA,NA,NA,NA,NA,NA,NA,NA,NA,NA,0.56,0.83,7.7,56,3.4,4.8,37,153,518,164,19,21.5,18.1,1.7,0.1,nonwheat_April,nonwheat,No,No
M22_16S_g07_B07,April,ROWVT,Quercus_cf_phellos,t2,p135,M22_0813,Heading,4/27/23,nonwheat,nonwheat,,sample,7,2,5,NA,NA,NA,NA,NA,17,35.6966667,-80.62277778,3000,15,469,NA,NA,NA,NA,NA,NA,NA,NA,NA,NA,NA,NA,NA,NA,NA,NA,NA,0.56,0.77,10.8,81,2,5.7,55,254,1154,290,15,90.6,7.8,2.9,0.1,nonwheat_April,nonwheat,No,No
M22_16S_g08_F06,April,WAKMP,Quercus_cf_phellos,forest,p104,M22_1157,Heading,4/19/23,nonwheat,nonwheat,,sample,8,2,5,NA,NA,NA,NA,NA,23.4,35.7344444,-78.70138889,2000,16,419,NA,NA,NA,NA,NA,NA,NA,NA,NA,NA,NA,NA,NA,NA,NA,NA,NA,0.56,0.83,7.7,56,3.4,4.8,37,153,518,164,19,21.5,18.1,1.7,0.1,nonwheat_April,nonwheat,No,No
M22_16S_g10_B03,April,WAKMP,Quercus_cf_phellos,forest,p102,M22_1155,Heading,4/19/23,nonwheat,nonwheat,,sample,10,3,5,NA,NA,NA,NA,NA,23.4,35.7344444,-78.70138889,2500,16,419,NA,NA,NA,NA,NA,NA,NA,NA,NA,NA,NA,NA,NA,NA,NA,NA,NA,0.56,0.83,7.7,56,3.4,4.8,37,153,518,164,19,21.5,18.1,1.7,0.1,nonwheat_April,nonwheat,No,No
M22_16S_g12_B01,April,ROWVT,Quercus_cf_phellos,t1,p130,M22_0740,Heading,4/27/23,nonwheat,nonwheat,,sample,12,3,5,NA,NA,NA,NA,NA,16.6,35.6963889,-80.6225,3000,15,469,NA,NA,NA,NA,NA,NA,NA,NA,NA,NA,NA,NA,NA,NA,NA,NA,NA,0.51,0.71,11.9,84,1.9,6,128,183,1335,351,16,53,8.6,3.4,0.1,nonwheat_April,nonwheat,No,No
M22_16S_g12_G05,April,ROWVT,Quercus_cf_phellos,t2,p132,M22_0810,Heading,4/27/23,nonwheat,nonwheat,,sample,12,3,5,NA,NA,NA,NA,NA,17,35.6966667,-80.62277778,3000,15,469,NA,NA,NA,NA,NA,NA,NA,NA,NA,NA,NA,NA,NA,NA,NA,NA,NA,0.56,0.77,10.8,81,2,5.7,55,254,1154,290,15,90.6,7.8,2.9,0.1,nonwheat_April,nonwheat,No,No
M22_16S_g13_D11,April,ROWVT,Quercus_cf_phellos,t2,p131,M22_0809,Heading,4/27/23,nonwheat,nonwheat,,sample,13,4,5,NA,NA,NA,NA,NA,17,35.6966667,-80.62277778,3000,15,469,NA,NA,NA,NA,NA,NA,NA,NA,NA,NA,NA,NA,NA,NA,NA,NA,NA,0.56,0.77,10.8,81,2,5.7,55,254,1154,290,15,90.6,7.8,2.9,0.1,nonwheat_April,nonwheat,No,No
M22_16S_g14_F04,April,ROWVT,Quercus_cf_phellos,t1,p126,M22_0736,Heading,4/27/23,nonwheat,nonwheat,,sample,14,4,2.97,NA,NA,NA,NA,NA,16.6,35.6963889,-80.6225,3000,15,469,NA,NA,NA,NA,NA,NA,NA,NA,NA,NA,NA,NA,NA,NA,NA,NA,NA,0.51,0.71,11.9,84,1.9,6,128,183,1335,351,16,53,8.6,3.4,0.1,nonwheat_April,nonwheat,No,No
M22_16S_g14_G03,April,ROWVT,Quercus_cf_phellos,t2,p133,M22_0811,Heading,4/27/23,nonwheat,nonwheat,,sample,14,4,4.5,NA,NA,NA,NA,NA,17,35.6966667,-80.62277778,3000,15,469,NA,NA,NA,NA,NA,NA,NA,NA,NA,NA,NA,NA,NA,NA,NA,NA,NA,0.56,0.77,10.8,81,2,5.7,55,254,1154,290,15,90.6,7.8,2.9,0.1,nonwheat_April,nonwheat,No,No
M22_16S_g16_E05,April,WAKMP,Quercus_cf_phellos,forest,p110,M22_1163,Heading,4/19/23,nonwheat,nonwheat,,sample,16,4,4.47,NA,NA,NA,NA,NA,23.4,35.7344444,-78.70138889,2000,16,419,NA,NA,NA,NA,NA,NA,NA,NA,NA,NA,NA,NA,NA,NA,NA,NA,NA,0.56,0.83,7.7,56,3.4,4.8,37,153,518,164,19,21.5,18.1,1.7,0.1,nonwheat_April,nonwheat,No,No
M22_16S_g16_H05,April,WAKMP,Quercus_cf_phellos,forest,p106,M22_1159,Heading,4/19/23,nonwheat,nonwheat,,sample,16,4,4.03,NA,NA,NA,NA,NA,23.4,35.7344444,-78.70138889,2000,16,419,NA,NA,NA,NA,NA,NA,NA,NA,NA,NA,NA,NA,NA,NA,NA,NA,NA,0.56,0.83,7.7,56,3.4,4.8,37,153,518,164,19,21.5,18.1,1.7,0.1,nonwheat_April,nonwheat,No,No
M22_16S_g18_F03,April,WAKMP,Quercus_cf_phellos,forest,p109,M22_1162,Heading,4/19/23,nonwheat,nonwheat,,sample,18,5,5,NA,NA,NA,NA,NA,23.4,35.7344444,-78.70138889,2000,16,419,NA,NA,NA,NA,NA,NA,NA,NA,NA,NA,NA,NA,NA,NA,NA,NA,NA,0.56,0.83,7.7,56,3.4,4.8,37,153,518,164,19,21.5,18.1,1.7,0.1,nonwheat_April,nonwheat,No,No
M22_16S_g19_D07,April,WAKMP,Quercus_cf_phellos,forest,p103,M22_1156,Heading,4/19/23,nonwheat,nonwheat,,sample,19,5,5,NA,NA,NA,NA,NA,23.4,35.7344444,-78.70138889,2000,16,419,NA,NA,NA,NA,NA,NA,NA,NA,NA,NA,NA,NA,NA,NA,NA,NA,NA,0.56,0.83,7.7,56,3.4,4.8,37,153,518,164,19,21.5,18.1,1.7,0.1,nonwheat_April,nonwheat,No,No
M22_16S_g20_F03,April,ROWVT,Quercus_cf_phellos,t1,p129,M22_0739,Heading,4/27/23,nonwheat,nonwheat,,sample,20,5,5,NA,NA,NA,NA,NA,16.6,35.6963889,-80.6225,3000,15,469,NA,NA,NA,NA,NA,NA,NA,NA,NA,NA,NA,NA,NA,NA,NA,NA,NA,0.51,0.71,11.9,84,1.9,6,128,183,1335,351,16,53,8.6,3.4,0.1,nonwheat_April,nonwheat,No,No
M22_16S_g21_E10,April,ROWVT,Quercus_cf_phellos,t2,p134,M22_0812,Heading,4/27/23,nonwheat,nonwheat,,sample,21,6,5,NA,NA,NA,NA,NA,17,35.6966667,-80.62277778,3000,15,469,NA,NA,NA,NA,NA,NA,NA,NA,NA,NA,NA,NA,NA,NA,NA,NA,NA,0.56,0.77,10.8,81,2,5.7,55,254,1154,290,15,90.6,7.8,2.9,0.1,nonwheat_April,nonwheat,No,No
M22_16S_g22_F11,April,WAKMP,Quercus_cf_phellos,forest,p105,M22_1158,Heading,4/19/23,nonwheat,nonwheat,,sample,22,6,5,NA,NA,NA,NA,NA,23.4,35.7344444,-78.70138889,2000,16,419,NA,NA,NA,NA,NA,NA,NA,NA,NA,NA,NA,NA,NA,NA,NA,NA,NA,0.56,0.83,7.7,56,3.4,4.8,37,153,518,164,19,21.5,18.1,1.7,0.1,nonwheat_April,nonwheat,No,No
M22_16S_g23_G08,April,ROWVT,Quercus_cf_phellos,t1,p127,M22_0737,Heading,4/27/23,nonwheat,nonwheat,,sample,23,6,5,NA,NA,NA,NA,NA,16.6,35.6963889,-80.6225,3000,15,469,NA,NA,NA,NA,NA,NA,NA,NA,NA,NA,NA,NA,NA,NA,NA,NA,NA,0.51,0.71,11.9,84,1.9,6,128,183,1335,351,16,53,8.6,3.4,0.1,nonwheat_April,nonwheat,No,No
M22_16S_g26_C05,April,WAKMP,Quercus_cf_phellos,forest,p107,M22_1160,Heading,4/19/23,nonwheat,nonwheat,,sample,26,7,5,NA,NA,NA,NA,NA,23.4,35.7344444,-78.70138889,1500,16,419,NA,NA,NA,NA,NA,NA,NA,NA,NA,NA,NA,NA,NA,NA,NA,NA,NA,0.56,0.83,7.7,56,3.4,4.8,37,153,518,164,19,21.5,18.1,1.7,0.1,nonwheat_April,nonwheat,No,No
M22_16S_g31_G12,April,WAKMP,Quercus_cf_phellos,forest,p101,M22_1154,Heading,4/19/23,nonwheat,nonwheat,,sample,31,8,5,NA,NA,NA,NA,NA,23.4,35.7344444,-78.70138889,2500,16,419,NA,NA,NA,NA,NA,NA,NA,NA,NA,NA,NA,NA,NA,NA,NA,NA,NA,0.56,0.83,7.7,56,3.4,4.8,37,153,518,164,19,21.5,18.1,1.7,0.1,nonwheat_April,nonwheat,No,No
M22_16S_g04_C04,April,WASVT,Rosa_multiflora,t2p5,p089,M22_1502,Heading,5/9/23,nonwheat,nonwheat,,sample,4,1,5,NA,NA,NA,NA,NA,22.6,35.8486111,-76.65555556,15,16.2,364,NA,NA,NA,NA,NA,NA,NA,NA,NA,NA,NA,NA,NA,NA,NA,NA,NA,2.44,0.92,10.1,73,2.8,5.2,45,120,1002,246,21,4.2,3.5,0.9,0.1,nonwheat_April,nonwheat,No,No
M22_16S_g07_B10,April,WASVT,Rosa_multiflora,t2p1,p082,M22_1463,Heading,5/9/23,nonwheat,nonwheat,,sample,7,2,5,NA,NA,NA,NA,NA,11,35.848736,-76.655219,15,16.2,364,NA,NA,NA,NA,NA,NA,NA,NA,NA,NA,NA,NA,NA,NA,NA,NA,NA,3.57,0.87,11.3,74,3,5.3,114,263,1110,258,18,9.1,4.4,0.8,0.1,nonwheat_April,nonwheat,No,No
M22_16S_g09_C02,April,WASVT,Rosa_multiflora,t2p1,p081,M22_1462,Heading,5/9/23,nonwheat,nonwheat,,sample,9,3,5,NA,NA,NA,NA,NA,11,35.848736,-76.655219,23,16.2,364,NA,NA,NA,NA,NA,NA,NA,NA,NA,NA,NA,NA,NA,NA,NA,NA,NA,3.57,0.87,11.3,74,3,5.3,114,263,1110,258,18,9.1,4.4,0.8,0.1,nonwheat_April,nonwheat,No,No
M22_16S_g10_B10,April,WASVT,Rosa_multiflora,t2p2,p084,M22_1477,Heading,5/9/23,nonwheat,nonwheat,,sample,10,3,5,NA,NA,NA,NA,NA,13.9,35.84870478,-76.65530314,46,16.2,364,NA,NA,NA,NA,NA,NA,NA,NA,NA,NA,NA,NA,NA,NA,NA,NA,NA,3.085,0.83,11.2,77,2.6,5.45,125.5,276.5,1126.5,273,17.5,8.1,4.6,0.9,0.1,nonwheat_April,nonwheat,No,No
M22_16S_g14_H04,April,WASVT,Rosa_multiflora,t2p2,p085,M22_1478,Heading,5/9/23,nonwheat,nonwheat,,sample,14,4,5,NA,NA,NA,NA,NA,13.9,35.84870478,-76.65530314,34,16.2,364,NA,NA,NA,NA,NA,NA,NA,NA,NA,NA,NA,NA,NA,NA,NA,NA,NA,3.085,0.83,11.2,77,2.6,5.45,125.5,276.5,1126.5,273,17.5,8.1,4.6,0.9,0.1,nonwheat_April,nonwheat,No,No
M22_16S_g18_G04,April,WASVT,Rosa_multiflora,t2p5,p090,M22_1503,Heading,5/9/23,nonwheat,nonwheat,,sample,18,5,5,NA,NA,NA,NA,NA,22.6,35.8486111,-76.65555556,22,16.2,364,NA,NA,NA,NA,NA,NA,NA,NA,NA,NA,NA,NA,NA,NA,NA,NA,NA,2.44,0.92,10.1,73,2.8,5.2,45,120,1002,246,21,4.2,3.5,0.9,0.1,nonwheat_April,nonwheat,No,No
M22_16S_g24_A09,April,WASVT,Rosa_multiflora,t2p2,p083,M22_1476,Heading,5/9/23,nonwheat,nonwheat,,sample,24,6,5,NA,NA,NA,NA,NA,13.9,35.84870478,-76.65530314,50,16.2,364,NA,NA,NA,NA,NA,NA,NA,NA,NA,NA,NA,NA,NA,NA,NA,NA,NA,3.085,0.83,11.2,77,2.6,5.45,125.5,276.5,1126.5,273,17.5,8.1,4.6,0.9,0.1,nonwheat_April,nonwheat,No,No
M22_16S_g27_F07,April,WASVT,Rosa_multiflora,t2p4,p087,M22_1498,Heading,5/9/23,nonwheat,nonwheat,,sample,27,7,5,NA,NA,NA,NA,NA,20.5,35.84864233,-76.65547142,20,16.2,364,NA,NA,NA,NA,NA,NA,NA,NA,NA,NA,NA,NA,NA,NA,NA,NA,NA,2.52,0.855,10.6,76.5,2.5,5.4,91,205,1072.5,267,19,5.65,4.15,0.95,0.1,nonwheat_April,nonwheat,No,No
M22_16S_g28_D07,April,WASVT,Rosa_multiflora,t2p3,p086,M22_1491,Heading,5/9/23,nonwheat,nonwheat,,sample,28,7,5,NA,NA,NA,NA,NA,14,35.84867355,-76.65538728,44,16.2,364,NA,NA,NA,NA,NA,NA,NA,NA,NA,NA,NA,NA,NA,NA,NA,NA,NA,2.6,0.79,11.1,80,2.2,5.6,137,290,1143,288,17,7.1,4.8,1,0.1,nonwheat_April,nonwheat,No,No
M22_16S_g29_E05,April,WASVT,Rosa_multiflora,t2p4,p088,M22_1499,Heading,5/9/23,nonwheat,nonwheat,,sample,29,8,5,NA,NA,NA,NA,NA,20.5,35.84864233,-76.65547142,19,16.2,364,NA,NA,NA,NA,NA,NA,NA,NA,NA,NA,NA,NA,NA,NA,NA,NA,NA,2.52,0.855,10.6,76.5,2.5,5.4,91,205,1072.5,267,19,5.65,4.15,0.95,0.1,nonwheat_April,nonwheat,No,No
M22_16S_g03_E04,March,UNIVT,Rubus_sp,forest,p084,M22_2260,Jointing,3/20/23,nonwheat,nonwheat,,sample,3,1,5,NA,NA,NA,NA,NA,NA,34.9507333,-80.4260796,53,13.1,313,NA,NA,NA,NA,NA,NA,NA,NA,NA,NA,NA,NA,NA,NA,NA,NA,NA,0.6,0.91,6.2,51,3,4.6,49,50,497,67,25,10,2.4,1.7,0.1,nonwheat_March,nonwheat,No,No
M22_16S_g04_A11,April,UNIVT,Rubus_sp,forest,p120,M22_0965,Heading,4/28/23,nonwheat,nonwheat,,sample,4,1,4.5,NA,NA,NA,NA,NA,15.5,34.9507333,-80.4260796,150,16.4,407,NA,NA,NA,NA,NA,NA,NA,NA,NA,NA,NA,NA,NA,NA,NA,NA,NA,0.36,0.87,10.4,83,1.8,5.6,43,71,1371,198,14,61.8,7.4,2.3,0.1,nonwheat_April,nonwheat,No,No
M22_16S_g04_D12,April,UNIVT,Rubus_sp,forest,p115,M22_0952,Heading,4/28/23,nonwheat,nonwheat,,sample,4,1,5,NA,NA,NA,NA,NA,15.5,34.9507333,-80.4260796,200,16.4,407,NA,NA,NA,NA,NA,NA,NA,NA,NA,NA,NA,NA,NA,NA,NA,NA,NA,0.36,0.87,10.4,83,1.8,5.6,43,71,1371,198,14,61.8,7.4,2.3,0.1,nonwheat_April,nonwheat,No,No
M22_16S_g06_A03,March,UNIVT,Rubus_sp,forest,p081,M22_2257,Jointing,3/20/23,nonwheat,nonwheat,,sample,6,2,5,NA,NA,NA,NA,NA,NA,34.9507333,-80.4260796,141,13.1,313,NA,NA,NA,NA,NA,NA,NA,NA,NA,NA,NA,NA,NA,NA,NA,NA,NA,0.6,0.91,6.2,51,3,4.6,49,50,497,67,25,10,2.4,1.7,0.1,nonwheat_March,nonwheat,No,No
M22_16S_g07_C04,April,UNIVT,Rubus_sp,forest,p112,M22_0949,Heading,4/28/23,nonwheat,nonwheat,,sample,7,2,5,NA,NA,NA,NA,NA,15.5,34.9507333,-80.4260796,200,16.4,407,NA,NA,NA,NA,NA,NA,NA,NA,NA,NA,NA,NA,NA,NA,NA,NA,NA,0.36,0.87,10.4,83,1.8,5.6,43,71,1371,198,14,61.8,7.4,2.3,0.1,nonwheat_April,nonwheat,No,No
M22_16S_g08_D06,March,UNIVT,Rubus_sp,forest,p090,M22_2266,Jointing,3/20/23,nonwheat,nonwheat,,sample,8,2,5,NA,NA,NA,NA,NA,NA,34.9507333,-80.4260796,46,13.1,313,NA,NA,NA,NA,NA,NA,NA,NA,NA,NA,NA,NA,NA,NA,NA,NA,NA,0.6,0.91,6.2,51,3,4.6,49,50,497,67,25,10,2.4,1.7,0.1,nonwheat_March,nonwheat,No,No
M22_16S_g09_D04,April,UNIVT,Rubus_sp,forest,p117,M22_0962,Heading,4/28/23,nonwheat,nonwheat,,sample,9,3,5,NA,NA,NA,NA,NA,15.5,34.9507333,-80.4260796,250,16.4,407,NA,NA,NA,NA,NA,NA,NA,NA,NA,NA,NA,NA,NA,NA,NA,NA,NA,0.36,0.87,10.4,83,1.8,5.6,43,71,1371,198,14,61.8,7.4,2.3,0.1,nonwheat_April,nonwheat,No,No
M22_16S_g11_B03,April,UNIVT,Rubus_sp,forest,p116,M22_0961,Heading,4/28/23,nonwheat,nonwheat,,sample,11,3,5,NA,NA,NA,NA,NA,15.5,34.9507333,-80.4260796,200,16.4,407,NA,NA,NA,NA,NA,NA,NA,NA,NA,NA,NA,NA,NA,NA,NA,NA,NA,0.36,0.87,10.4,83,1.8,5.6,43,71,1371,198,14,61.8,7.4,2.3,0.1,nonwheat_April,nonwheat,No,No
M22_16S_g11_D12,April,UNIVT,Rubus_sp,forest,p119,M22_0964,Heading,4/28/23,nonwheat,nonwheat,,sample,11,3,5,NA,NA,NA,NA,NA,15.5,34.9507333,-80.4260796,150,16.4,407,NA,NA,NA,NA,NA,NA,NA,NA,NA,NA,NA,NA,NA,NA,NA,NA,NA,0.36,0.87,10.4,83,1.8,5.6,43,71,1371,198,14,61.8,7.4,2.3,0.1,nonwheat_April,nonwheat,No,No
M22_16S_g14_E10,March,UNIVT,Rubus_sp,forest,p089,M22_2265,Jointing,3/20/23,nonwheat,nonwheat,,sample,14,4,5,NA,NA,NA,NA,NA,NA,34.9507333,-80.4260796,71,13.1,313,NA,NA,NA,NA,NA,NA,NA,NA,NA,NA,NA,NA,NA,NA,NA,NA,NA,0.6,0.91,6.2,51,3,4.6,49,50,497,67,25,10,2.4,1.7,0.1,nonwheat_March,nonwheat,No,No
M22_16S_g15_H01,March,UNIVT,Rubus_sp,forest,p088,M22_2264,Jointing,3/20/23,nonwheat,nonwheat,,sample,15,4,2.04,NA,NA,NA,NA,NA,NA,34.9507333,-80.4260796,54,13.1,313,NA,NA,NA,NA,NA,NA,NA,NA,NA,NA,NA,NA,NA,NA,NA,NA,NA,0.6,0.91,6.2,51,3,4.6,49,50,497,67,25,10,2.4,1.7,0.1,nonwheat_March,nonwheat,No,No
M22_16S_g16_A10,April,UNIVT,Rubus_sp,forest,p118,M22_0963,Heading,4/28/23,nonwheat,nonwheat,,sample,16,4,5,NA,NA,NA,NA,NA,15.5,34.9507333,-80.4260796,250,16.4,407,NA,NA,NA,NA,NA,NA,NA,NA,NA,NA,NA,NA,NA,NA,NA,NA,NA,0.36,0.87,10.4,83,1.8,5.6,43,71,1371,198,14,61.8,7.4,2.3,0.1,nonwheat_April,nonwheat,No,No
M22_16S_g18_A04,April,UNIVT,Rubus_sp,forest,p111,M22_0948,Heading,4/28/23,nonwheat,nonwheat,,sample,18,5,5,NA,NA,NA,NA,NA,15.5,34.9507333,-80.4260796,200,16.4,407,NA,NA,NA,NA,NA,NA,NA,NA,NA,NA,NA,NA,NA,NA,NA,NA,NA,0.36,0.87,10.4,83,1.8,5.6,43,71,1371,198,14,61.8,7.4,2.3,0.1,nonwheat_April,nonwheat,No,No
M22_16S_g21_D03,April,UNIVT,Rubus_sp,forest,p113,M22_0950,Heading,4/28/23,nonwheat,nonwheat,,sample,21,6,5,NA,NA,NA,NA,NA,15.5,34.9507333,-80.4260796,150,16.4,407,NA,NA,NA,NA,NA,NA,NA,NA,NA,NA,NA,NA,NA,NA,NA,NA,NA,0.36,0.87,10.4,83,1.8,5.6,43,71,1371,198,14,61.8,7.4,2.3,0.1,nonwheat_April,nonwheat,No,No
M22_16S_g22_C02,March,UNIVT,Rubus_sp,forest,p085,M22_2261,Jointing,3/20/23,nonwheat,nonwheat,,sample,22,6,5,NA,NA,NA,NA,NA,NA,34.9507333,-80.4260796,65,13.1,313,NA,NA,NA,NA,NA,NA,NA,NA,NA,NA,NA,NA,NA,NA,NA,NA,NA,0.6,0.91,6.2,51,3,4.6,49,50,497,67,25,10,2.4,1.7,0.1,nonwheat_March,nonwheat,No,No
M22_16S_g22_H08,April,UNIVT,Rubus_sp,forest,p114,M22_0951,Heading,4/28/23,nonwheat,nonwheat,,sample,22,6,5,NA,NA,NA,NA,NA,15.5,34.9507333,-80.4260796,150,16.4,407,NA,NA,NA,NA,NA,NA,NA,NA,NA,NA,NA,NA,NA,NA,NA,NA,NA,0.36,0.87,10.4,83,1.8,5.6,43,71,1371,198,14,61.8,7.4,2.3,0.1,nonwheat_April,nonwheat,No,No
M22_16S_g23_B11,March,UNIVT,Rubus_sp,forest,p083,M22_2259,Jointing,3/20/23,nonwheat,nonwheat,,sample,23,6,5,NA,NA,NA,NA,NA,NA,34.9507333,-80.4260796,92,13.1,313,NA,NA,NA,NA,NA,NA,NA,NA,NA,NA,NA,NA,NA,NA,NA,NA,NA,0.6,0.91,6.2,51,3,4.6,49,50,497,67,25,10,2.4,1.7,0.1,nonwheat_March,nonwheat,No,No
M22_16S_g26_E12,March,UNIVT,Rubus_sp,forest,p086,M22_2262,Jointing,3/20/23,nonwheat,nonwheat,,sample,26,7,5,NA,NA,NA,NA,NA,NA,34.9507333,-80.4260796,147,13.1,313,NA,NA,NA,NA,NA,NA,NA,NA,NA,NA,NA,NA,NA,NA,NA,NA,NA,0.6,0.91,6.2,51,3,4.6,49,50,497,67,25,10,2.4,1.7,0.1,nonwheat_March,nonwheat,No,No
M22_16S_g27_C09,March,UNIVT,Rubus_sp,forest,p082,M22_2258,Jointing,3/20/23,nonwheat,nonwheat,,sample,27,7,5,NA,NA,NA,NA,NA,NA,34.9507333,-80.4260796,124,13.1,313,NA,NA,NA,NA,NA,NA,NA,NA,NA,NA,NA,NA,NA,NA,NA,NA,NA,0.6,0.91,6.2,51,3,4.6,49,50,497,67,25,10,2.4,1.7,0.1,nonwheat_March,nonwheat,No,No
M22_16S_g31_F05,March,UNIVT,Rubus_sp,forest,p087,M22_2263,Jointing,3/20/23,nonwheat,nonwheat,,sample,31,8,5,NA,NA,NA,NA,NA,NA,34.9507333,-80.4260796,28,13.1,313,NA,NA,NA,NA,NA,NA,NA,NA,NA,NA,NA,NA,NA,NA,NA,NA,NA,0.6,0.91,6.2,51,3,4.6,49,50,497,67,25,10,2.4,1.7,0.1,nonwheat_March,nonwheat,No,No
M22_16S_g06_C05,April,PERVT,Salix_sp,t2p5,p099,M22_0423,Heading,5/5/23,nonwheat,nonwheat,,sample,6,2,5,NA,NA,NA,NA,NA,48.3,36.1785017,-76.358848,2000,15.7,361,NA,NA,NA,NA,NA,NA,NA,NA,NA,NA,NA,NA,NA,NA,NA,NA,NA,0.66,0.83,7.7,66,2.6,4.8,38,84,694,177,17,11.2,6.6,0.8,0.1,nonwheat_April,nonwheat,No,No
M22_16S_g06_E02,April,PERVT,Salix_sp,t2p1,p092,M22_0364,Heading,5/5/23,nonwheat,nonwheat,,sample,6,2,5,NA,NA,NA,NA,NA,43.7,36.178693,-76.35845,2000,15.7,361,NA,NA,NA,NA,NA,NA,NA,NA,NA,NA,NA,NA,NA,NA,NA,NA,NA,0.56,0.83,9.7,79,2.1,5.4,53,86,1078,246,16,16.6,6.2,1.1,0.2,nonwheat_April,nonwheat,No,No
M22_16S_g09_H11,April,PERVT,Salix_sp,t2p1,p093,M22_0365,Heading,5/5/23,nonwheat,nonwheat,,sample,9,3,5,NA,NA,NA,NA,NA,43.7,36.178693,-76.35845,2000,15.7,361,NA,NA,NA,NA,NA,NA,NA,NA,NA,NA,NA,NA,NA,NA,NA,NA,NA,0.56,0.83,9.7,79,2.1,5.4,53,86,1078,246,16,16.6,6.2,1.1,0.2,nonwheat_April,nonwheat,No,No
M22_16S_g10_G04,April,PERVT,Salix_sp,t2p3,p097,M22_0401,Heading,5/5/23,nonwheat,nonwheat,,sample,10,3,5,NA,NA,NA,NA,NA,50.8,36.17859735,-76.358649,2000,15.7,361,NA,NA,NA,NA,NA,NA,NA,NA,NA,NA,NA,NA,NA,NA,NA,NA,NA,0.71,0.81,8.6,72,2.4,5,60,100,897,181,18,16.7,7,0.9,0.2,nonwheat_April,nonwheat,No,No
M22_16S_g17_E05,April,PERVT,Salix_sp,t2p1,p091,M22_0363,Heading,5/5/23,nonwheat,nonwheat,,sample,17,5,5,NA,NA,NA,NA,NA,43.7,36.178693,-76.35845,2000,15.7,361,NA,NA,NA,NA,NA,NA,NA,NA,NA,NA,NA,NA,NA,NA,NA,NA,NA,0.56,0.83,9.7,79,2.1,5.4,53,86,1078,246,16,16.6,6.2,1.1,0.2,nonwheat_April,nonwheat,No,No
M22_16S_g18_C11,April,PERVT,Salix_sp,t2p3,p096,M22_0400,Heading,5/5/23,nonwheat,nonwheat,,sample,18,5,5,NA,NA,NA,NA,NA,50.8,36.17859735,-76.358649,2000,15.7,361,NA,NA,NA,NA,NA,NA,NA,NA,NA,NA,NA,NA,NA,NA,NA,NA,NA,0.71,0.81,8.6,72,2.4,5,60,100,897,181,18,16.7,7,0.9,0.2,nonwheat_April,nonwheat,No,No
M22_16S_g21_A12,April,PERVT,Salix_sp,t2p5,p098,M22_0422,Heading,5/5/23,nonwheat,nonwheat,,sample,21,6,5,NA,NA,NA,NA,NA,48.3,36.1785017,-76.358848,2000,15.7,361,NA,NA,NA,NA,NA,NA,NA,NA,NA,NA,NA,NA,NA,NA,NA,NA,NA,0.66,0.83,7.7,66,2.6,4.8,38,84,694,177,17,11.2,6.6,0.8,0.1,nonwheat_April,nonwheat,No,No
M22_16S_g23_D09,April,PERVT,Salix_sp,t2p3,p095,M22_0399,Heading,5/5/23,nonwheat,nonwheat,,sample,23,6,5,NA,NA,NA,NA,NA,50.8,36.17859735,-76.358649,2000,15.7,361,NA,NA,NA,NA,NA,NA,NA,NA,NA,NA,NA,NA,NA,NA,NA,NA,NA,0.71,0.81,8.6,72,2.4,5,60,100,897,181,18,16.7,7,0.9,0.2,nonwheat_April,nonwheat,No,No
M22_16S_g28_B01,April,PERVT,Salix_sp,t2p1,p094,M22_0366,Heading,5/5/23,nonwheat,nonwheat,,sample,28,7,5,NA,NA,NA,NA,NA,43.7,36.178693,-76.35845,2000,15.7,361,NA,NA,NA,NA,NA,NA,NA,NA,NA,NA,NA,NA,NA,NA,NA,NA,NA,0.56,0.83,9.7,79,2.1,5.4,53,86,1078,246,16,16.6,6.2,1.1,0.2,nonwheat_April,nonwheat,No,No
M22_16S_g28_E04,April,PERVT,Salix_sp,t2p5,p100,M22_0424,Heading,5/5/23,nonwheat,nonwheat,,sample,28,7,5,NA,NA,NA,NA,NA,48.3,36.1785017,-76.358848,2000,15.7,361,NA,NA,NA,NA,NA,NA,NA,NA,NA,NA,NA,NA,NA,NA,NA,NA,NA,0.66,0.83,7.7,66,2.6,4.8,38,84,694,177,17,11.2,6.6,0.8,0.1,nonwheat_April,nonwheat,No,No
M22_16S_g02_A03,March,WASVT,serrated_leaves,t2p1,p089,M22_2714,Jointing,3/27/23,nonwheat,nonwheat,,sample,2,1,5,NA,NA,NA,NA,NA,19.7,35.848444,-76.655494,20,13.2,293,NA,NA,NA,NA,NA,NA,NA,NA,NA,NA,NA,NA,NA,NA,NA,NA,NA,2.68,0.84,11.4,75,2.9,5.4,92,288,1099,279,20,5.5,3.6,0.9,0.1,nonwheat_March,nonwheat,No,Yes
M22_16S_g02_G02,March,WASVT,serrated_leaves,t2p3,p085,M22_2734,Jointing,3/27/23,nonwheat,nonwheat,,sample,2,1,5,NA,NA,NA,NA,NA,16.9,35.84838155,-76.65566228,9,13.2,293,NA,NA,NA,NA,NA,NA,NA,NA,NA,NA,NA,NA,NA,NA,NA,NA,NA,3.01,0.88,9.9,68,3.1,5.2,63,192,877,229,22,3.3,2.4,0.5,0.2,nonwheat_March,nonwheat,No,Yes
M22_16S_g04_E08,March,WASVT,serrated_leaves,t2p2,p087,M22_2724,Jointing,3/27/23,nonwheat,nonwheat,,sample,4,1,5,NA,NA,NA,NA,NA,17.2,35.84841278,-76.65557814,27,13.2,293,NA,NA,NA,NA,NA,NA,NA,NA,NA,NA,NA,NA,NA,NA,NA,NA,NA,2.845,0.86,10.65,71.5,3,5.3,77.5,240,988,254,21,4.4,3,0.7,0.15,nonwheat_March,nonwheat,No,Yes
M22_16S_g06_B05,March,WASVT,serrated_leaves,t2p5,p082,M22_2755,Jointing,3/27/23,nonwheat,nonwheat,,sample,6,2,5,NA,NA,NA,NA,NA,21.7,35.8483191,-76.65583056,12,13.2,293,NA,NA,NA,NA,NA,NA,NA,NA,NA,NA,NA,NA,NA,NA,NA,NA,NA,3.1,0.86,11.3,74,2.9,5.4,76,201,1081,302,17,3.8,3.3,0.6,0.1,nonwheat_March,nonwheat,No,Yes
M22_16S_g06_G11,March,WASVT,serrated_leaves,t2p3,p086,M22_2735,Jointing,3/27/23,nonwheat,nonwheat,,sample,6,2,5,NA,NA,NA,NA,NA,16.9,35.84838155,-76.65566228,18,13.2,293,NA,NA,NA,NA,NA,NA,NA,NA,NA,NA,NA,NA,NA,NA,NA,NA,NA,3.01,0.88,9.9,68,3.1,5.2,63,192,877,229,22,3.3,2.4,0.5,0.2,nonwheat_March,nonwheat,No,Yes
M22_16S_g11_B05,March,WASVT,serrated_leaves,t2p1,p090,M22_2715,Jointing,3/27/23,nonwheat,nonwheat,,sample,11,3,5,NA,NA,NA,NA,NA,19.7,35.848444,-76.655494,21,13.2,293,NA,NA,NA,NA,NA,NA,NA,NA,NA,NA,NA,NA,NA,NA,NA,NA,NA,2.68,0.84,11.4,75,2.9,5.4,92,288,1099,279,20,5.5,3.6,0.9,0.1,nonwheat_March,nonwheat,No,Yes
M22_16S_g21_E08,March,WASVT,serrated_leaves,t2p4,p083,M22_2744,Jointing,3/27/23,nonwheat,nonwheat,,sample,21,6,5,NA,NA,NA,NA,NA,15.2,35.84835033,-76.65574642,8,13.2,293,NA,NA,NA,NA,NA,NA,NA,NA,NA,NA,NA,NA,NA,NA,NA,NA,NA,3.055,0.87,10.6,71,3,5.3,69.5,196.5,979,265.5,19.5,3.55,2.85,0.55,0.15,nonwheat_March,nonwheat,No,Yes
M22_16S_g25_E08,March,WASVT,serrated_leaves,t2p2,p088,M22_2725,Jointing,3/27/23,nonwheat,nonwheat,,sample,25,7,5,NA,NA,NA,NA,NA,17.2,35.84841278,-76.65557814,18,13.2,293,NA,NA,NA,NA,NA,NA,NA,NA,NA,NA,NA,NA,NA,NA,NA,NA,NA,2.845,0.86,10.65,71.5,3,5.3,77.5,240,988,254,21,4.4,3,0.7,0.15,nonwheat_March,nonwheat,No,Yes
M22_16S_g29_B03,March,WASVT,serrated_leaves,t2p4,p084,M22_2745,Jointing,3/27/23,nonwheat,nonwheat,,sample,29,8,5,NA,NA,NA,NA,NA,15.2,35.84835033,-76.65574642,7,13.2,293,NA,NA,NA,NA,NA,NA,NA,NA,NA,NA,NA,NA,NA,NA,NA,NA,NA,3.055,0.87,10.6,71,3,5.3,69.5,196.5,979,265.5,19.5,3.55,2.85,0.55,0.15,nonwheat_March,nonwheat,No,Yes
M22_16S_g30_B06,March,WASVT,serrated_leaves,t2p5,p081,M22_2754,Jointing,3/27/23,nonwheat,nonwheat,,sample,30,8,5,NA,NA,NA,NA,NA,21.7,35.8483191,-76.65583056,1,13.2,293,NA,NA,NA,NA,NA,NA,NA,NA,NA,NA,NA,NA,NA,NA,NA,NA,NA,3.1,0.86,11.3,74,2.9,5.4,76,201,1081,302,17,3.8,3.3,0.6,0.1,nonwheat_March,nonwheat,No,Yes
M22_16S_g03_A09,March,PERVT,small_fuzzy_maple,t2p3,p095,M22_1814,Jointing,3/28/23,nonwheat,nonwheat,,sample,3,1,5,NA,NA,NA,NA,NA,33,36.17843585,-76.35883031,14.7,12.8,295,NA,NA,NA,NA,NA,NA,NA,NA,NA,NA,NA,NA,NA,NA,NA,NA,NA,0.56,0.83,9,82,1.6,5.8,251,163,1068,199,20,14.6,7.9,1.8,0.2,nonwheat_March,nonwheat,No,Yes
M22_16S_g04_C08,March,PERVT,small_fuzzy_maple,t2p4,p100,M22_1835,Jointing,3/28/23,nonwheat,nonwheat,,sample,4,1,5,NA,NA,NA,NA,NA,38.3,36.17838803,-76.35892981,14.2,12.8,295,NA,NA,NA,NA,NA,NA,NA,NA,NA,NA,NA,NA,NA,NA,NA,NA,NA,0.61,0.82,7.6,73.5,1.9,5.3,294.5,132,826,152.5,23,17,8.3,1.65,0.15,nonwheat_March,nonwheat,No,Yes
M22_16S_g05_E10,March,PERVT,small_fuzzy_maple,t2p2,p093,M22_1800,Jointing,3/28/23,nonwheat,nonwheat,,sample,5,2,5,NA,NA,NA,NA,NA,40.5,36.17848368,-76.35873081,9.9,12.8,295,NA,NA,NA,NA,NA,NA,NA,NA,NA,NA,NA,NA,NA,NA,NA,NA,NA,0.51,0.82,8.5,81,1.6,5.75,233,134.5,998.5,191,19.5,13.8,6.9,1.55,0.2,nonwheat_March,nonwheat,No,Yes
M22_16S_g07_C12,March,PERVT,small_fuzzy_maple,t2p4,p099,M22_1834,Jointing,3/28/23,nonwheat,nonwheat,,sample,7,2,5,NA,NA,NA,NA,NA,38.3,36.17838803,-76.35892981,18.3,12.8,295,NA,NA,NA,NA,NA,NA,NA,NA,NA,NA,NA,NA,NA,NA,NA,NA,NA,0.61,0.82,7.6,73.5,1.9,5.3,294.5,132,826,152.5,23,17,8.3,1.65,0.15,nonwheat_March,nonwheat,No,Yes
M22_16S_g10_B05,March,PERVT,small_fuzzy_maple,t2p2,p094,M22_1801,Jointing,3/28/23,nonwheat,nonwheat,,sample,10,3,5,NA,NA,NA,NA,NA,40.5,36.17848368,-76.35873081,11.6,12.8,295,NA,NA,NA,NA,NA,NA,NA,NA,NA,NA,NA,NA,NA,NA,NA,NA,NA,0.51,0.82,8.5,81,1.6,5.75,233,134.5,998.5,191,19.5,13.8,6.9,1.55,0.2,nonwheat_March,nonwheat,No,Yes
M22_16S_g12_F01,March,PERVT,small_fuzzy_maple,t2p3,p096,M22_1815,Jointing,3/28/23,nonwheat,nonwheat,,sample,12,3,0.83,NA,NA,NA,NA,NA,33,36.17843585,-76.35883031,19.4,12.8,295,NA,NA,NA,NA,NA,NA,NA,NA,NA,NA,NA,NA,NA,NA,NA,NA,NA,0.56,0.83,9,82,1.6,5.8,251,163,1068,199,20,14.6,7.9,1.8,0.2,nonwheat_March,nonwheat,No,Yes
M22_16S_g18_F04,March,PERVT,small_fuzzy_maple,t2p2,p092,M22_1799,Jointing,3/28/23,nonwheat,nonwheat,,sample,18,5,5,NA,NA,NA,NA,NA,40.5,36.17848368,-76.35873081,11.3,12.8,295,NA,NA,NA,NA,NA,NA,NA,NA,NA,NA,NA,NA,NA,NA,NA,NA,NA,0.51,0.82,8.5,81,1.6,5.75,233,134.5,998.5,191,19.5,13.8,6.9,1.55,0.2,nonwheat_March,nonwheat,No,Yes
M22_16S_g21_F09,March,PERVT,small_fuzzy_maple,t2p2,p091,M22_1798,Jointing,3/28/23,nonwheat,nonwheat,,sample,21,6,5,NA,NA,NA,NA,NA,40.5,36.17848368,-76.35873081,21.1,12.8,295,NA,NA,NA,NA,NA,NA,NA,NA,NA,NA,NA,NA,NA,NA,NA,NA,NA,0.51,0.82,8.5,81,1.6,5.75,233,134.5,998.5,191,19.5,13.8,6.9,1.55,0.2,nonwheat_March,nonwheat,No,Yes
M22_16S_g24_H09,March,PERVT,small_fuzzy_maple,t2p4,p097,M22_1832,Jointing,3/28/23,nonwheat,nonwheat,,sample,24,6,5,NA,NA,NA,NA,NA,38.3,36.17838803,-76.35892981,10.3,12.8,295,NA,NA,NA,NA,NA,NA,NA,NA,NA,NA,NA,NA,NA,NA,NA,NA,NA,0.61,0.82,7.6,73.5,1.9,5.3,294.5,132,826,152.5,23,17,8.3,1.65,0.15,nonwheat_March,nonwheat,No,Yes
M22_16S_g30_B08,March,PERVT,small_fuzzy_maple,t2p4,p098,M22_1833,Jointing,3/28/23,nonwheat,nonwheat,,sample,30,8,5,NA,NA,NA,NA,NA,38.3,36.17838803,-76.35892981,12.9,12.8,295,NA,NA,NA,NA,NA,NA,NA,NA,NA,NA,NA,NA,NA,NA,NA,NA,NA,0.61,0.82,7.6,73.5,1.9,5.3,294.5,132,826,152.5,23,17,8.3,1.65,0.15,nonwheat_March,nonwheat,No,Yes
M22_16S_g05_B04,March,PERVT,Stellaria_media,t1p5,p049,M22_1770,Jointing,3/28/23,nonwheat,nonwheat,,sample,5,2,5,NA,NA,NA,NA,NA,48.5,36.1785315,-76.35863131,20.4,12.8,295,NA,NA,NA,NA,NA,NA,NA,NA,NA,NA,NA,NA,NA,NA,NA,NA,NA,0.36,0.98,9.3,84,1.5,5.7,46,139,943,331,18,8,2.2,0.8,0.2,nonwheat_March,nonwheat,No,Yes
M22_16S_g08_A03,March,PERVT,Stellaria_media,t1p4,p047,M22_1760,Jointing,3/28/23,nonwheat,nonwheat,,sample,8,2,5,NA,NA,NA,NA,NA,40.6,36.1785611,-76.35858781,17.8,12.8,295,NA,NA,NA,NA,NA,NA,NA,NA,NA,NA,NA,NA,NA,NA,NA,NA,NA,0.36,0.945,9.2,82.5,1.6,5.7,77,138,973,291,17,12.4,4,0.95,0.2,nonwheat_March,nonwheat,No,Yes
M22_16S_g10_D02,March,PERVT,Stellaria_media,t1p1,p042,M22_1731,Jointing,3/28/23,nonwheat,nonwheat,,sample,10,3,5,NA,NA,NA,NA,NA,48.7,36.1786499,-76.3584573,24.8,12.8,295,NA,NA,NA,NA,NA,NA,NA,NA,NA,NA,NA,NA,NA,NA,NA,NA,NA,0.46,0.95,11,84,1.8,5.7,115,197,1208,321,14,12.3,5.8,1,0.2,nonwheat_March,nonwheat,No,Yes
M22_16S_g17_B03,March,PERVT,Stellaria_media,t1p1,p041,M22_1730,Jointing,3/28/23,nonwheat,nonwheat,,sample,17,5,5,NA,NA,NA,NA,NA,48.7,36.1786499,-76.3584573,21.1,12.8,295,NA,NA,NA,NA,NA,NA,NA,NA,NA,NA,NA,NA,NA,NA,NA,NA,NA,0.46,0.95,11,84,1.8,5.7,115,197,1208,321,14,12.3,5.8,1,0.2,nonwheat_March,nonwheat,No,Yes
M22_16S_g17_D08,March,PERVT,Stellaria_media,t1p5,p050,M22_1771,Jointing,3/28/23,nonwheat,nonwheat,,sample,17,5,5,NA,NA,NA,NA,NA,48.5,36.1785315,-76.35863131,13.5,12.8,295,NA,NA,NA,NA,NA,NA,NA,NA,NA,NA,NA,NA,NA,NA,NA,NA,NA,0.36,0.98,9.3,84,1.5,5.7,46,139,943,331,18,8,2.2,0.8,0.2,nonwheat_March,nonwheat,No,Yes
M22_16S_g17_E07,March,PERVT,Stellaria_media,t1p2,p043,M22_1740,Jointing,3/28/23,nonwheat,nonwheat,,sample,17,5,5,NA,NA,NA,NA,NA,48.1,36.1786203,-76.3585008,26.8,12.8,295,NA,NA,NA,NA,NA,NA,NA,NA,NA,NA,NA,NA,NA,NA,NA,NA,NA,0.41,0.93,10.05,82.5,1.75,5.7,111.5,167,1105.5,286,15,14.55,5.8,1.05,0.2,nonwheat_March,nonwheat,No,Yes
M22_16S_g19_G03,March,PERVT,Stellaria_media,t1p2,p044,M22_1741,Jointing,3/28/23,nonwheat,nonwheat,,sample,19,5,5,NA,NA,NA,NA,NA,48.1,36.1786203,-76.3585008,18,12.8,295,NA,NA,NA,NA,NA,NA,NA,NA,NA,NA,NA,NA,NA,NA,NA,NA,NA,0.41,0.93,10.05,82.5,1.75,5.7,111.5,167,1105.5,286,15,14.55,5.8,1.05,0.2,nonwheat_March,nonwheat,No,Yes
M22_16S_g23_C01,March,PERVT,Stellaria_media,t1p4,p048,M22_1761,Jointing,3/28/23,nonwheat,nonwheat,,sample,23,6,5,NA,NA,NA,NA,NA,40.6,36.1785611,-76.35858781,27.3,12.8,295,NA,NA,NA,NA,NA,NA,NA,NA,NA,NA,NA,NA,NA,NA,NA,NA,NA,0.36,0.945,9.2,82.5,1.6,5.7,77,138,973,291,17,12.4,4,0.95,0.2,nonwheat_March,nonwheat,No,Yes
M22_16S_g25_F07,March,PERVT,Stellaria_media,t1p3,p046,M22_1751,Jointing,3/28/23,nonwheat,nonwheat,,sample,25,7,5,NA,NA,NA,NA,NA,53.6,36.1785907,-76.35854431,18.7,12.8,295,NA,NA,NA,NA,NA,NA,NA,NA,NA,NA,NA,NA,NA,NA,NA,NA,NA,0.36,0.91,9.1,81,1.7,5.7,108,137,1003,251,16,16.8,5.8,1.1,0.2,nonwheat_March,nonwheat,No,Yes
M22_16S_g28_C12,March,PERVT,Stellaria_media,t1p3,p045,M22_1750,Jointing,3/28/23,nonwheat,nonwheat,,sample,28,7,5,NA,NA,NA,NA,NA,53.6,36.1785907,-76.35854431,24.9,12.8,295,NA,NA,NA,NA,NA,NA,NA,NA,NA,NA,NA,NA,NA,NA,NA,NA,NA,0.36,0.91,9.1,81,1.7,5.7,108,137,1003,251,16,16.8,5.8,1.1,0.2,nonwheat_March,nonwheat,No,Yes
M22_16S_g01_F04,March,ROWVT,Taraxacum_officinale,lawn,p036,M22_2080,Jointing,3/15/23,nonwheat,nonwheat,,sample,1,1,5,NA,NA,NA,NA,NA,23.3,35.696333,-80.622813,6,11.7,390,NA,NA,NA,NA,NA,NA,NA,NA,NA,NA,NA,NA,NA,NA,NA,NA,NA,0.51,0.82,8.5,75,2.2,5.4,43,148,834,215,20,90.6,3.6,3.8,0.1,nonwheat_March,nonwheat,No,Yes
M22_16S_g03_A01,March,LENVT,Taraxacum_officinale,t1p1,p021,M22_1588,Jointing,3/14/23,nonwheat,nonwheat,,sample,3,1,5,NA,NA,NA,NA,NA,23.7,35.378509,-77.560893,1,13.4,268,NA,NA,NA,NA,NA,NA,NA,NA,NA,NA,NA,NA,NA,NA,NA,NA,NA,0.46,1.08,5.5,61,2.2,5.1,83,70,451,111,17,20.4,4.7,0.7,0.1,nonwheat_March,nonwheat,No,Yes
M22_16S_g03_B07,March,ROWVT,Taraxacum_officinale,lawn,p039,M22_2083,Jointing,3/15/23,nonwheat,nonwheat,,sample,3,1,5,NA,NA,NA,NA,NA,23.3,35.696333,-80.622813,15,11.7,390,NA,NA,NA,NA,NA,NA,NA,NA,NA,NA,NA,NA,NA,NA,NA,NA,NA,0.51,0.82,8.5,75,2.2,5.4,43,148,834,215,20,90.6,3.6,3.8,0.1,nonwheat_March,nonwheat,No,Yes
M22_16S_g04_E12,March,ROWVT,Taraxacum_officinale,lawn,p045,M22_2089,Jointing,3/15/23,nonwheat,nonwheat,,sample,4,1,5,NA,NA,NA,NA,NA,23.3,35.696333,-80.622813,2,11.7,390,NA,NA,NA,NA,NA,NA,NA,NA,NA,NA,NA,NA,NA,NA,NA,NA,NA,0.51,0.82,8.5,75,2.2,5.4,43,148,834,215,20,90.6,3.6,3.8,0.1,nonwheat_March,nonwheat,No,Yes
M22_16S_g06_H12,March,LENVT,Taraxacum_officinale,t1p2,p023,M22_1596,Jointing,3/14/23,nonwheat,nonwheat,,sample,6,2,5,NA,NA,NA,NA,NA,23.9,35.37841195,-77.56093795,1,13.4,268,NA,NA,NA,NA,NA,NA,NA,NA,NA,NA,NA,NA,NA,NA,NA,NA,NA,0.46,1.085,5.2,60,2.1,5.1,77,74.5,417,102.5,18.5,16.15,3.9,0.6,0.1,nonwheat_March,nonwheat,No,Yes
M22_16S_g07_E03,March,WASVT,Taraxacum_officinale,t1p4,p027,M22_2696,Jointing,3/27/23,nonwheat,nonwheat,,sample,7,2,5,NA,NA,NA,NA,NA,33.1,35.84940703,-76.65462425,5,13.2,293,NA,NA,NA,NA,NA,NA,NA,NA,NA,NA,NA,NA,NA,NA,NA,NA,NA,2.8,0.88,12.5,80.5,2.4,5.8,117.5,213.5,1256,401,18,2.65,1.45,0.9,0.1,nonwheat_March,nonwheat,No,Yes
M22_16S_g07_H09,March,WASVT,Taraxacum_officinale,t1p1,p021,M22_2663,Jointing,3/27/23,nonwheat,nonwheat,,sample,7,2,5,NA,NA,NA,NA,NA,22.4,35.849825,-76.654673,4,13.2,293,NA,NA,NA,NA,NA,NA,NA,NA,NA,NA,NA,NA,NA,NA,NA,NA,NA,2.52,0.89,11.3,86,1.6,6.1,117,148,1232,383,15,2.8,1.3,0.9,0.1,nonwheat_March,nonwheat,No,Yes
M22_16S_g09_B12,March,WASVT,Taraxacum_officinale,t1p3,p025,M22_2679,Jointing,3/27/23,nonwheat,nonwheat,,sample,9,3,5,NA,NA,NA,NA,NA,26.8,35.84954635,-76.6546405,4,13.2,293,NA,NA,NA,NA,NA,NA,NA,NA,NA,NA,NA,NA,NA,NA,NA,NA,NA,2.68,0.93,10.9,79,2.3,5.7,120,185,1090,334,17,2.4,1.3,0.9,0.1,nonwheat_March,nonwheat,No,Yes
M22_16S_g12_D06,March,WASVT,Taraxacum_officinale,t1p2,p023,M22_2671,Jointing,3/27/23,nonwheat,nonwheat,,sample,12,3,5,NA,NA,NA,NA,NA,27.9,35.84968568,-76.65465675,4,13.2,293,NA,NA,NA,NA,NA,NA,NA,NA,NA,NA,NA,NA,NA,NA,NA,NA,NA,2.6,0.91,11.1,82.5,1.95,5.9,118.5,166.5,1161,358.5,16,2.6,1.3,0.9,0.1,nonwheat_March,nonwheat,No,Yes
M22_16S_g13_B12,March,WASVT,Taraxacum_officinale,t1p5,p030,M22_2705,Jointing,3/27/23,nonwheat,nonwheat,,sample,13,4,5,NA,NA,NA,NA,NA,25.6,35.8492677,-76.654608,4,13.2,293,NA,NA,NA,NA,NA,NA,NA,NA,NA,NA,NA,NA,NA,NA,NA,NA,NA,2.92,0.83,14.1,82,2.5,5.9,115,242,1422,468,19,2.9,1.6,0.9,0.1,nonwheat_March,nonwheat,No,Yes
M22_16S_g13_G02,March,WASVT,Taraxacum_officinale,t1p3,p026,M22_2689,Jointing,3/27/23,nonwheat,nonwheat,,sample,13,4,5,NA,NA,NA,NA,NA,26.8,35.84954635,-76.6546405,4,13.2,293,NA,NA,NA,NA,NA,NA,NA,NA,NA,NA,NA,NA,NA,NA,NA,NA,NA,2.68,0.93,10.9,79,2.3,5.7,120,185,1090,334,17,2.4,1.3,0.9,0.1,nonwheat_March,nonwheat,No,Yes
M22_16S_g14_A01,March,ROWVT,Taraxacum_officinale,lawn,p043,M22_2087,Jointing,3/15/23,nonwheat,nonwheat,,sample,14,4,5,NA,NA,NA,NA,NA,23.3,35.696333,-80.622813,9,11.7,390,NA,NA,NA,NA,NA,NA,NA,NA,NA,NA,NA,NA,NA,NA,NA,NA,NA,0.51,0.82,8.5,75,2.2,5.4,43,148,834,215,20,90.6,3.6,3.8,0.1,nonwheat_March,nonwheat,No,Yes
M22_16S_g14_A06,March,LENVT,Taraxacum_officinale,t1p5,p029,M22_1638,Jointing,3/14/23,nonwheat,nonwheat,,sample,14,4,5,NA,NA,NA,NA,NA,23.7,35.3781208,-77.56107279,1,13.4,268,NA,NA,NA,NA,NA,NA,NA,NA,NA,NA,NA,NA,NA,NA,NA,NA,NA,0.46,1.01,6.1,69,1.9,5.4,90,105,591,121,17,22.5,4.4,0.5,0.1,nonwheat_March,nonwheat,No,Yes
M22_16S_g14_B08,March,LENVT,Taraxacum_officinale,t1p4,p028,M22_1621,Jointing,3/14/23,nonwheat,nonwheat,,sample,14,4,5,NA,NA,NA,NA,NA,19.8,35.37821785,-77.56102784,1,13.4,268,NA,NA,NA,NA,NA,NA,NA,NA,NA,NA,NA,NA,NA,NA,NA,NA,NA,0.46,1.05,5.5,64,1.95,5.25,80.5,92,487,107.5,18.5,17.2,3.75,0.5,0.1,nonwheat_March,nonwheat,No,Yes
M22_16S_g15_B08,March,ROWVT,Taraxacum_officinale,lawn,p038,M22_2082,Jointing,3/15/23,nonwheat,nonwheat,,sample,15,4,5,NA,NA,NA,NA,NA,23.3,35.696333,-80.622813,18,11.7,390,NA,NA,NA,NA,NA,NA,NA,NA,NA,NA,NA,NA,NA,NA,NA,NA,NA,0.51,0.82,8.5,75,2.2,5.4,43,148,834,215,20,90.6,3.6,3.8,0.1,nonwheat_March,nonwheat,No,Yes
M22_16S_g16_C11,March,ROWVT,Taraxacum_officinale,lawn,p037,M22_2081,Jointing,3/15/23,nonwheat,nonwheat,,sample,16,4,5,NA,NA,NA,NA,NA,23.3,35.696333,-80.622813,10,11.7,390,NA,NA,NA,NA,NA,NA,NA,NA,NA,NA,NA,NA,NA,NA,NA,NA,NA,0.51,0.82,8.5,75,2.2,5.4,43,148,834,215,20,90.6,3.6,3.8,0.1,nonwheat_March,nonwheat,No,Yes
M22_16S_g16_F08,March,LENVT,Taraxacum_officinale,t1p2,p024,M22_1597,Jointing,3/14/23,nonwheat,nonwheat,,sample,16,4,5,NA,NA,NA,NA,NA,23.9,35.37841195,-77.56093795,1,13.4,268,NA,NA,NA,NA,NA,NA,NA,NA,NA,NA,NA,NA,NA,NA,NA,NA,NA,0.46,1.085,5.2,60,2.1,5.1,77,74.5,417,102.5,18.5,16.15,3.9,0.6,0.1,nonwheat_March,nonwheat,No,Yes
M22_16S_g16_H10,March,ROWVT,Taraxacum_officinale,lawn,p041,M22_2085,Jointing,3/15/23,nonwheat,nonwheat,,sample,16,4,5,NA,NA,NA,NA,NA,23.3,35.696333,-80.622813,2,11.7,390,NA,NA,NA,NA,NA,NA,NA,NA,NA,NA,NA,NA,NA,NA,NA,NA,NA,0.51,0.82,8.5,75,2.2,5.4,43,148,834,215,20,90.6,3.6,3.8,0.1,nonwheat_March,nonwheat,No,Yes
M22_16S_g17_B07,March,LENVT,Taraxacum_officinale,t1p3,p026,M22_1609,Jointing,3/14/23,nonwheat,nonwheat,,sample,17,5,5,NA,NA,NA,NA,NA,23.3,35.3783149,-77.5609829,1,13.4,268,NA,NA,NA,NA,NA,NA,NA,NA,NA,NA,NA,NA,NA,NA,NA,NA,NA,0.46,1.09,4.9,59,2,5.1,71,79,383,94,20,11.9,3.1,0.5,0.1,nonwheat_March,nonwheat,No,Yes
M22_16S_g18_G05,March,LENVT,Taraxacum_officinale,t1p3,p025,M22_1608,Jointing,3/14/23,nonwheat,nonwheat,,sample,18,5,5,NA,NA,NA,NA,NA,23.3,35.3783149,-77.5609829,1,13.4,268,NA,NA,NA,NA,NA,NA,NA,NA,NA,NA,NA,NA,NA,NA,NA,NA,NA,0.46,1.09,4.9,59,2,5.1,71,79,383,94,20,11.9,3.1,0.5,0.1,nonwheat_March,nonwheat,No,Yes
M22_16S_g22_H01,March,ROWVT,Taraxacum_officinale,lawn,p040,M22_2084,Jointing,3/15/23,nonwheat,nonwheat,,sample,22,6,5,NA,NA,NA,NA,NA,23.3,35.696333,-80.622813,12,11.7,390,NA,NA,NA,NA,NA,NA,NA,NA,NA,NA,NA,NA,NA,NA,NA,NA,NA,0.51,0.82,8.5,75,2.2,5.4,43,148,834,215,20,90.6,3.6,3.8,0.1,nonwheat_March,nonwheat,No,Yes
M22_16S_g24_B01,March,WASVT,Taraxacum_officinale,t1p1,p022,M22_2664,Jointing,3/27/23,nonwheat,nonwheat,,sample,24,6,5,NA,NA,NA,NA,NA,22.4,35.849825,-76.654673,3,13.2,293,NA,NA,NA,NA,NA,NA,NA,NA,NA,NA,NA,NA,NA,NA,NA,NA,NA,2.52,0.89,11.3,86,1.6,6.1,117,148,1232,383,15,2.8,1.3,0.9,0.1,nonwheat_March,nonwheat,No,Yes
M22_16S_g24_G12,March,WASVT,Taraxacum_officinale,t1p2,p024,M22_2672,Jointing,3/27/23,nonwheat,nonwheat,,sample,24,6,5,NA,NA,NA,NA,NA,27.9,35.84968568,-76.65465675,3.5,13.2,293,NA,NA,NA,NA,NA,NA,NA,NA,NA,NA,NA,NA,NA,NA,NA,NA,NA,2.6,0.91,11.1,82.5,1.95,5.9,118.5,166.5,1161,358.5,16,2.6,1.3,0.9,0.1,nonwheat_March,nonwheat,No,Yes
M22_16S_g25_G01,March,LENVT,Taraxacum_officinale,t1p4,p027,M22_1620,Jointing,3/14/23,nonwheat,nonwheat,,sample,25,7,5,NA,NA,NA,NA,NA,19.8,35.37821785,-77.56102784,1,13.4,268,NA,NA,NA,NA,NA,NA,NA,NA,NA,NA,NA,NA,NA,NA,NA,NA,NA,0.46,1.05,5.5,64,1.95,5.25,80.5,92,487,107.5,18.5,17.2,3.75,0.5,0.1,nonwheat_March,nonwheat,No,Yes
M22_16S_g26_G12,March,LENVT,Taraxacum_officinale,t1p1,p022,M22_1589,Jointing,3/14/23,nonwheat,nonwheat,,sample,26,7,5,NA,NA,NA,NA,NA,23.7,35.378509,-77.560893,1,13.4,268,NA,NA,NA,NA,NA,NA,NA,NA,NA,NA,NA,NA,NA,NA,NA,NA,NA,0.46,1.08,5.5,61,2.2,5.1,83,70,451,111,17,20.4,4.7,0.7,0.1,nonwheat_March,nonwheat,No,Yes
M22_16S_g27_B06,March,ROWVT,Taraxacum_officinale,lawn,p042,M22_2086,Jointing,3/15/23,nonwheat,nonwheat,,sample,27,7,5,NA,NA,NA,NA,NA,23.3,35.696333,-80.622813,2,11.7,390,NA,NA,NA,NA,NA,NA,NA,NA,NA,NA,NA,NA,NA,NA,NA,NA,NA,0.51,0.82,8.5,75,2.2,5.4,43,148,834,215,20,90.6,3.6,3.8,0.1,nonwheat_March,nonwheat,No,Yes
M22_16S_g27_G05,March,WASVT,Taraxacum_officinale,t1p5,p029,M22_2704,Jointing,3/27/23,nonwheat,nonwheat,,sample,27,7,5,NA,NA,NA,NA,NA,25.6,35.8492677,-76.654608,5.5,13.2,293,NA,NA,NA,NA,NA,NA,NA,NA,NA,NA,NA,NA,NA,NA,NA,NA,NA,2.92,0.83,14.1,82,2.5,5.9,115,242,1422,468,19,2.9,1.6,0.9,0.1,nonwheat_March,nonwheat,No,Yes
M22_16S_g29_A04,March,WASVT,Taraxacum_officinale,t1p4,p028,M22_2697,Jointing,3/27/23,nonwheat,nonwheat,,sample,29,8,5,NA,NA,NA,NA,NA,33.1,35.84940703,-76.65462425,4,13.2,293,NA,NA,NA,NA,NA,NA,NA,NA,NA,NA,NA,NA,NA,NA,NA,NA,NA,2.8,0.88,12.5,80.5,2.4,5.8,117.5,213.5,1256,401,18,2.65,1.45,0.9,0.1,nonwheat_March,nonwheat,No,Yes
M22_16S_g29_D11,March,ROWVT,Taraxacum_officinale,lawn,p044,M22_2088,Jointing,3/15/23,nonwheat,nonwheat,,sample,29,8,5,NA,NA,NA,NA,NA,23.3,35.696333,-80.622813,4,11.7,390,NA,NA,NA,NA,NA,NA,NA,NA,NA,NA,NA,NA,NA,NA,NA,NA,NA,0.51,0.82,8.5,75,2.2,5.4,43,148,834,215,20,90.6,3.6,3.8,0.1,nonwheat_March,nonwheat,No,Yes
M22_16S_g31_C02,March,LENVT,Taraxacum_officinale,t1p5,p030,M22_1639,Jointing,3/14/23,nonwheat,nonwheat,,sample,31,8,5,NA,NA,NA,NA,NA,23.7,35.3781208,-77.56107279,1,13.4,268,NA,NA,NA,NA,NA,NA,NA,NA,NA,NA,NA,NA,NA,NA,NA,NA,NA,0.46,1.01,6.1,69,1.9,5.4,90,105,591,121,17,22.5,4.4,0.5,0.1,nonwheat_March,nonwheat,No,Yes
M22_16S_g02_D03,April,PERVT,Taxodium_distichum,t1p4,p081,M22_0337,Heading,5/5/23,nonwheat,nonwheat,,sample,2,1,3.64,NA,NA,NA,NA,NA,28.4,36.17845578,-76.35887025,3000,15.7,361,NA,NA,NA,NA,NA,NA,NA,NA,NA,NA,NA,NA,NA,NA,NA,NA,NA,0.635,0.79,8.4,79.5,1.7,5.5,148,124,961.5,191,15.5,13,6.25,1.35,0.2,nonwheat_April,nonwheat,No,Yes
M22_16S_g02_F08,April,PERVT,Taxodium_distichum,t1p4,p086,M22_0342,Heading,5/5/23,nonwheat,nonwheat,,sample,2,1,5,NA,NA,NA,NA,NA,28.4,36.17845578,-76.35887025,3000,15.7,361,NA,NA,NA,NA,NA,NA,NA,NA,NA,NA,NA,NA,NA,NA,NA,NA,NA,0.635,0.79,8.4,79.5,1.7,5.5,148,124,961.5,191,15.5,13,6.25,1.35,0.2,nonwheat_April,nonwheat,No,Yes
M22_16S_g07_G01,April,PERVT,Taxodium_distichum,t1p4,p083,M22_0339,Heading,5/5/23,nonwheat,nonwheat,,sample,7,2,0.15,NA,NA,NA,NA,NA,28.4,36.17845578,-76.35887025,3000,15.7,361,NA,NA,NA,NA,NA,NA,NA,NA,NA,NA,NA,NA,NA,NA,NA,NA,NA,0.635,0.79,8.4,79.5,1.7,5.5,148,124,961.5,191,15.5,13,6.25,1.35,0.2,nonwheat_April,nonwheat,No,Yes
M22_16S_g12_A09,April,PERVT,Taxodium_distichum,t1p4,p084,M22_0340,Heading,5/5/23,nonwheat,nonwheat,,sample,12,3,5,NA,NA,NA,NA,NA,28.4,36.17845578,-76.35887025,3000,15.7,361,NA,NA,NA,NA,NA,NA,NA,NA,NA,NA,NA,NA,NA,NA,NA,NA,NA,0.635,0.79,8.4,79.5,1.7,5.5,148,124,961.5,191,15.5,13,6.25,1.35,0.2,nonwheat_April,nonwheat,No,Yes
M22_16S_g13_H04,April,PERVT,Taxodium_distichum,t1p4,p088,M22_0344,Heading,5/5/23,nonwheat,nonwheat,,sample,13,4,5,NA,NA,NA,NA,NA,28.4,36.17845578,-76.35887025,3000,15.7,361,NA,NA,NA,NA,NA,NA,NA,NA,NA,NA,NA,NA,NA,NA,NA,NA,NA,0.635,0.79,8.4,79.5,1.7,5.5,148,124,961.5,191,15.5,13,6.25,1.35,0.2,nonwheat_April,nonwheat,No,Yes
M22_16S_g17_H08,April,PERVT,Taxodium_distichum,t1p4,p082,M22_0338,Heading,5/5/23,nonwheat,nonwheat,,sample,17,5,5,NA,NA,NA,NA,NA,28.4,36.17845578,-76.35887025,3000,15.7,361,NA,NA,NA,NA,NA,NA,NA,NA,NA,NA,NA,NA,NA,NA,NA,NA,NA,0.635,0.79,8.4,79.5,1.7,5.5,148,124,961.5,191,15.5,13,6.25,1.35,0.2,nonwheat_April,nonwheat,No,Yes
M22_16S_g20_D11,April,PERVT,Taxodium_distichum,t1p4,p087,M22_0343,Heading,5/5/23,nonwheat,nonwheat,,sample,20,5,5,NA,NA,NA,NA,NA,28.4,36.17845578,-76.35887025,3000,15.7,361,NA,NA,NA,NA,NA,NA,NA,NA,NA,NA,NA,NA,NA,NA,NA,NA,NA,0.635,0.79,8.4,79.5,1.7,5.5,148,124,961.5,191,15.5,13,6.25,1.35,0.2,nonwheat_April,nonwheat,No,Yes
M22_16S_g24_F08,April,PERVT,Taxodium_distichum,t1p4,p090,M22_0346,Heading,5/5/23,nonwheat,nonwheat,,sample,24,6,5,NA,NA,NA,NA,NA,28.4,36.17845578,-76.35887025,3000,15.7,361,NA,NA,NA,NA,NA,NA,NA,NA,NA,NA,NA,NA,NA,NA,NA,NA,NA,0.635,0.79,8.4,79.5,1.7,5.5,148,124,961.5,191,15.5,13,6.25,1.35,0.2,nonwheat_April,nonwheat,No,Yes
M22_16S_g30_B12,April,PERVT,Taxodium_distichum,t1p4,p089,M22_0345,Heading,5/5/23,nonwheat,nonwheat,,sample,30,8,5,NA,NA,NA,NA,NA,28.4,36.17845578,-76.35887025,3000,15.7,361,NA,NA,NA,NA,NA,NA,NA,NA,NA,NA,NA,NA,NA,NA,NA,NA,NA,0.635,0.79,8.4,79.5,1.7,5.5,148,124,961.5,191,15.5,13,6.25,1.35,0.2,nonwheat_April,nonwheat,No,Yes
M22_16S_g31_G07,April,PERVT,Taxodium_distichum,t1p4,p085,M22_0341,Heading,5/5/23,nonwheat,nonwheat,,sample,31,8,5,NA,NA,NA,NA,NA,28.4,36.17845578,-76.35887025,3000,15.7,361,NA,NA,NA,NA,NA,NA,NA,NA,NA,NA,NA,NA,NA,NA,NA,NA,NA,0.635,0.79,8.4,79.5,1.7,5.5,148,124,961.5,191,15.5,13,6.25,1.35,0.2,nonwheat_April,nonwheat,No,Yes
M22_16S_g01_F02,April,PERVT,Trifolium_sp,t2p1,p031,M22_0353,Heading,5/5/23,nonwheat,nonwheat,,sample,1,1,5,NA,NA,NA,NA,NA,43.7,36.178693,-76.35845,7,15.7,361,NA,NA,NA,NA,NA,NA,NA,NA,NA,NA,NA,NA,NA,NA,NA,NA,NA,0.56,0.83,9.7,79,2.1,5.4,53,86,1078,246,16,16.6,6.2,1.1,0.2,nonwheat_April,nonwheat,No,Yes
M22_16S_g02_B09,April,ROWVT,Trifolium_sp,t1p4,p027,M22_0789,Heading,4/27/23,nonwheat,nonwheat,,sample,2,1,5,NA,NA,NA,NA,NA,18.2,35.69661453,-80.62304942,8,15,469,NA,NA,NA,NA,NA,NA,NA,NA,NA,NA,NA,NA,NA,NA,NA,NA,NA,0.485,0.775,11.5,86,1.6,6.1,96.5,213,1293.5,349,20,82.15,8.2,4,0.1,nonwheat_April,nonwheat,No,Yes
M22_16S_g02_C06,April,LENVT,Trifolium_sp,t2p3,p025,M22_0193,Heading,4/20/23,nonwheat,nonwheat,,sample,2,1,5,NA,NA,NA,NA,NA,20.1,35.37909985,-77.5604651,32,16.4,335,NA,NA,NA,NA,NA,NA,NA,NA,NA,NA,NA,NA,NA,NA,NA,NA,NA,0.66,1.14,3.2,41,1.9,4.7,76,75,180,25,19,13.8,2.4,0.5,0,nonwheat_April,nonwheat,No,Yes
M22_16S_g03_B08,April,PERVT,Trifolium_sp,t2p3,p036,M22_0390,Heading,5/5/23,nonwheat,nonwheat,,sample,3,1,5,NA,NA,NA,NA,NA,50.8,36.17859735,-76.358649,6,15.7,361,NA,NA,NA,NA,NA,NA,NA,NA,NA,NA,NA,NA,NA,NA,NA,NA,NA,0.71,0.81,8.6,72,2.4,5,60,100,897,181,18,16.7,7,0.9,0.2,nonwheat_April,nonwheat,No,Yes
M22_16S_g03_C03,March,WAKMP,Trifolium_sp,t1p2,p016,M22_2541,Jointing,3/10/23,nonwheat,nonwheat,,sample,3,1,5,NA,NA,NA,NA,NA,21.7,35.73445085,-78.70144717,7,12.7,324,NA,NA,NA,NA,NA,NA,NA,NA,NA,NA,NA,NA,NA,NA,NA,NA,NA,0.36,1.015,6.65,70,1.8,5.35,253,113.5,675,146.5,29,20.85,12.55,1.1,0.05,nonwheat_March,nonwheat,No,Yes
M22_16S_g04_A07,March,WAKMP,Trifolium_sp,t1p2,p008,M22_2538,Jointing,3/10/23,nonwheat,nonwheat,,sample,4,1,5,NA,NA,NA,NA,NA,21.7,35.73445085,-78.70144717,7,12.7,324,NA,NA,NA,NA,NA,NA,NA,NA,NA,NA,NA,NA,NA,NA,NA,NA,NA,0.36,1.015,6.65,70,1.8,5.35,253,113.5,675,146.5,29,20.85,12.55,1.1,0.05,nonwheat_March,nonwheat,No,Yes
M22_16S_g05_G06,March,WAKMP,Trifolium_sp,t1p2,p060,M22_2557,Jointing,3/10/23,nonwheat,nonwheat,,sample,5,2,5,NA,NA,NA,NA,NA,21.7,35.73445085,-78.70144717,NA,12.7,324,NA,NA,NA,NA,NA,NA,NA,NA,NA,NA,NA,NA,NA,NA,NA,NA,NA,0.36,1.015,6.65,70,1.8,5.35,253,113.5,675,146.5,29,20.85,12.55,1.1,0.05,nonwheat_March,nonwheat,No,Yes
M22_16S_g06_H11,April,LENVT,Trifolium_sp,t2p2,p024,M22_0178,Heading,4/20/23,nonwheat,nonwheat,,sample,6,2,5,NA,NA,NA,NA,NA,15.2,35.37913073,-77.56057455,14,16.4,335,NA,NA,NA,NA,NA,NA,NA,NA,NA,NA,NA,NA,NA,NA,NA,NA,NA,0.66,1.085,5.45,64,1.45,5.5,68,92.5,554,120.5,19,13.45,2.4,0.65,0.05,nonwheat_April,nonwheat,No,Yes
M22_16S_g07_F03,April,LENVT,Trifolium_sp,t2p1,p022,M22_0170,Heading,4/20/23,nonwheat,nonwheat,,sample,7,2,5,NA,NA,NA,NA,NA,12.2,35.3791616,-77.560684,68,16.4,335,NA,NA,NA,NA,NA,NA,NA,NA,NA,NA,NA,NA,NA,NA,NA,NA,NA,0.66,1.03,7.7,87,1,6.3,60,110,928,216,19,13.1,2.4,0.8,0.1,nonwheat_April,nonwheat,No,Yes
M22_16S_g08_D04,April,ROWVT,Trifolium_sp,t1p5,p029,M22_0801,Heading,4/27/23,nonwheat,nonwheat,,sample,8,2,5,NA,NA,NA,NA,NA,25.7,35.6966667,-80.62305556,9,15,469,NA,NA,NA,NA,NA,NA,NA,NA,NA,NA,NA,NA,NA,NA,NA,NA,NA,0.51,0.71,11.9,84,1.9,6,128,183,1335,351,16,53,8.6,3.4,0.1,nonwheat_April,nonwheat,No,Yes
M22_16S_g08_H09,April,ROWVT,Trifolium_sp,t1p3,p026,M22_0778,Heading,4/27/23,nonwheat,nonwheat,,sample,8,2,5,NA,NA,NA,NA,NA,18.9,35.69656235,-80.62304328,6,15,469,NA,NA,NA,NA,NA,NA,NA,NA,NA,NA,NA,NA,NA,NA,NA,NA,NA,0.46,0.84,11.1,88,1.3,6.2,65,243,1252,347,24,111.3,7.8,4.6,0.1,nonwheat_April,nonwheat,No,Yes
M22_16S_g10_G09,April,LENVT,Trifolium_sp,t1p5,p051,M22_0157,Heading,4/20/23,nonwheat,nonwheat,,sample,10,3,5,NA,NA,NA,NA,NA,16,35.3785291,-77.5608866,43,16.4,335,NA,NA,NA,NA,NA,NA,NA,NA,NA,NA,NA,NA,NA,NA,NA,NA,NA,0.46,1.14,4.3,57,1.9,5,138,42,352,70,18,8.5,3.3,0.6,0.1,nonwheat_April,nonwheat,No,Yes
M22_16S_g11_E01,April,LENVT,Trifolium_sp,t1p4,p053,M22_0147,Heading,4/20/23,nonwheat,nonwheat,,sample,11,3,1.46,NA,NA,NA,NA,NA,14.9,35.37862615,-77.56084165,64,16.4,335,NA,NA,NA,NA,NA,NA,NA,NA,NA,NA,NA,NA,NA,NA,NA,NA,NA,0.485,1.1,5.1,61.5,1.95,5.05,117.5,49.5,473,80.5,17.5,11.5,3.15,0.55,0.1,nonwheat_April,nonwheat,No,Yes
M22_16S_g11_G05,April,PERVT,Trifolium_sp,t2p2,p033,M22_0371,Heading,5/5/23,nonwheat,nonwheat,,sample,11,3,5,NA,NA,NA,NA,NA,44.8,36.17864518,-76.3585495,6,15.7,361,NA,NA,NA,NA,NA,NA,NA,NA,NA,NA,NA,NA,NA,NA,NA,NA,NA,0.635,0.82,9.15,75.5,2.25,5.2,56.5,93,987.5,213.5,17,16.65,6.6,1,0.2,nonwheat_April,nonwheat,No,Yes
M22_16S_g12_D10,March,WAKMP,Trifolium_sp,t1p2,p057,M22_2554,Jointing,3/10/23,nonwheat,nonwheat,,sample,12,3,5,NA,NA,NA,NA,NA,21.7,35.73445085,-78.70144717,NA,12.7,324,NA,NA,NA,NA,NA,NA,NA,NA,NA,NA,NA,NA,NA,NA,NA,NA,NA,0.36,1.015,6.65,70,1.8,5.35,253,113.5,675,146.5,29,20.85,12.55,1.1,0.05,nonwheat_March,nonwheat,No,Yes
M22_16S_g12_E09,April,LENVT,Trifolium_sp,t1p2,p057,M22_0127,Heading,4/20/23,nonwheat,nonwheat,,sample,12,3,5,NA,NA,NA,NA,NA,15.9,35.37882025,-77.56075176,58,16.4,335,NA,NA,NA,NA,NA,NA,NA,NA,NA,NA,NA,NA,NA,NA,NA,NA,NA,0.51,1.06,5.65,64.5,2,5.1,88.5,65,550.5,87.5,16.5,21.5,3.6,0.5,0.1,nonwheat_April,nonwheat,No,Yes
M22_16S_g14_A10,April,LENVT,Trifolium_sp,t2p5,p029,M22_0209,Heading,4/20/23,nonwheat,nonwheat,,sample,14,4,5,NA,NA,NA,NA,NA,21.8,35.3790381,-77.5602462,43,16.4,335,NA,NA,NA,NA,NA,NA,NA,NA,NA,NA,NA,NA,NA,NA,NA,NA,NA,0.56,1.02,3.8,49,2,4.9,71,70,238,62,18,31.9,4.4,0.6,0.1,nonwheat_April,nonwheat,No,Yes
M22_16S_g14_G07,March,PERVT,Trifolium_sp,t1p4,p027,M22_1756,Jointing,3/28/23,nonwheat,nonwheat,,sample,14,4,5,NA,NA,NA,NA,NA,40.6,36.1785611,-76.35858781,8.7,12.8,295,NA,NA,NA,NA,NA,NA,NA,NA,NA,NA,NA,NA,NA,NA,NA,NA,NA,0.36,0.945,9.2,82.5,1.6,5.7,77,138,973,291,17,12.4,4,0.95,0.2,nonwheat_March,nonwheat,No,Yes
M22_16S_g16_E10,April,LENVT,Trifolium_sp,t1p3,p055,M22_0137,Heading,4/20/23,nonwheat,nonwheat,,sample,16,4,5,NA,NA,NA,NA,NA,14.6,35.3787232,-77.56079671,55,16.4,335,NA,NA,NA,NA,NA,NA,NA,NA,NA,NA,NA,NA,NA,NA,NA,NA,NA,0.51,1.06,5.9,66,2,5.1,97,57,594,91,17,14.5,3,0.5,0.1,nonwheat_April,nonwheat,No,Yes
M22_16S_g17_B12,April,ROWVT,Trifolium_sp,t1p5,p030,M22_0802,Heading,4/27/23,nonwheat,nonwheat,,sample,17,5,5,NA,NA,NA,NA,NA,25.7,35.6966667,-80.62305556,7,15,469,NA,NA,NA,NA,NA,NA,NA,NA,NA,NA,NA,NA,NA,NA,NA,NA,NA,0.51,0.71,11.9,84,1.9,6,128,183,1335,351,16,53,8.6,3.4,0.1,nonwheat_April,nonwheat,No,Yes
M22_16S_g17_C11,April,ROWVT,Trifolium_sp,t1p2,p024,M22_0758,Heading,4/27/23,nonwheat,nonwheat,,sample,17,5,5,NA,NA,NA,NA,NA,17.4,35.69651018,-80.62303714,4,15,469,NA,NA,NA,NA,NA,NA,NA,NA,NA,NA,NA,NA,NA,NA,NA,NA,NA,0.435,0.785,12.2,88,1.45,6.25,92,259.5,1385,386,22,76.75,8.95,4.75,0.1,nonwheat_April,nonwheat,No,Yes
M22_16S_g17_E03,March,WAKMP,Trifolium_sp,t1p2,p054,M22_2551,Jointing,3/10/23,nonwheat,nonwheat,,sample,17,5,5,NA,NA,NA,NA,NA,21.7,35.73445085,-78.70144717,NA,12.7,324,NA,NA,NA,NA,NA,NA,NA,NA,NA,NA,NA,NA,NA,NA,NA,NA,NA,0.36,1.015,6.65,70,1.8,5.35,253,113.5,675,146.5,29,20.85,12.55,1.1,0.05,nonwheat_March,nonwheat,No,Yes
M22_16S_g17_E10,April,PERVT,Trifolium_sp,t2p2,p034,M22_0372,Heading,5/5/23,nonwheat,nonwheat,,sample,17,5,5,NA,NA,NA,NA,NA,44.8,36.17864518,-76.3585495,7,15.7,361,NA,NA,NA,NA,NA,NA,NA,NA,NA,NA,NA,NA,NA,NA,NA,NA,NA,0.635,0.82,9.15,75.5,2.25,5.2,56.5,93,987.5,213.5,17,16.65,6.6,1,0.2,nonwheat_April,nonwheat,No,Yes
M22_16S_g17_F05,April,LENVT,Trifolium_sp,t1p5,p052,M22_0158,Heading,4/20/23,nonwheat,nonwheat,,sample,17,5,5,NA,NA,NA,NA,NA,16,35.3785291,-77.5608866,39,16.4,335,NA,NA,NA,NA,NA,NA,NA,NA,NA,NA,NA,NA,NA,NA,NA,NA,NA,0.46,1.14,4.3,57,1.9,5,138,42,352,70,18,8.5,3.3,0.6,0.1,nonwheat_April,nonwheat,No,Yes
M22_16S_g17_F11,April,LENVT,Trifolium_sp,t1p1,p059,M22_0117,Heading,4/20/23,nonwheat,nonwheat,,sample,17,5,5,NA,NA,NA,NA,NA,13.7,35.3789173,-77.56070681,62,16.4,335,NA,NA,NA,NA,NA,NA,NA,NA,NA,NA,NA,NA,NA,NA,NA,NA,NA,0.51,1.06,5.4,63,2,5.1,80,73,507,84,16,28.5,4.2,0.5,0.1,nonwheat_April,nonwheat,No,Yes
M22_16S_g17_G04,April,PERVT,Trifolium_sp,t2p3,p035,M22_0389,Heading,5/5/23,nonwheat,nonwheat,,sample,17,5,5,NA,NA,NA,NA,NA,50.8,36.17859735,-76.358649,7,15.7,361,NA,NA,NA,NA,NA,NA,NA,NA,NA,NA,NA,NA,NA,NA,NA,NA,NA,0.71,0.81,8.6,72,2.4,5,60,100,897,181,18,16.7,7,0.9,0.2,nonwheat_April,nonwheat,No,Yes
M22_16S_g18_C05,April,ROWVT,Trifolium_sp,t1p3,p025,M22_0777,Heading,4/27/23,nonwheat,nonwheat,,sample,18,5,5,NA,NA,NA,NA,NA,18.9,35.69656235,-80.62304328,5,15,469,NA,NA,NA,NA,NA,NA,NA,NA,NA,NA,NA,NA,NA,NA,NA,NA,NA,0.46,0.84,11.1,88,1.3,6.2,65,243,1252,347,24,111.3,7.8,4.6,0.1,nonwheat_April,nonwheat,No,Yes
M22_16S_g18_D01,March,PERVT,Trifolium_sp,t1p3,p025,M22_1746,Jointing,3/28/23,nonwheat,nonwheat,,sample,18,5,5,NA,NA,NA,NA,NA,53.6,36.1785907,-76.35854431,5.7,12.8,295,NA,NA,NA,NA,NA,NA,NA,NA,NA,NA,NA,NA,NA,NA,NA,NA,NA,0.36,0.91,9.1,81,1.7,5.7,108,137,1003,251,16,16.8,5.8,1.1,0.2,nonwheat_March,nonwheat,No,Yes
M22_16S_g18_F09,April,LENVT,Trifolium_sp,t2p1,p021,M22_0169,Heading,4/20/23,nonwheat,nonwheat,,sample,18,5,5,NA,NA,NA,NA,NA,12.2,35.3791616,-77.560684,110,16.4,335,NA,NA,NA,NA,NA,NA,NA,NA,NA,NA,NA,NA,NA,NA,NA,NA,NA,0.66,1.03,7.7,87,1,6.3,60,110,928,216,19,13.1,2.4,0.8,0.1,nonwheat_April,nonwheat,No,Yes
M22_16S_g19_C11,April,ROWVT,Trifolium_sp,t1p1,p021,M22_0745,Heading,4/27/23,nonwheat,nonwheat,,sample,19,5,5,NA,NA,NA,NA,NA,20.8,35.696458,-80.623031,7,15,469,NA,NA,NA,NA,NA,NA,NA,NA,NA,NA,NA,NA,NA,NA,NA,NA,NA,0.41,0.73,13.3,88,1.6,6.3,119,276,1518,425,20,42.2,10.1,4.9,0.1,nonwheat_April,nonwheat,No,Yes
M22_16S_g19_E02,March,PERVT,Trifolium_sp,t1p5,p029,M22_1766,Jointing,3/28/23,nonwheat,nonwheat,,sample,19,5,5,NA,NA,NA,NA,NA,48.5,36.1785315,-76.35863131,17.5,12.8,295,NA,NA,NA,NA,NA,NA,NA,NA,NA,NA,NA,NA,NA,NA,NA,NA,NA,0.36,0.98,9.3,84,1.5,5.7,46,139,943,331,18,8,2.2,0.8,0.2,nonwheat_March,nonwheat,No,Yes
M22_16S_g19_G08,April,PERVT,Trifolium_sp,t2p1,p032,M22_0354,Heading,5/5/23,nonwheat,nonwheat,,sample,19,5,5,NA,NA,NA,NA,NA,43.7,36.178693,-76.35845,14,15.7,361,NA,NA,NA,NA,NA,NA,NA,NA,NA,NA,NA,NA,NA,NA,NA,NA,NA,0.56,0.83,9.7,79,2.1,5.4,53,86,1078,246,16,16.6,6.2,1.1,0.2,nonwheat_April,nonwheat,No,Yes
M22_16S_g20_B08,March,PERVT,Trifolium_sp,t1p2,p023,M22_1736,Jointing,3/28/23,nonwheat,nonwheat,,sample,20,5,5,NA,NA,NA,NA,NA,48.1,36.1786203,-76.3585008,13.6,12.8,295,NA,NA,NA,NA,NA,NA,NA,NA,NA,NA,NA,NA,NA,NA,NA,NA,NA,0.41,0.93,10.05,82.5,1.75,5.7,111.5,167,1105.5,286,15,14.55,5.8,1.05,0.2,nonwheat_March,nonwheat,No,Yes
M22_16S_g20_E03,March,WAKMP,Trifolium_sp,t1p2,p056,M22_2553,Jointing,3/10/23,nonwheat,nonwheat,,sample,20,5,5,NA,NA,NA,NA,NA,21.7,35.73445085,-78.70144717,NA,12.7,324,NA,NA,NA,NA,NA,NA,NA,NA,NA,NA,NA,NA,NA,NA,NA,NA,NA,0.36,1.015,6.65,70,1.8,5.35,253,113.5,675,146.5,29,20.85,12.55,1.1,0.05,nonwheat_March,nonwheat,No,Yes
M22_16S_g20_G08,March,PERVT,Trifolium_sp,t1p2,p024,M22_1737,Jointing,3/28/23,nonwheat,nonwheat,,sample,20,5,5,NA,NA,NA,NA,NA,48.1,36.1786203,-76.3585008,10.2,12.8,295,NA,NA,NA,NA,NA,NA,NA,NA,NA,NA,NA,NA,NA,NA,NA,NA,NA,0.41,0.93,10.05,82.5,1.75,5.7,111.5,167,1105.5,286,15,14.55,5.8,1.05,0.2,nonwheat_March,nonwheat,No,Yes
M22_16S_g22_B05,April,LENVT,Trifolium_sp,t2p2,p023,M22_0177,Heading,4/20/23,nonwheat,nonwheat,,sample,22,6,5,NA,NA,NA,NA,NA,15.2,35.37913073,-77.56057455,46,16.4,335,NA,NA,NA,NA,NA,NA,NA,NA,NA,NA,NA,NA,NA,NA,NA,NA,NA,0.66,1.085,5.45,64,1.45,5.5,68,92.5,554,120.5,19,13.45,2.4,0.65,0.05,nonwheat_April,nonwheat,No,Yes
M22_16S_g22_F07,April,ROWVT,Trifolium_sp,t1p1,p022,M22_0746,Heading,4/27/23,nonwheat,nonwheat,,sample,22,6,5,NA,NA,NA,NA,NA,20.8,35.696458,-80.623031,4,15,469,NA,NA,NA,NA,NA,NA,NA,NA,NA,NA,NA,NA,NA,NA,NA,NA,NA,0.41,0.73,13.3,88,1.6,6.3,119,276,1518,425,20,42.2,10.1,4.9,0.1,nonwheat_April,nonwheat,No,Yes
M22_16S_g22_G06,April,PERVT,Trifolium_sp,t2p5,p040,M22_0413,Heading,5/5/23,nonwheat,nonwheat,,sample,22,6,5,NA,NA,NA,NA,NA,48.3,36.1785017,-76.358848,9,15.7,361,NA,NA,NA,NA,NA,NA,NA,NA,NA,NA,NA,NA,NA,NA,NA,NA,NA,0.66,0.83,7.7,66,2.6,4.8,38,84,694,177,17,11.2,6.6,0.8,0.1,nonwheat_April,nonwheat,No,Yes
M22_16S_g23_D12,March,PERVT,Trifolium_sp,t1p5,p030,M22_1767,Jointing,3/28/23,nonwheat,nonwheat,,sample,23,6,5,NA,NA,NA,NA,NA,48.5,36.1785315,-76.35863131,11.9,12.8,295,NA,NA,NA,NA,NA,NA,NA,NA,NA,NA,NA,NA,NA,NA,NA,NA,NA,0.36,0.98,9.3,84,1.5,5.7,46,139,943,331,18,8,2.2,0.8,0.2,nonwheat_March,nonwheat,No,Yes
M22_16S_g23_E05,March,PERVT,Trifolium_sp,t1p1,p022,M22_1719,Jointing,3/28/23,nonwheat,nonwheat,,sample,23,6,5,NA,NA,NA,NA,NA,48.7,36.1786499,-76.3584573,8.7,12.8,295,NA,NA,NA,NA,NA,NA,NA,NA,NA,NA,NA,NA,NA,NA,NA,NA,NA,0.46,0.95,11,84,1.8,5.7,115,197,1208,321,14,12.3,5.8,1,0.2,nonwheat_March,nonwheat,No,Yes
M22_16S_g24_F09,April,LENVT,Trifolium_sp,t2p4,p027,M22_0201,Heading,4/20/23,nonwheat,nonwheat,,sample,24,6,5,NA,NA,NA,NA,NA,22.4,35.37906898,-77.56035565,329,16.4,335,NA,NA,NA,NA,NA,NA,NA,NA,NA,NA,NA,NA,NA,NA,NA,NA,NA,0.61,1.08,3.5,45,1.95,4.8,73.5,72.5,209,43.5,18.5,22.85,3.4,0.55,0.05,nonwheat_April,nonwheat,No,Yes
M22_16S_g24_H10,March,PERVT,Trifolium_sp,t1p1,p021,M22_1718,Jointing,3/28/23,nonwheat,nonwheat,,sample,24,6,5,NA,NA,NA,NA,NA,48.7,36.1786499,-76.3584573,15,12.8,295,NA,NA,NA,NA,NA,NA,NA,NA,NA,NA,NA,NA,NA,NA,NA,NA,NA,0.46,0.95,11,84,1.8,5.7,115,197,1208,321,14,12.3,5.8,1,0.2,nonwheat_March,nonwheat,No,Yes
M22_16S_g25_B12,April,ROWVT,Trifolium_sp,t1p4,p028,M22_0790,Heading,4/27/23,nonwheat,nonwheat,,sample,25,7,5,NA,NA,NA,NA,NA,18.2,35.69661453,-80.62304942,8,15,469,NA,NA,NA,NA,NA,NA,NA,NA,NA,NA,NA,NA,NA,NA,NA,NA,NA,0.485,0.775,11.5,86,1.6,6.1,96.5,213,1293.5,349,20,82.15,8.2,4,0.1,nonwheat_April,nonwheat,No,Yes
M22_16S_g25_D03,April,LENVT,Trifolium_sp,t1p2,p058,M22_0128,Heading,4/20/23,nonwheat,nonwheat,,sample,25,7,5,NA,NA,NA,NA,NA,15.9,35.37882025,-77.56075176,31,16.4,335,NA,NA,NA,NA,NA,NA,NA,NA,NA,NA,NA,NA,NA,NA,NA,NA,NA,0.51,1.06,5.65,64.5,2,5.1,88.5,65,550.5,87.5,16.5,21.5,3.6,0.5,0.1,nonwheat_April,nonwheat,No,Yes
M22_16S_g26_D10,April,LENVT,Trifolium_sp,t2p3,p026,M22_0194,Heading,4/20/23,nonwheat,nonwheat,,sample,26,7,5,NA,NA,NA,NA,NA,20.1,35.37909985,-77.5604651,34,16.4,335,NA,NA,NA,NA,NA,NA,NA,NA,NA,NA,NA,NA,NA,NA,NA,NA,NA,0.66,1.14,3.2,41,1.9,4.7,76,75,180,25,19,13.8,2.4,0.5,0,nonwheat_April,nonwheat,No,Yes
M22_16S_g27_E09,April,PERVT,Trifolium_sp,t2p4,p038,M22_0403,Heading,5/5/23,nonwheat,nonwheat,,sample,27,7,5,NA,NA,NA,NA,NA,35.9,36.17854953,-76.3587485,5,15.7,361,NA,NA,NA,NA,NA,NA,NA,NA,NA,NA,NA,NA,NA,NA,NA,NA,NA,0.685,0.82,8.15,69,2.5,4.9,49,92,795.5,179,17.5,13.95,6.8,0.85,0.15,nonwheat_April,nonwheat,No,Yes
M22_16S_g27_G02,March,WAKMP,Trifolium_sp,t1p1,p003,M22_2520,Jointing,3/10/23,nonwheat,nonwheat,,sample,27,7,5,NA,NA,NA,NA,NA,26.3,35.734453,-78.701374,8,12.7,324,NA,NA,NA,NA,NA,NA,NA,NA,NA,NA,NA,NA,NA,NA,NA,NA,NA,0.36,1,8.3,82,1.5,5.8,325,87,977,208,28,20,19.5,1.3,0.1,nonwheat_March,nonwheat,No,Yes
M22_16S_g28_B03,April,PERVT,Trifolium_sp,t2p5,p039,M22_0412,Heading,5/5/23,nonwheat,nonwheat,,sample,28,7,5,NA,NA,NA,NA,NA,48.3,36.1785017,-76.358848,152,15.7,361,NA,NA,NA,NA,NA,NA,NA,NA,NA,NA,NA,NA,NA,NA,NA,NA,NA,0.66,0.83,7.7,66,2.6,4.8,38,84,694,177,17,11.2,6.6,0.8,0.1,nonwheat_April,nonwheat,No,Yes
M22_16S_g28_F12,April,LENVT,Trifolium_sp,t2p4,p028,M22_0202,Heading,4/20/23,nonwheat,nonwheat,,sample,28,7,5,NA,NA,NA,NA,NA,22.4,35.37906898,-77.56035565,35,16.4,335,NA,NA,NA,NA,NA,NA,NA,NA,NA,NA,NA,NA,NA,NA,NA,NA,NA,0.61,1.08,3.5,45,1.95,4.8,73.5,72.5,209,43.5,18.5,22.85,3.4,0.55,0.05,nonwheat_April,nonwheat,No,Yes
M22_16S_g28_G08,April,LENVT,Trifolium_sp,t1p3,p056,M22_0138,Heading,4/20/23,nonwheat,nonwheat,,sample,28,7,5,NA,NA,NA,NA,NA,14.6,35.3787232,-77.56079671,44,16.4,335,NA,NA,NA,NA,NA,NA,NA,NA,NA,NA,NA,NA,NA,NA,NA,NA,NA,0.51,1.06,5.9,66,2,5.1,97,57,594,91,17,14.5,3,0.5,0.1,nonwheat_April,nonwheat,No,Yes
M22_16S_g28_H07,April,ROWVT,Trifolium_sp,t1p2,p023,M22_0757,Heading,4/27/23,nonwheat,nonwheat,,sample,28,7,5,NA,NA,NA,NA,NA,17.4,35.69651018,-80.62303714,4,15,469,NA,NA,NA,NA,NA,NA,NA,NA,NA,NA,NA,NA,NA,NA,NA,NA,NA,0.435,0.785,12.2,88,1.45,6.25,92,259.5,1385,386,22,76.75,8.95,4.75,0.1,nonwheat_April,nonwheat,No,Yes
M22_16S_g29_A09,April,LENVT,Trifolium_sp,t2p5,p030,M22_0210,Heading,4/20/23,nonwheat,nonwheat,,sample,29,8,5,NA,NA,NA,NA,NA,21.8,35.3790381,-77.5602462,73,16.4,335,NA,NA,NA,NA,NA,NA,NA,NA,NA,NA,NA,NA,NA,NA,NA,NA,NA,0.56,1.02,3.8,49,2,4.9,71,70,238,62,18,31.9,4.4,0.6,0.1,nonwheat_April,nonwheat,No,Yes
M22_16S_g29_C05,March,PERVT,Trifolium_sp,t1p3,p026,M22_1747,Jointing,3/28/23,nonwheat,nonwheat,,sample,29,8,5,NA,NA,NA,NA,NA,53.6,36.1785907,-76.35854431,9.9,12.8,295,NA,NA,NA,NA,NA,NA,NA,NA,NA,NA,NA,NA,NA,NA,NA,NA,NA,0.36,0.91,9.1,81,1.7,5.7,108,137,1003,251,16,16.8,5.8,1.1,0.2,nonwheat_March,nonwheat,No,Yes
M22_16S_g29_D07,April,PERVT,Trifolium_sp,t2p4,p037,M22_0402,Heading,5/5/23,nonwheat,nonwheat,,sample,29,8,5,NA,NA,NA,NA,NA,35.9,36.17854953,-76.3587485,5,15.7,361,NA,NA,NA,NA,NA,NA,NA,NA,NA,NA,NA,NA,NA,NA,NA,NA,NA,0.685,0.82,8.15,69,2.5,4.9,49,92,795.5,179,17.5,13.95,6.8,0.85,0.15,nonwheat_April,nonwheat,No,Yes
M22_16S_g29_H03,March,WAKMP,Trifolium_sp,t1p2,p055,M22_2552,Jointing,3/10/23,nonwheat,nonwheat,,sample,29,8,5,NA,NA,NA,NA,NA,21.7,35.73445085,-78.70144717,NA,12.7,324,NA,NA,NA,NA,NA,NA,NA,NA,NA,NA,NA,NA,NA,NA,NA,NA,NA,0.36,1.015,6.65,70,1.8,5.35,253,113.5,675,146.5,29,20.85,12.55,1.1,0.05,nonwheat_March,nonwheat,No,Yes
M22_16S_g30_D02,March,WAKMP,Trifolium_sp,t1p2,p059,M22_2556,Jointing,3/10/23,nonwheat,nonwheat,,sample,30,8,5,NA,NA,NA,NA,NA,21.7,35.73445085,-78.70144717,NA,12.7,324,NA,NA,NA,NA,NA,NA,NA,NA,NA,NA,NA,NA,NA,NA,NA,NA,NA,0.36,1.015,6.65,70,1.8,5.35,253,113.5,675,146.5,29,20.85,12.55,1.1,0.05,nonwheat_March,nonwheat,No,Yes
M22_16S_g30_D11,April,LENVT,Trifolium_sp,t1p1,p060,M22_0118,Heading,4/20/23,nonwheat,nonwheat,,sample,30,8,5,NA,NA,NA,NA,NA,13.7,35.3789173,-77.56070681,113,16.4,335,NA,NA,NA,NA,NA,NA,NA,NA,NA,NA,NA,NA,NA,NA,NA,NA,NA,0.51,1.06,5.4,63,2,5.1,80,73,507,84,16,28.5,4.2,0.5,0.1,nonwheat_April,nonwheat,No,Yes
M22_16S_g31_C05,March,PERVT,Trifolium_sp,t1p4,p028,M22_1757,Jointing,3/28/23,nonwheat,nonwheat,,sample,31,8,5,NA,NA,NA,NA,NA,40.6,36.1785611,-76.35858781,10.4,12.8,295,NA,NA,NA,NA,NA,NA,NA,NA,NA,NA,NA,NA,NA,NA,NA,NA,NA,0.36,0.945,9.2,82.5,1.6,5.7,77,138,973,291,17,12.4,4,0.95,0.2,nonwheat_March,nonwheat,No,Yes
M22_16S_g31_D03,April,LENVT,Trifolium_sp,t1p4,p054,M22_0148,Heading,4/20/23,nonwheat,nonwheat,,sample,31,8,5,NA,NA,NA,NA,NA,14.9,35.37862615,-77.56084165,50,16.4,335,NA,NA,NA,NA,NA,NA,NA,NA,NA,NA,NA,NA,NA,NA,NA,NA,NA,0.485,1.1,5.1,61.5,1.95,5.05,117.5,49.5,473,80.5,17.5,11.5,3.15,0.55,0.1,nonwheat_April,nonwheat,No,Yes
M22_16S_g31_H09,March,WAKMP,Trifolium_sp,t1p2,p058,M22_2555,Jointing,3/10/23,nonwheat,nonwheat,,sample,31,8,5,NA,NA,NA,NA,NA,21.7,35.73445085,-78.70144717,NA,12.7,324,NA,NA,NA,NA,NA,NA,NA,NA,NA,NA,NA,NA,NA,NA,NA,NA,NA,0.36,1.015,6.65,70,1.8,5.35,253,113.5,675,146.5,29,20.85,12.55,1.1,0.05,nonwheat_March,nonwheat,No,Yes
M22_16S_g01_E07,March,WAKMP,Vicia_sativa,t1p5,p067,M22_2593,Jointing,3/10/23,nonwheat,nonwheat,,sample,1,1,5,NA,NA,NA,NA,NA,27.1,35.7344444,-78.70166667,9,12.7,324,NA,NA,NA,NA,NA,NA,NA,NA,NA,NA,NA,NA,NA,NA,NA,NA,NA,0.36,0.98,8.6,90,0.8,6.5,320,191,1085,224,14,23.1,29.9,1.2,0.1,nonwheat_March,nonwheat,No,Yes
M22_16S_g01_E10,March,ROBVT,Vicia_sativa,t1p1,p049,M22_1944,Jointing,3/21/23,nonwheat,nonwheat,,sample,1,1,5,NA,NA,NA,NA,NA,25.7,34.5704329,-79.3050959,19,14.7,239,NA,NA,NA,NA,NA,NA,NA,NA,NA,NA,NA,NA,NA,NA,NA,NA,NA,0.81,0.95,6.5,50,3.2,4.8,61,81,455,98,19,16.9,9.8,0.7,0,nonwheat_March,nonwheat,No,Yes
M22_16S_g03_G10,March,PERVT,Vicia_sativa,t2p3,p084,M22_1811,Jointing,3/28/23,nonwheat,nonwheat,,sample,3,1,5,NA,NA,NA,NA,NA,33,36.17843585,-76.35883031,27.5,12.8,295,NA,NA,NA,NA,NA,NA,NA,NA,NA,NA,NA,NA,NA,NA,NA,NA,NA,0.56,0.83,9,82,1.6,5.8,251,163,1068,199,20,14.6,7.9,1.8,0.2,nonwheat_March,nonwheat,No,Yes
M22_16S_g04_F04,March,ROBVT,Vicia_sativa,t1p1,p050,M22_1945,Jointing,3/21/23,nonwheat,nonwheat,,sample,4,1,5,NA,NA,NA,NA,NA,25.7,34.5704329,-79.3050959,17,14.7,239,NA,NA,NA,NA,NA,NA,NA,NA,NA,NA,NA,NA,NA,NA,NA,NA,NA,0.81,0.95,6.5,50,3.2,4.8,61,81,455,98,19,16.9,9.8,0.7,0,nonwheat_March,nonwheat,No,Yes
M22_16S_g04_F08,April,UNIVT,Vicia_sativa,t2p5,p032,M22_1091,Heading,4/28/23,nonwheat,nonwheat,,sample,4,1,5,NA,NA,NA,NA,NA,22.3,34.9505556,-80.42444444,34,16.4,407,NA,NA,NA,NA,NA,NA,NA,NA,NA,NA,NA,NA,NA,NA,NA,NA,NA,0.36,0.89,5.6,69,1.8,5.1,30,43,636,69,21,22.9,2.5,2.2,0.1,nonwheat_April,nonwheat,No,Yes
M22_16S_g04_F11,March,WAKMP,Vicia_sativa,t1p3,p024,M22_2570,Jointing,3/10/23,nonwheat,nonwheat,,sample,4,1,5,NA,NA,NA,NA,NA,19.5,35.7344487,-78.70152033,16,12.7,324,NA,NA,NA,NA,NA,NA,NA,NA,NA,NA,NA,NA,NA,NA,NA,NA,NA,0.36,1.03,5,58,2.1,4.9,181,140,373,85,30,21.7,5.6,0.9,0,nonwheat_March,nonwheat,No,Yes
M22_16S_g05_E11,April,LENVT,Vicia_sativa,t1p3,p066,M22_0140,Heading,4/20/23,nonwheat,nonwheat,,sample,5,2,5,NA,NA,NA,NA,NA,14.6,35.3787232,-77.56079671,59,16.4,335,NA,NA,NA,NA,NA,NA,NA,NA,NA,NA,NA,NA,NA,NA,NA,NA,NA,0.51,1.06,5.9,66,2,5.1,97,57,594,91,17,14.5,3,0.5,0.1,nonwheat_April,nonwheat,No,Yes
M22_16S_g06_C09,March,PERVT,Vicia_sativa,t2p3,p083,M22_1810,Jointing,3/28/23,nonwheat,nonwheat,,sample,6,2,5,NA,NA,NA,NA,NA,33,36.17843585,-76.35883031,38.9,12.8,295,NA,NA,NA,NA,NA,NA,NA,NA,NA,NA,NA,NA,NA,NA,NA,NA,NA,0.56,0.83,9,82,1.6,5.8,251,163,1068,199,20,14.6,7.9,1.8,0.2,nonwheat_March,nonwheat,No,Yes
M22_16S_g06_E07,March,ROBVT,Vicia_sativa,t1p5,p043,M22_1978,Jointing,3/21/23,nonwheat,nonwheat,,sample,6,2,5,NA,NA,NA,NA,NA,20.6,34.5207575,-79.3048994,14,14.7,239,NA,NA,NA,NA,NA,NA,NA,NA,NA,NA,NA,NA,NA,NA,NA,NA,NA,1.19,0.95,10,78,2.2,5.5,146,146,1253,140,16,16.7,63.6,1.7,0.1,nonwheat_March,nonwheat,No,Yes
M22_16S_g06_E12,April,LENVT,Vicia_sativa,t1p4,p067,M22_0149,Heading,4/20/23,nonwheat,nonwheat,,sample,6,2,5,NA,NA,NA,NA,NA,14.9,35.37862615,-77.56084165,88,16.4,335,NA,NA,NA,NA,NA,NA,NA,NA,NA,NA,NA,NA,NA,NA,NA,NA,NA,0.485,1.1,5.1,61.5,1.95,5.05,117.5,49.5,473,80.5,17.5,11.5,3.15,0.55,0.1,nonwheat_April,nonwheat,No,Yes
M22_16S_g06_F01,March,PERVT,Vicia_sativa,t2p3,p085,M22_1812,Jointing,3/28/23,nonwheat,nonwheat,,sample,6,2,0.44,NA,NA,NA,NA,NA,33,36.17843585,-76.35883031,26,12.8,295,NA,NA,NA,NA,NA,NA,NA,NA,NA,NA,NA,NA,NA,NA,NA,NA,NA,0.56,0.83,9,82,1.6,5.8,251,163,1068,199,20,14.6,7.9,1.8,0.2,nonwheat_March,nonwheat,No,Yes
M22_16S_g06_F02,April,UNIVT,Vicia_sativa,t2p2,p038,M22_1061,Heading,4/28/23,nonwheat,nonwheat,,sample,6,2,5,NA,NA,NA,NA,NA,24.2,34.9506894,-80.42489036,70,16.4,407,NA,NA,NA,NA,NA,NA,NA,NA,NA,NA,NA,NA,NA,NA,NA,NA,NA,0.435,0.88,6.8,75.5,1.65,5.35,52,75.5,819.5,101,17,21.5,3.8,2.35,0.1,nonwheat_April,nonwheat,No,Yes
M22_16S_g07_C06,March,PERVT,Vicia_sativa,t2p1,p089,M22_1788,Jointing,3/28/23,nonwheat,nonwheat,,sample,7,2,5,NA,NA,NA,NA,NA,36,36.1785315,-76.35863131,27.7,12.8,295,NA,NA,NA,NA,NA,NA,NA,NA,NA,NA,NA,NA,NA,NA,NA,NA,NA,0.46,0.81,8,80,1.6,5.7,215,106,929,183,19,13,5.9,1.3,0.2,nonwheat_March,nonwheat,No,Yes
M22_16S_g07_G07,March,WASVT,Vicia_sativa,t2p4,p077,M22_2742,Jointing,3/27/23,nonwheat,nonwheat,,sample,7,2,5,NA,NA,NA,NA,NA,15.2,35.84835033,-76.65574642,3,13.2,293,NA,NA,NA,NA,NA,NA,NA,NA,NA,NA,NA,NA,NA,NA,NA,NA,NA,3.055,0.87,10.6,71,3,5.3,69.5,196.5,979,265.5,19.5,3.55,2.85,0.55,0.15,nonwheat_March,nonwheat,No,Yes
M22_16S_g08_B11,April,UNIVT,Vicia_sativa,t2p1,p040,M22_1043,Heading,4/28/23,nonwheat,nonwheat,,sample,8,2,5,NA,NA,NA,NA,NA,22.9,34.950734,-80.425039,30,16.4,407,NA,NA,NA,NA,NA,NA,NA,NA,NA,NA,NA,NA,NA,NA,NA,NA,NA,0.41,0.91,6.8,75,1.7,5.3,50,74,806,106,15,19.2,3.8,2.3,0.1,nonwheat_April,nonwheat,No,Yes
M22_16S_g08_D09,March,PERVT,Vicia_sativa,t2p2,p088,M22_1797,Jointing,3/28/23,nonwheat,nonwheat,,sample,8,2,5,NA,NA,NA,NA,NA,40.5,36.17848368,-76.35873081,26.4,12.8,295,NA,NA,NA,NA,NA,NA,NA,NA,NA,NA,NA,NA,NA,NA,NA,NA,NA,0.51,0.82,8.5,81,1.6,5.75,233,134.5,998.5,191,19.5,13.8,6.9,1.55,0.2,nonwheat_March,nonwheat,No,Yes
M22_16S_g09_E04,April,UNIVT,Vicia_sativa,t2p5,p031,M22_1090,Heading,4/28/23,nonwheat,nonwheat,,sample,9,3,5,NA,NA,NA,NA,NA,22.3,34.9505556,-80.42444444,50,16.4,407,NA,NA,NA,NA,NA,NA,NA,NA,NA,NA,NA,NA,NA,NA,NA,NA,NA,0.36,0.89,5.6,69,1.8,5.1,30,43,636,69,21,22.9,2.5,2.2,0.1,nonwheat_April,nonwheat,No,Yes
M22_16S_g09_F06,March,ROBVT,Vicia_sativa,t1p1,p048,M22_1943,Jointing,3/21/23,nonwheat,nonwheat,,sample,9,3,5,NA,NA,NA,NA,NA,25.7,34.5704329,-79.3050959,15,14.7,239,NA,NA,NA,NA,NA,NA,NA,NA,NA,NA,NA,NA,NA,NA,NA,NA,NA,0.81,0.95,6.5,50,3.2,4.8,61,81,455,98,19,16.9,9.8,0.7,0,nonwheat_March,nonwheat,No,Yes
M22_16S_g10_C09,April,UNIVT,Vicia_sativa,t2p1,p039,M22_1042,Heading,4/28/23,nonwheat,nonwheat,,sample,10,3,5,NA,NA,NA,NA,NA,22.9,34.950734,-80.425039,45,16.4,407,NA,NA,NA,NA,NA,NA,NA,NA,NA,NA,NA,NA,NA,NA,NA,NA,NA,0.41,0.91,6.8,75,1.7,5.3,50,74,806,106,15,19.2,3.8,2.3,0.1,nonwheat_April,nonwheat,No,Yes
M22_16S_g10_D09,March,WASVT,Vicia_sativa,t2p3,p075,M22_2732,Jointing,3/27/23,nonwheat,nonwheat,,sample,10,3,5,NA,NA,NA,NA,NA,16.9,35.84838155,-76.65566228,3,13.2,293,NA,NA,NA,NA,NA,NA,NA,NA,NA,NA,NA,NA,NA,NA,NA,NA,NA,3.01,0.88,9.9,68,3.1,5.2,63,192,877,229,22,3.3,2.4,0.5,0.2,nonwheat_March,nonwheat,No,Yes
M22_16S_g11_C07,March,LENVT,Vicia_sativa,t1p2,p040,M22_1601,Jointing,3/14/23,nonwheat,nonwheat,,sample,11,3,5,NA,NA,NA,NA,NA,23.9,35.37841195,-77.56093795,8,13.4,268,NA,NA,NA,NA,NA,NA,NA,NA,NA,NA,NA,NA,NA,NA,NA,NA,NA,0.46,1.085,5.2,60,2.1,5.1,77,74.5,417,102.5,18.5,16.15,3.9,0.6,0.1,nonwheat_March,nonwheat,No,Yes
M22_16S_g11_G10,April,UNIVT,Vicia_sativa,t2p4,p034,M22_1081,Heading,4/28/23,nonwheat,nonwheat,,sample,11,3,5,NA,NA,NA,NA,NA,18.1,34.9506002,-80.42459308,45,16.4,407,NA,NA,NA,NA,NA,NA,NA,NA,NA,NA,NA,NA,NA,NA,NA,NA,NA,0.41,0.87,6.2,72.5,1.7,5.25,42,60,734.5,82.5,20,23.35,3.15,2.3,0.1,nonwheat_April,nonwheat,No,Yes
M22_16S_g11_H01,March,PERVT,Vicia_sativa,t2p4,p081,M22_1830,Jointing,3/28/23,nonwheat,nonwheat,,sample,11,3,0.2,NA,NA,NA,NA,NA,38.3,36.17838803,-76.35892981,29.3,12.8,295,NA,NA,NA,NA,NA,NA,NA,NA,NA,NA,NA,NA,NA,NA,NA,NA,NA,0.61,0.82,7.6,73.5,1.9,5.3,294.5,132,826,152.5,23,17,8.3,1.65,0.15,nonwheat_March,nonwheat,No,Yes
M22_16S_g12_B04,March,LENVT,Vicia_sativa,t1p2,p038,M22_1599,Jointing,3/14/23,nonwheat,nonwheat,,sample,12,3,5,NA,NA,NA,NA,NA,23.9,35.37841195,-77.56093795,18,13.4,268,NA,NA,NA,NA,NA,NA,NA,NA,NA,NA,NA,NA,NA,NA,NA,NA,NA,0.46,1.085,5.2,60,2.1,5.1,77,74.5,417,102.5,18.5,16.15,3.9,0.6,0.1,nonwheat_March,nonwheat,No,Yes
M22_16S_g12_C11,April,LENVT,Vicia_sativa,t1p2,p064,M22_0130,Heading,4/20/23,nonwheat,nonwheat,,sample,12,3,5,NA,NA,NA,NA,NA,15.9,35.37882025,-77.56075176,97,16.4,335,NA,NA,NA,NA,NA,NA,NA,NA,NA,NA,NA,NA,NA,NA,NA,NA,NA,0.51,1.06,5.65,64.5,2,5.1,88.5,65,550.5,87.5,16.5,21.5,3.6,0.5,0.1,nonwheat_April,nonwheat,No,Yes
M22_16S_g12_E03,March,PERVT,Vicia_sativa,t2p4,p082,M22_1831,Jointing,3/28/23,nonwheat,nonwheat,,sample,12,3,5,NA,NA,NA,NA,NA,38.3,36.17838803,-76.35892981,38.2,12.8,295,NA,NA,NA,NA,NA,NA,NA,NA,NA,NA,NA,NA,NA,NA,NA,NA,NA,0.61,0.82,7.6,73.5,1.9,5.3,294.5,132,826,152.5,23,17,8.3,1.65,0.15,nonwheat_March,nonwheat,No,Yes
M22_16S_g12_E05,March,LENVT,Vicia_sativa,t1p5,p031,M22_1640,Jointing,3/14/23,nonwheat,nonwheat,,sample,12,3,5,NA,NA,NA,NA,NA,23.7,35.3781208,-77.56107279,10,13.4,268,NA,NA,NA,NA,NA,NA,NA,NA,NA,NA,NA,NA,NA,NA,NA,NA,NA,0.46,1.01,6.1,69,1.9,5.4,90,105,591,121,17,22.5,4.4,0.5,0.1,nonwheat_March,nonwheat,No,Yes
M22_16S_g12_G12,March,ROBVT,Vicia_sativa,t1p1,p047,M22_1942,Jointing,3/21/23,nonwheat,nonwheat,,sample,12,3,5,NA,NA,NA,NA,NA,25.7,34.5704329,-79.3050959,17,14.7,239,NA,NA,NA,NA,NA,NA,NA,NA,NA,NA,NA,NA,NA,NA,NA,NA,NA,0.81,0.95,6.5,50,3.2,4.8,61,81,455,98,19,16.9,9.8,0.7,0,nonwheat_March,nonwheat,No,Yes
M22_16S_g12_H06,March,PERVT,Vicia_sativa,t2p3,p086,M22_1813,Jointing,3/28/23,nonwheat,nonwheat,,sample,12,3,5,NA,NA,NA,NA,NA,33,36.17843585,-76.35883031,28.9,12.8,295,NA,NA,NA,NA,NA,NA,NA,NA,NA,NA,NA,NA,NA,NA,NA,NA,NA,0.56,0.83,9,82,1.6,5.8,251,163,1068,199,20,14.6,7.9,1.8,0.2,nonwheat_March,nonwheat,No,Yes
M22_16S_g12_H07,March,WAKMP,Vicia_sativa,t1p5,p069,M22_2595,Jointing,3/10/23,nonwheat,nonwheat,,sample,12,3,5,NA,NA,NA,NA,NA,27.1,35.7344444,-78.70166667,9,12.7,324,NA,NA,NA,NA,NA,NA,NA,NA,NA,NA,NA,NA,NA,NA,NA,NA,NA,0.36,0.98,8.6,90,0.8,6.5,320,191,1085,224,14,23.1,29.9,1.2,0.1,nonwheat_March,nonwheat,No,Yes
M22_16S_g13_A05,March,LENVT,Vicia_sativa,t1p3,p036,M22_1611,Jointing,3/14/23,nonwheat,nonwheat,,sample,13,4,5,NA,NA,NA,NA,NA,23.3,35.3783149,-77.5609829,15,13.4,268,NA,NA,NA,NA,NA,NA,NA,NA,NA,NA,NA,NA,NA,NA,NA,NA,NA,0.46,1.09,4.9,59,2,5.1,71,79,383,94,20,11.9,3.1,0.5,0.1,nonwheat_March,nonwheat,No,Yes
M22_16S_g13_B07,March,PERVT,Vicia_sativa,t2p1,p090,M22_1789,Jointing,3/28/23,nonwheat,nonwheat,,sample,13,4,5,NA,NA,NA,NA,NA,36,36.1785315,-76.35863131,32.9,12.8,295,NA,NA,NA,NA,NA,NA,NA,NA,NA,NA,NA,NA,NA,NA,NA,NA,NA,0.46,0.81,8,80,1.6,5.7,215,106,929,183,19,13,5.9,1.3,0.2,nonwheat_March,nonwheat,No,Yes
M22_16S_g13_C07,March,WAKMP,Vicia_sativa,t1p5,p068,M22_2594,Jointing,3/10/23,nonwheat,nonwheat,,sample,13,4,5,NA,NA,NA,NA,NA,27.1,35.7344444,-78.70166667,8,12.7,324,NA,NA,NA,NA,NA,NA,NA,NA,NA,NA,NA,NA,NA,NA,NA,NA,NA,0.36,0.98,8.6,90,0.8,6.5,320,191,1085,224,14,23.1,29.9,1.2,0.1,nonwheat_March,nonwheat,No,Yes
M22_16S_g13_C09,March,WAKMP,Vicia_sativa,t1p3,p015,M22_2562,Jointing,3/10/23,nonwheat,nonwheat,,sample,13,4,5,NA,NA,NA,NA,NA,19.5,35.7344487,-78.70152033,10,12.7,324,NA,NA,NA,NA,NA,NA,NA,NA,NA,NA,NA,NA,NA,NA,NA,NA,NA,0.36,1.03,5,58,2.1,4.9,181,140,373,85,30,21.7,5.6,0.9,0,nonwheat_March,nonwheat,No,Yes
M22_16S_g14_F06,March,WAKMP,Vicia_sativa,t1p5,p070,M22_2596,Jointing,3/10/23,nonwheat,nonwheat,,sample,14,4,5,NA,NA,NA,NA,NA,27.1,35.7344444,-78.70166667,8,12.7,324,NA,NA,NA,NA,NA,NA,NA,NA,NA,NA,NA,NA,NA,NA,NA,NA,NA,0.36,0.98,8.6,90,0.8,6.5,320,191,1085,224,14,23.1,29.9,1.2,0.1,nonwheat_March,nonwheat,No,Yes
M22_16S_g14_F10,March,WASVT,Vicia_sativa,t2p2,p073,M22_2722,Jointing,3/27/23,nonwheat,nonwheat,,sample,14,4,5,NA,NA,NA,NA,NA,17.2,35.84841278,-76.65557814,4,13.2,293,NA,NA,NA,NA,NA,NA,NA,NA,NA,NA,NA,NA,NA,NA,NA,NA,NA,2.845,0.86,10.65,71.5,3,5.3,77.5,240,988,254,21,4.4,3,0.7,0.15,nonwheat_March,nonwheat,No,Yes
M22_16S_g15_C02,March,LENVT,Vicia_sativa,t1p5,p032,M22_1641,Jointing,3/14/23,nonwheat,nonwheat,,sample,15,4,5,NA,NA,NA,NA,NA,23.7,35.3781208,-77.56107279,12,13.4,268,NA,NA,NA,NA,NA,NA,NA,NA,NA,NA,NA,NA,NA,NA,NA,NA,NA,0.46,1.01,6.1,69,1.9,5.4,90,105,591,121,17,22.5,4.4,0.5,0.1,nonwheat_March,nonwheat,No,Yes
M22_16S_g16_A03,March,WASVT,Vicia_sativa,t2p1,p071,M22_2712,Jointing,3/27/23,nonwheat,nonwheat,,sample,16,4,5,NA,NA,NA,NA,NA,19.7,35.848444,-76.655494,4,13.2,293,NA,NA,NA,NA,NA,NA,NA,NA,NA,NA,NA,NA,NA,NA,NA,NA,NA,2.68,0.84,11.4,75,2.9,5.4,92,288,1099,279,20,5.5,3.6,0.9,0.1,nonwheat_March,nonwheat,No,Yes
M22_16S_g16_A04,March,ROBVT,Vicia_sativa,t1p1,p042,M22_1939,Jointing,3/21/23,nonwheat,nonwheat,,sample,16,4,5,NA,NA,NA,NA,NA,25.7,34.5704329,-79.3050959,15,14.7,239,NA,NA,NA,NA,NA,NA,NA,NA,NA,NA,NA,NA,NA,NA,NA,NA,NA,0.81,0.95,6.5,50,3.2,4.8,61,81,455,98,19,16.9,9.8,0.7,0,nonwheat_March,nonwheat,No,Yes
M22_16S_g16_H03,April,LENVT,Vicia_sativa,t1p2,p063,M22_0129,Heading,4/20/23,nonwheat,nonwheat,,sample,16,4,5,NA,NA,NA,NA,NA,15.9,35.37882025,-77.56075176,74,16.4,335,NA,NA,NA,NA,NA,NA,NA,NA,NA,NA,NA,NA,NA,NA,NA,NA,NA,0.51,1.06,5.65,64.5,2,5.1,88.5,65,550.5,87.5,16.5,21.5,3.6,0.5,0.1,nonwheat_April,nonwheat,No,Yes
M22_16S_g17_B09,April,LENVT,Vicia_sativa,t1p5,p069,M22_0159,Heading,4/20/23,nonwheat,nonwheat,,sample,17,5,5,NA,NA,NA,NA,NA,16,35.3785291,-77.5608866,76,16.4,335,NA,NA,NA,NA,NA,NA,NA,NA,NA,NA,NA,NA,NA,NA,NA,NA,NA,0.46,1.14,4.3,57,1.9,5,138,42,352,70,18,8.5,3.3,0.6,0.1,nonwheat_April,nonwheat,No,Yes
M22_16S_g17_D01,March,LENVT,Vicia_sativa,t1p4,p033,M22_1622,Jointing,3/14/23,nonwheat,nonwheat,,sample,17,5,5,NA,NA,NA,NA,NA,19.8,35.37821785,-77.56102784,12,13.4,268,NA,NA,NA,NA,NA,NA,NA,NA,NA,NA,NA,NA,NA,NA,NA,NA,NA,0.46,1.05,5.5,64,1.95,5.25,80.5,92,487,107.5,18.5,17.2,3.75,0.5,0.1,nonwheat_March,nonwheat,No,Yes
M22_16S_g18_G02,March,WASVT,Vicia_sativa,t2p5,p080,M22_2753,Jointing,3/27/23,nonwheat,nonwheat,,sample,18,5,5,NA,NA,NA,NA,NA,21.7,35.8483191,-76.65583056,8,13.2,293,NA,NA,NA,NA,NA,NA,NA,NA,NA,NA,NA,NA,NA,NA,NA,NA,NA,3.1,0.86,11.3,74,2.9,5.4,76,201,1081,302,17,3.8,3.3,0.6,0.1,nonwheat_March,nonwheat,No,Yes
M22_16S_g19_H11,April,UNIVT,Vicia_sativa,t2p2,p037,M22_1060,Heading,4/28/23,nonwheat,nonwheat,,sample,19,5,5,NA,NA,NA,NA,NA,24.2,34.9506894,-80.42489036,13,16.4,407,NA,NA,NA,NA,NA,NA,NA,NA,NA,NA,NA,NA,NA,NA,NA,NA,NA,0.435,0.88,6.8,75.5,1.65,5.35,52,75.5,819.5,101,17,21.5,3.8,2.35,0.1,nonwheat_April,nonwheat,No,Yes
M22_16S_g20_B10,April,LENVT,Vicia_sativa,t1p3,p065,M22_0139,Heading,4/20/23,nonwheat,nonwheat,,sample,20,5,5,NA,NA,NA,NA,NA,14.6,35.3787232,-77.56079671,84,16.4,335,NA,NA,NA,NA,NA,NA,NA,NA,NA,NA,NA,NA,NA,NA,NA,NA,NA,0.51,1.06,5.9,66,2,5.1,97,57,594,91,17,14.5,3,0.5,0.1,nonwheat_April,nonwheat,No,Yes
M22_16S_g20_G05,March,WASVT,Vicia_sativa,t2p5,p079,M22_2752,Jointing,3/27/23,nonwheat,nonwheat,,sample,20,5,5,NA,NA,NA,NA,NA,21.7,35.8483191,-76.65583056,6,13.2,293,NA,NA,NA,NA,NA,NA,NA,NA,NA,NA,NA,NA,NA,NA,NA,NA,NA,3.1,0.86,11.3,74,2.9,5.4,76,201,1081,302,17,3.8,3.3,0.6,0.1,nonwheat_March,nonwheat,No,Yes
M22_16S_g22_A04,March,WASVT,Vicia_sativa,t2p4,p078,M22_2743,Jointing,3/27/23,nonwheat,nonwheat,,sample,22,6,5,NA,NA,NA,NA,NA,15.2,35.84835033,-76.65574642,4,13.2,293,NA,NA,NA,NA,NA,NA,NA,NA,NA,NA,NA,NA,NA,NA,NA,NA,NA,3.055,0.87,10.6,71,3,5.3,69.5,196.5,979,265.5,19.5,3.55,2.85,0.55,0.15,nonwheat_March,nonwheat,No,Yes
M22_16S_g22_C01,April,LENVT,Vicia_sativa,t1p1,p062,M22_0120,Heading,4/20/23,nonwheat,nonwheat,,sample,22,6,5,NA,NA,NA,NA,NA,13.7,35.3789173,-77.56070681,142,16.4,335,NA,NA,NA,NA,NA,NA,NA,NA,NA,NA,NA,NA,NA,NA,NA,NA,NA,0.51,1.06,5.4,63,2,5.1,80,73,507,84,16,28.5,4.2,0.5,0.1,nonwheat_April,nonwheat,No,Yes
M22_16S_g23_A08,April,UNIVT,Vicia_sativa,t2p4,p033,M22_1080,Heading,4/28/23,nonwheat,nonwheat,,sample,23,6,5,NA,NA,NA,NA,NA,18.1,34.9506002,-80.42459308,22,16.4,407,NA,NA,NA,NA,NA,NA,NA,NA,NA,NA,NA,NA,NA,NA,NA,NA,NA,0.41,0.87,6.2,72.5,1.7,5.25,42,60,734.5,82.5,20,23.35,3.15,2.3,0.1,nonwheat_April,nonwheat,No,Yes
M22_16S_g23_B05,March,WAKMP,Vicia_sativa,t1p3,p022,M22_2568,Jointing,3/10/23,nonwheat,nonwheat,,sample,23,6,5,NA,NA,NA,NA,NA,19.5,35.7344487,-78.70152033,13,12.7,324,NA,NA,NA,NA,NA,NA,NA,NA,NA,NA,NA,NA,NA,NA,NA,NA,NA,0.36,1.03,5,58,2.1,4.9,181,140,373,85,30,21.7,5.6,0.9,0,nonwheat_March,nonwheat,No,Yes
M22_16S_g23_B12,April,LENVT,Vicia_sativa,t1p5,p070,M22_0160,Heading,4/20/23,nonwheat,nonwheat,,sample,23,6,5,NA,NA,NA,NA,NA,16,35.3785291,-77.5608866,203,16.4,335,NA,NA,NA,NA,NA,NA,NA,NA,NA,NA,NA,NA,NA,NA,NA,NA,NA,0.46,1.14,4.3,57,1.9,5,138,42,352,70,18,8.5,3.3,0.6,0.1,nonwheat_April,nonwheat,No,Yes
M22_16S_g24_E11,April,LENVT,Vicia_sativa,t1p1,p061,M22_0119,Heading,4/20/23,nonwheat,nonwheat,,sample,24,6,5,NA,NA,NA,NA,NA,13.7,35.3789173,-77.56070681,91,16.4,335,NA,NA,NA,NA,NA,NA,NA,NA,NA,NA,NA,NA,NA,NA,NA,NA,NA,0.51,1.06,5.4,63,2,5.1,80,73,507,84,16,28.5,4.2,0.5,0.1,nonwheat_April,nonwheat,No,Yes
M22_16S_g24_F07,March,WAKMP,Vicia_sativa,t1p3,p021,M22_2567,Jointing,3/10/23,nonwheat,nonwheat,,sample,24,6,5,NA,NA,NA,NA,NA,19.5,35.7344487,-78.70152033,10,12.7,324,NA,NA,NA,NA,NA,NA,NA,NA,NA,NA,NA,NA,NA,NA,NA,NA,NA,0.36,1.03,5,58,2.1,4.9,181,140,373,85,30,21.7,5.6,0.9,0,nonwheat_March,nonwheat,No,Yes
M22_16S_g24_F11,March,ROBVT,Vicia_sativa,t1p5,p044,M22_1979,Jointing,3/21/23,nonwheat,nonwheat,,sample,24,6,5,NA,NA,NA,NA,NA,20.6,34.5207575,-79.3048994,18,14.7,239,NA,NA,NA,NA,NA,NA,NA,NA,NA,NA,NA,NA,NA,NA,NA,NA,NA,1.19,0.95,10,78,2.2,5.5,146,146,1253,140,16,16.7,63.6,1.7,0.1,nonwheat_March,nonwheat,No,Yes
M22_16S_g24_G02,March,WASVT,Vicia_sativa,t2p1,p072,M22_2713,Jointing,3/27/23,nonwheat,nonwheat,,sample,24,6,5,NA,NA,NA,NA,NA,19.7,35.848444,-76.655494,4,13.2,293,NA,NA,NA,NA,NA,NA,NA,NA,NA,NA,NA,NA,NA,NA,NA,NA,NA,2.68,0.84,11.4,75,2.9,5.4,92,288,1099,279,20,5.5,3.6,0.9,0.1,nonwheat_March,nonwheat,No,Yes
M22_16S_g25_A03,March,PERVT,Vicia_sativa,t2p2,p087,M22_1796,Jointing,3/28/23,nonwheat,nonwheat,,sample,25,7,5,NA,NA,NA,NA,NA,40.5,36.17848368,-76.35873081,26.1,12.8,295,NA,NA,NA,NA,NA,NA,NA,NA,NA,NA,NA,NA,NA,NA,NA,NA,NA,0.51,0.82,8.5,81,1.6,5.75,233,134.5,998.5,191,19.5,13.8,6.9,1.55,0.2,nonwheat_March,nonwheat,No,Yes
M22_16S_g25_C01,March,LENVT,Vicia_sativa,t1p4,p034,M22_1623,Jointing,3/14/23,nonwheat,nonwheat,,sample,25,7,5,NA,NA,NA,NA,NA,19.8,35.37821785,-77.56102784,14,13.4,268,NA,NA,NA,NA,NA,NA,NA,NA,NA,NA,NA,NA,NA,NA,NA,NA,NA,0.46,1.05,5.5,64,1.95,5.25,80.5,92,487,107.5,18.5,17.2,3.75,0.5,0.1,nonwheat_March,nonwheat,No,Yes
M22_16S_g25_E11,April,LENVT,Vicia_sativa,t1p4,p068,M22_0150,Heading,4/20/23,nonwheat,nonwheat,,sample,25,7,5,NA,NA,NA,NA,NA,14.9,35.37862615,-77.56084165,205,16.4,335,NA,NA,NA,NA,NA,NA,NA,NA,NA,NA,NA,NA,NA,NA,NA,NA,NA,0.485,1.1,5.1,61.5,1.95,5.05,117.5,49.5,473,80.5,17.5,11.5,3.15,0.55,0.1,nonwheat_April,nonwheat,No,Yes
M22_16S_g25_G03,April,UNIVT,Vicia_sativa,t2p3,p036,M22_1071,Heading,4/28/23,nonwheat,nonwheat,,sample,25,7,5,NA,NA,NA,NA,NA,23.8,34.9506448,-80.42474172,30,16.4,407,NA,NA,NA,NA,NA,NA,NA,NA,NA,NA,NA,NA,NA,NA,NA,NA,NA,0.46,0.85,6.8,76,1.6,5.4,54,77,833,96,19,23.8,3.8,2.4,0.1,nonwheat_April,nonwheat,No,Yes
M22_16S_g26_C10,March,ROBVT,Vicia_sativa,t1p1,p045,M22_1940,Jointing,3/21/23,nonwheat,nonwheat,,sample,26,7,5,NA,NA,NA,NA,NA,25.7,34.5704329,-79.3050959,10,14.7,239,NA,NA,NA,NA,NA,NA,NA,NA,NA,NA,NA,NA,NA,NA,NA,NA,NA,0.81,0.95,6.5,50,3.2,4.8,61,81,455,98,19,16.9,9.8,0.7,0,nonwheat_March,nonwheat,No,Yes
M22_16S_g27_D06,March,LENVT,Vicia_sativa,t1p3,p035,M22_1610,Jointing,3/14/23,nonwheat,nonwheat,,sample,27,7,5,NA,NA,NA,NA,NA,23.3,35.3783149,-77.5609829,10,13.4,268,NA,NA,NA,NA,NA,NA,NA,NA,NA,NA,NA,NA,NA,NA,NA,NA,NA,0.46,1.09,4.9,59,2,5.1,71,79,383,94,20,11.9,3.1,0.5,0.1,nonwheat_March,nonwheat,No,Yes
M22_16S_g27_E10,March,WASVT,Vicia_sativa,t2p2,p074,M22_2723,Jointing,3/27/23,nonwheat,nonwheat,,sample,27,7,5,NA,NA,NA,NA,NA,17.2,35.84841278,-76.65557814,5,13.2,293,NA,NA,NA,NA,NA,NA,NA,NA,NA,NA,NA,NA,NA,NA,NA,NA,NA,2.845,0.86,10.65,71.5,3,5.3,77.5,240,988,254,21,4.4,3,0.7,0.15,nonwheat_March,nonwheat,No,Yes
M22_16S_g27_H10,March,LENVT,Vicia_sativa,t1p2,p037,M22_1598,Jointing,3/14/23,nonwheat,nonwheat,,sample,27,7,5,NA,NA,NA,NA,NA,23.9,35.37841195,-77.56093795,10,13.4,268,NA,NA,NA,NA,NA,NA,NA,NA,NA,NA,NA,NA,NA,NA,NA,NA,NA,0.46,1.085,5.2,60,2.1,5.1,77,74.5,417,102.5,18.5,16.15,3.9,0.6,0.1,nonwheat_March,nonwheat,No,Yes
M22_16S_g28_E03,March,ROBVT,Vicia_sativa,t1p1,p046,M22_1941,Jointing,3/21/23,nonwheat,nonwheat,,sample,28,7,5,NA,NA,NA,NA,NA,25.7,34.5704329,-79.3050959,20,14.7,239,NA,NA,NA,NA,NA,NA,NA,NA,NA,NA,NA,NA,NA,NA,NA,NA,NA,0.81,0.95,6.5,50,3.2,4.8,61,81,455,98,19,16.9,9.8,0.7,0,nonwheat_March,nonwheat,No,Yes
M22_16S_g28_G01,March,WAKMP,Vicia_sativa,t1p3,p017,M22_2563,Jointing,3/10/23,nonwheat,nonwheat,,sample,28,7,5,NA,NA,NA,NA,NA,19.5,35.7344487,-78.70152033,17,12.7,324,NA,NA,NA,NA,NA,NA,NA,NA,NA,NA,NA,NA,NA,NA,NA,NA,NA,0.36,1.03,5,58,2.1,4.9,181,140,373,85,30,21.7,5.6,0.9,0,nonwheat_March,nonwheat,No,Yes
M22_16S_g29_B12,March,ROBVT,Vicia_sativa,t1p1,p041,M22_1938,Jointing,3/21/23,nonwheat,nonwheat,,sample,29,8,5,NA,NA,NA,NA,NA,25.7,34.5704329,-79.3050959,16,14.7,239,NA,NA,NA,NA,NA,NA,NA,NA,NA,NA,NA,NA,NA,NA,NA,NA,NA,0.81,0.95,6.5,50,3.2,4.8,61,81,455,98,19,16.9,9.8,0.7,0,nonwheat_March,nonwheat,No,Yes
M22_16S_g29_E02,March,WASVT,Vicia_sativa,t2p3,p076,M22_2733,Jointing,3/27/23,nonwheat,nonwheat,,sample,29,8,5,NA,NA,NA,NA,NA,16.9,35.84838155,-76.65566228,5,13.2,293,NA,NA,NA,NA,NA,NA,NA,NA,NA,NA,NA,NA,NA,NA,NA,NA,NA,3.01,0.88,9.9,68,3.1,5.2,63,192,877,229,22,3.3,2.4,0.5,0.2,nonwheat_March,nonwheat,No,Yes
M22_16S_g29_F01,April,UNIVT,Vicia_sativa,t2p3,p035,M22_1070,Heading,4/28/23,nonwheat,nonwheat,,sample,29,8,5,NA,NA,NA,NA,NA,23.8,34.9506448,-80.42474172,40,16.4,407,NA,NA,NA,NA,NA,NA,NA,NA,NA,NA,NA,NA,NA,NA,NA,NA,NA,0.46,0.85,6.8,76,1.6,5.4,54,77,833,96,19,23.8,3.8,2.4,0.1,nonwheat_April,nonwheat,No,Yes
M22_16S_g30_E05,March,LENVT,Vicia_sativa,t1p2,p039,M22_1600,Jointing,3/14/23,nonwheat,nonwheat,,sample,30,8,5,NA,NA,NA,NA,NA,23.9,35.37841195,-77.56093795,10,13.4,268,NA,NA,NA,NA,NA,NA,NA,NA,NA,NA,NA,NA,NA,NA,NA,NA,NA,0.46,1.085,5.2,60,2.1,5.1,77,74.5,417,102.5,18.5,16.15,3.9,0.6,0.1,nonwheat_March,nonwheat,No,Yes
M22_16S_g31_E09,March,WAKMP,Vicia_sativa,t1p3,p025,M22_2571,Jointing,3/10/23,nonwheat,nonwheat,,sample,31,8,5,NA,NA,NA,NA,NA,19.5,35.7344487,-78.70152033,7,12.7,324,NA,NA,NA,NA,NA,NA,NA,NA,NA,NA,NA,NA,NA,NA,NA,NA,NA,0.36,1.03,5,58,2.1,4.9,181,140,373,85,30,21.7,5.6,0.9,0,nonwheat_March,nonwheat,No,Yes
M22_16S_g01_A05,April,LENVT,Viola_bicolor,t1p4,p087,M22_0153,Heading,4/20/23,nonwheat,nonwheat,,sample,1,1,2.78,NA,NA,NA,NA,NA,14.9,35.37862615,-77.56084165,98,16.4,335,NA,NA,NA,NA,NA,NA,NA,NA,NA,NA,NA,NA,NA,NA,NA,NA,NA,0.485,1.1,5.1,61.5,1.95,5.05,117.5,49.5,473,80.5,17.5,11.5,3.15,0.55,0.1,nonwheat_April,nonwheat,No,Yes
M22_16S_g01_A08,April,LENVT,Viola_bicolor,t1p3,p086,M22_0144,Heading,4/20/23,nonwheat,nonwheat,,sample,1,1,0.62,NA,NA,NA,NA,NA,14.6,35.3787232,-77.56079671,70,16.4,335,NA,NA,NA,NA,NA,NA,NA,NA,NA,NA,NA,NA,NA,NA,NA,NA,NA,0.51,1.06,5.9,66,2,5.1,97,57,594,91,17,14.5,3,0.5,0.1,nonwheat_April,nonwheat,No,Yes
M22_16S_g01_A10,April,WASVT,Viola_bicolor,t1p4,p028,M22_1443,Heading,5/9/23,nonwheat,nonwheat,,sample,1,1,5,NA,NA,NA,NA,NA,15.7,35.84930603,-76.65501625,13,16.2,364,NA,NA,NA,NA,NA,NA,NA,NA,NA,NA,NA,NA,NA,NA,NA,NA,NA,4.825,0.985,11.45,73,3.05,5.35,103.5,259.5,1033,313.5,20,3.4,1.5,0.85,0.1,nonwheat_April,nonwheat,No,Yes
M22_16S_g01_C10,April,LENVT,Viola_bicolor,t2p2,p037,M22_0179,Heading,4/20/23,nonwheat,nonwheat,,sample,1,1,5,NA,NA,NA,NA,NA,15.2,35.37913073,-77.56057455,109,16.4,335,NA,NA,NA,NA,NA,NA,NA,NA,NA,NA,NA,NA,NA,NA,NA,NA,NA,0.66,1.085,5.45,64,1.45,5.5,68,92.5,554,120.5,19,13.45,2.4,0.65,0.05,nonwheat_April,nonwheat,No,Yes
M22_16S_g02_C11,April,LENVT,Viola_bicolor,t1p5,p090,M22_0164,Heading,4/20/23,nonwheat,nonwheat,,sample,2,1,0.03,NA,NA,NA,NA,NA,16,35.3785291,-77.5608866,67,16.4,335,NA,NA,NA,NA,NA,NA,NA,NA,NA,NA,NA,NA,NA,NA,NA,NA,NA,0.46,1.14,4.3,57,1.9,5,138,42,352,70,18,8.5,3.3,0.6,0.1,nonwheat_April,nonwheat,No,Yes
M22_16S_g06_A05,April,LENVT,Viola_bicolor,t2p2,p038,M22_0180,Heading,4/20/23,nonwheat,nonwheat,,sample,6,2,5,NA,NA,NA,NA,NA,15.2,35.37913073,-77.56057455,103,16.4,335,NA,NA,NA,NA,NA,NA,NA,NA,NA,NA,NA,NA,NA,NA,NA,NA,NA,0.66,1.085,5.45,64,1.45,5.5,68,92.5,554,120.5,19,13.45,2.4,0.65,0.05,nonwheat_April,nonwheat,No,Yes
M22_16S_g07_C09,April,LENVT,Viola_bicolor,t2p1,p040,M22_0172,Heading,4/20/23,nonwheat,nonwheat,,sample,7,2,5,NA,NA,NA,NA,NA,12.2,35.3791616,-77.560684,92,16.4,335,NA,NA,NA,NA,NA,NA,NA,NA,NA,NA,NA,NA,NA,NA,NA,NA,NA,0.66,1.03,7.7,87,1,6.3,60,110,928,216,19,13.1,2.4,0.8,0.1,nonwheat_April,nonwheat,No,Yes
M22_16S_g07_H05,April,LENVT,Viola_bicolor,t1p2,p083,M22_0133,Heading,4/20/23,nonwheat,nonwheat,,sample,7,2,5,NA,NA,NA,NA,NA,15.9,35.37882025,-77.56075176,101,16.4,335,NA,NA,NA,NA,NA,NA,NA,NA,NA,NA,NA,NA,NA,NA,NA,NA,NA,0.51,1.06,5.65,64.5,2,5.1,88.5,65,550.5,87.5,16.5,21.5,3.6,0.5,0.1,nonwheat_April,nonwheat,No,Yes
M22_16S_g09_E05,April,LENVT,Viola_bicolor,t1p4,p088,M22_0154,Heading,4/20/23,nonwheat,nonwheat,,sample,9,3,5,NA,NA,NA,NA,NA,14.9,35.37862615,-77.56084165,43,16.4,335,NA,NA,NA,NA,NA,NA,NA,NA,NA,NA,NA,NA,NA,NA,NA,NA,NA,0.485,1.1,5.1,61.5,1.95,5.05,117.5,49.5,473,80.5,17.5,11.5,3.15,0.55,0.1,nonwheat_April,nonwheat,No,Yes
M22_16S_g10_A02,April,LENVT,Viola_bicolor,t1p1,p081,M22_0123,Heading,4/20/23,nonwheat,nonwheat,,sample,10,3,5,NA,NA,NA,NA,NA,13.7,35.3789173,-77.56070681,61,16.4,335,NA,NA,NA,NA,NA,NA,NA,NA,NA,NA,NA,NA,NA,NA,NA,NA,NA,0.51,1.06,5.4,63,2,5.1,80,73,507,84,16,28.5,4.2,0.5,0.1,nonwheat_April,nonwheat,No,Yes
M22_16S_g10_D10,April,LENVT,Viola_bicolor,t2p3,p036,M22_0196,Heading,4/20/23,nonwheat,nonwheat,,sample,10,3,5,NA,NA,NA,NA,NA,20.1,35.37909985,-77.5604651,58,16.4,335,NA,NA,NA,NA,NA,NA,NA,NA,NA,NA,NA,NA,NA,NA,NA,NA,NA,0.66,1.14,3.2,41,1.9,4.7,76,75,180,25,19,13.8,2.4,0.5,0,nonwheat_April,nonwheat,No,Yes
M22_16S_g12_A06,April,LENVT,Viola_bicolor,t1p2,p084,M22_0134,Heading,4/20/23,nonwheat,nonwheat,,sample,12,3,0.43,NA,NA,NA,NA,NA,15.9,35.37882025,-77.56075176,137,16.4,335,NA,NA,NA,NA,NA,NA,NA,NA,NA,NA,NA,NA,NA,NA,NA,NA,NA,0.51,1.06,5.65,64.5,2,5.1,88.5,65,550.5,87.5,16.5,21.5,3.6,0.5,0.1,nonwheat_April,nonwheat,No,Yes
M22_16S_g12_E08,April,WASVT,Viola_bicolor,t1p1,p021,M22_1410,Heading,5/9/23,nonwheat,nonwheat,,sample,12,3,5,NA,NA,NA,NA,NA,14.8,35.849724,-76.655065,21,16.2,364,NA,NA,NA,NA,NA,NA,NA,NA,NA,NA,NA,NA,NA,NA,NA,NA,NA,4.44,1.01,10.6,73,2.8,5.4,93,167,1005,284,19,3,1.5,1.1,0.1,nonwheat_April,nonwheat,No,Yes
M22_16S_g13_A10,April,LENVT,Viola_bicolor,t2p5,p032,M22_0212,Heading,4/20/23,nonwheat,nonwheat,,sample,13,4,5,NA,NA,NA,NA,NA,21.8,35.3790381,-77.5602462,84,16.4,335,NA,NA,NA,NA,NA,NA,NA,NA,NA,NA,NA,NA,NA,NA,NA,NA,NA,0.56,1.02,3.8,49,2,4.9,71,70,238,62,18,31.9,4.4,0.6,0.1,nonwheat_April,nonwheat,No,Yes
M22_16S_g16_C02,April,LENVT,Viola_bicolor,t1p1,p082,M22_0124,Heading,4/20/23,nonwheat,nonwheat,,sample,16,4,0.23,NA,NA,NA,NA,NA,13.7,35.3789173,-77.56070681,99,16.4,335,NA,NA,NA,NA,NA,NA,NA,NA,NA,NA,NA,NA,NA,NA,NA,NA,NA,0.51,1.06,5.4,63,2,5.1,80,73,507,84,16,28.5,4.2,0.5,0.1,nonwheat_April,nonwheat,No,Yes
M22_16S_g18_G10,April,WASVT,Viola_bicolor,t1p2,p024,M22_1419,Heading,5/9/23,nonwheat,nonwheat,,sample,18,5,5,NA,NA,NA,NA,NA,16.3,35.84958468,-76.65504875,21,16.2,364,NA,NA,NA,NA,NA,NA,NA,NA,NA,NA,NA,NA,NA,NA,NA,NA,NA,4.5,0.99,11.25,75,2.75,5.45,100.5,215,1060,321,20.5,3.25,1.5,0.95,0.1,nonwheat_April,nonwheat,No,Yes
M22_16S_g18_H12,April,LENVT,Viola_bicolor,t2p4,p034,M22_0204,Heading,4/20/23,nonwheat,nonwheat,,sample,18,5,5,NA,NA,NA,NA,NA,22.4,35.37906898,-77.56035565,141,16.4,335,NA,NA,NA,NA,NA,NA,NA,NA,NA,NA,NA,NA,NA,NA,NA,NA,NA,0.61,1.08,3.5,45,1.95,4.8,73.5,72.5,209,43.5,18.5,22.85,3.4,0.55,0.05,nonwheat_April,nonwheat,No,Yes
M22_16S_g19_B06,April,LENVT,Viola_bicolor,t1p5,p089,M22_0163,Heading,4/20/23,nonwheat,nonwheat,,sample,19,5,0.48,NA,NA,NA,NA,NA,16,35.3785291,-77.5608866,74,16.4,335,NA,NA,NA,NA,NA,NA,NA,NA,NA,NA,NA,NA,NA,NA,NA,NA,NA,0.46,1.14,4.3,57,1.9,5,138,42,352,70,18,8.5,3.3,0.6,0.1,nonwheat_April,nonwheat,No,Yes
M22_16S_g23_B01,April,LENVT,Viola_bicolor,t1p3,p085,M22_0143,Heading,4/20/23,nonwheat,nonwheat,,sample,23,6,5,NA,NA,NA,NA,NA,14.6,35.3787232,-77.56079671,59,16.4,335,NA,NA,NA,NA,NA,NA,NA,NA,NA,NA,NA,NA,NA,NA,NA,NA,NA,0.51,1.06,5.9,66,2,5.1,97,57,594,91,17,14.5,3,0.5,0.1,nonwheat_April,nonwheat,No,Yes
M22_16S_g24_C11,April,WASVT,Viola_bicolor,t1p4,p030,M22_1445,Heading,5/9/23,nonwheat,nonwheat,,sample,24,6,5,NA,NA,NA,NA,NA,15.7,35.84930603,-76.65501625,21,16.2,364,NA,NA,NA,NA,NA,NA,NA,NA,NA,NA,NA,NA,NA,NA,NA,NA,NA,4.825,0.985,11.45,73,3.05,5.35,103.5,259.5,1033,313.5,20,3.4,1.5,0.85,0.1,nonwheat_April,nonwheat,No,Yes
M22_16S_g24_E12,April,WASVT,Viola_bicolor,t1p4,p027,M22_1442,Heading,5/9/23,nonwheat,nonwheat,,sample,24,6,5,NA,NA,NA,NA,NA,15.7,35.84930603,-76.65501625,20,16.2,364,NA,NA,NA,NA,NA,NA,NA,NA,NA,NA,NA,NA,NA,NA,NA,NA,NA,4.825,0.985,11.45,73,3.05,5.35,103.5,259.5,1033,313.5,20,3.4,1.5,0.85,0.1,nonwheat_April,nonwheat,No,Yes
M22_16S_g25_A05,April,WASVT,Viola_bicolor,t1p2,p023,M22_1418,Heading,5/9/23,nonwheat,nonwheat,,sample,25,7,5,NA,NA,NA,NA,NA,16.3,35.84958468,-76.65504875,17,16.2,364,NA,NA,NA,NA,NA,NA,NA,NA,NA,NA,NA,NA,NA,NA,NA,NA,NA,4.5,0.99,11.25,75,2.75,5.45,100.5,215,1060,321,20.5,3.25,1.5,0.95,0.1,nonwheat_April,nonwheat,No,Yes
M22_16S_g25_C09,April,WASVT,Viola_bicolor,t1p3,p026,M22_1426,Heading,5/9/23,nonwheat,nonwheat,,sample,25,7,5,NA,NA,NA,NA,NA,10.9,35.84944535,-76.6550325,18,16.2,364,NA,NA,NA,NA,NA,NA,NA,NA,NA,NA,NA,NA,NA,NA,NA,NA,NA,4.56,0.97,11.9,77,2.7,5.5,108,263,1115,358,22,3.5,1.5,0.8,0.1,nonwheat_April,nonwheat,No,Yes
M22_16S_g25_F10,April,WASVT,Viola_bicolor,t1p3,p025,M22_1425,Heading,5/9/23,nonwheat,nonwheat,,sample,25,7,5,NA,NA,NA,NA,NA,10.9,35.84944535,-76.6550325,16,16.2,364,NA,NA,NA,NA,NA,NA,NA,NA,NA,NA,NA,NA,NA,NA,NA,NA,NA,4.56,0.97,11.9,77,2.7,5.5,108,263,1115,358,22,3.5,1.5,0.8,0.1,nonwheat_April,nonwheat,No,Yes
M22_16S_g27_E07,April,WASVT,Viola_bicolor,t1p4,p029,M22_1444,Heading,5/9/23,nonwheat,nonwheat,,sample,27,7,5,NA,NA,NA,NA,NA,15.7,35.84930603,-76.65501625,13,16.2,364,NA,NA,NA,NA,NA,NA,NA,NA,NA,NA,NA,NA,NA,NA,NA,NA,NA,4.825,0.985,11.45,73,3.05,5.35,103.5,259.5,1033,313.5,20,3.4,1.5,0.85,0.1,nonwheat_April,nonwheat,No,Yes
M22_16S_g27_F01,April,LENVT,Viola_bicolor,t2p3,p035,M22_0195,Heading,4/20/23,nonwheat,nonwheat,,sample,27,7,5,NA,NA,NA,NA,NA,20.1,35.37909985,-77.5604651,64,16.4,335,NA,NA,NA,NA,NA,NA,NA,NA,NA,NA,NA,NA,NA,NA,NA,NA,NA,0.66,1.14,3.2,41,1.9,4.7,76,75,180,25,19,13.8,2.4,0.5,0,nonwheat_April,nonwheat,No,Yes
M22_16S_g30_D10,April,LENVT,Viola_bicolor,t2p4,p033,M22_0203,Heading,4/20/23,nonwheat,nonwheat,,sample,30,8,0.34,NA,NA,NA,NA,NA,22.4,35.37906898,-77.56035565,107,16.4,335,NA,NA,NA,NA,NA,NA,NA,NA,NA,NA,NA,NA,NA,NA,NA,NA,NA,0.61,1.08,3.5,45,1.95,4.8,73.5,72.5,209,43.5,18.5,22.85,3.4,0.55,0.05,nonwheat_April,nonwheat,No,Yes
M22_16S_g30_H08,April,WASVT,Viola_bicolor,t1p1,p022,M22_1411,Heading,5/9/23,nonwheat,nonwheat,,sample,30,8,5,NA,NA,NA,NA,NA,14.8,35.849724,-76.655065,14,16.2,364,NA,NA,NA,NA,NA,NA,NA,NA,NA,NA,NA,NA,NA,NA,NA,NA,NA,4.44,1.01,10.6,73,2.8,5.4,93,167,1005,284,19,3,1.5,1.1,0.1,nonwheat_April,nonwheat,No,Yes
M22_16S_g31_D12,April,LENVT,Viola_bicolor,t2p1,p039,M22_0171,Heading,4/20/23,nonwheat,nonwheat,,sample,31,8,5,NA,NA,NA,NA,NA,12.2,35.3791616,-77.560684,129,16.4,335,NA,NA,NA,NA,NA,NA,NA,NA,NA,NA,NA,NA,NA,NA,NA,NA,NA,0.66,1.03,7.7,87,1,6.3,60,110,928,216,19,13.1,2.4,0.8,0.1,nonwheat_April,nonwheat,No,Yes
M22_16S_g31_H08,April,LENVT,Viola_bicolor,t2p5,p031,M22_0211,Heading,4/20/23,nonwheat,nonwheat,,sample,31,8,5,NA,NA,NA,NA,NA,21.8,35.3790381,-77.5602462,77,16.4,335,NA,NA,NA,NA,NA,NA,NA,NA,NA,NA,NA,NA,NA,NA,NA,NA,NA,0.56,1.02,3.8,49,2,4.9,71,70,238,62,18,31.9,4.4,0.6,0.1,nonwheat_April,nonwheat,No,Yes
M22_16S_g02_G08,March,WASVT,Viola_cf_bicolor,t1p2,p037,M22_2673,Jointing,3/27/23,nonwheat,nonwheat,,sample,2,1,5,NA,NA,NA,NA,NA,27.9,35.84968568,-76.65465675,10,13.2,293,NA,NA,NA,NA,NA,NA,NA,NA,NA,NA,NA,NA,NA,NA,NA,NA,NA,2.6,0.91,11.1,82.5,1.95,5.9,118.5,166.5,1161,358.5,16,2.6,1.3,0.9,0.1,nonwheat_March,nonwheat,No,Yes
M22_16S_g04_H12,March,WASVT,Viola_cf_bicolor,t1p5,p031,M22_2706,Jointing,3/27/23,nonwheat,nonwheat,,sample,4,1,5,NA,NA,NA,NA,NA,25.6,35.8492677,-76.654608,6,13.2,293,NA,NA,NA,NA,NA,NA,NA,NA,NA,NA,NA,NA,NA,NA,NA,NA,NA,2.92,0.83,14.1,82,2.5,5.9,115,242,1422,468,19,2.9,1.6,0.9,0.1,nonwheat_March,nonwheat,No,Yes
M22_16S_g09_E01,March,WASVT,Viola_cf_bicolor,t1p1,p040,M22_2666,Jointing,3/27/23,nonwheat,nonwheat,,sample,9,3,5,NA,NA,NA,NA,NA,22.4,35.849825,-76.654673,6,13.2,293,NA,NA,NA,NA,NA,NA,NA,NA,NA,NA,NA,NA,NA,NA,NA,NA,NA,2.52,0.89,11.3,86,1.6,6.1,117,148,1232,383,15,2.8,1.3,0.9,0.1,nonwheat_March,nonwheat,No,Yes
M22_16S_g10_C06,March,WASVT,Viola_cf_bicolor,t1p3,p035,M22_2690,Jointing,3/27/23,nonwheat,nonwheat,,sample,10,3,5,NA,NA,NA,NA,NA,26.8,35.84954635,-76.6546405,2,13.2,293,NA,NA,NA,NA,NA,NA,NA,NA,NA,NA,NA,NA,NA,NA,NA,NA,NA,2.68,0.93,10.9,79,2.3,5.7,120,185,1090,334,17,2.4,1.3,0.9,0.1,nonwheat_March,nonwheat,No,Yes
M22_16S_g10_G02,March,WASVT,Viola_cf_bicolor,t1p4,p033,M22_2698,Jointing,3/27/23,nonwheat,nonwheat,,sample,10,3,5,NA,NA,NA,NA,NA,33.1,35.84940703,-76.65462425,4,13.2,293,NA,NA,NA,NA,NA,NA,NA,NA,NA,NA,NA,NA,NA,NA,NA,NA,NA,2.8,0.88,12.5,80.5,2.4,5.8,117.5,213.5,1256,401,18,2.65,1.45,0.9,0.1,nonwheat_March,nonwheat,No,Yes
M22_16S_g11_G06,March,ROBVT,Viola_cf_bicolor,t1p5,p032,M22_1977,Jointing,3/21/23,nonwheat,nonwheat,,sample,11,3,5,NA,NA,NA,NA,NA,20.6,34.5207575,-79.3048994,9,14.7,239,NA,NA,NA,NA,NA,NA,NA,NA,NA,NA,NA,NA,NA,NA,NA,NA,NA,1.19,0.95,10,78,2.2,5.5,146,146,1253,140,16,16.7,63.6,1.7,0.1,nonwheat_March,nonwheat,No,Yes
M22_16S_g17_G08,March,WASVT,Viola_cf_bicolor,t1p4,p034,M22_2699,Jointing,3/27/23,nonwheat,nonwheat,,sample,17,5,5,NA,NA,NA,NA,NA,33.1,35.84940703,-76.65462425,6,13.2,293,NA,NA,NA,NA,NA,NA,NA,NA,NA,NA,NA,NA,NA,NA,NA,NA,NA,2.8,0.88,12.5,80.5,2.4,5.8,117.5,213.5,1256,401,18,2.65,1.45,0.9,0.1,nonwheat_March,nonwheat,No,Yes
M22_16S_g18_C07,March,WASVT,Viola_cf_bicolor,t1p3,p036,M22_2691,Jointing,3/27/23,nonwheat,nonwheat,,sample,18,5,5,NA,NA,NA,NA,NA,26.8,35.84954635,-76.6546405,12,13.2,293,NA,NA,NA,NA,NA,NA,NA,NA,NA,NA,NA,NA,NA,NA,NA,NA,NA,2.68,0.93,10.9,79,2.3,5.7,120,185,1090,334,17,2.4,1.3,0.9,0.1,nonwheat_March,nonwheat,No,Yes
M22_16S_g19_E11,March,WASVT,Viola_cf_bicolor,t1p5,p032,M22_2707,Jointing,3/27/23,nonwheat,nonwheat,,sample,19,5,5,NA,NA,NA,NA,NA,25.6,35.8492677,-76.654608,7,13.2,293,NA,NA,NA,NA,NA,NA,NA,NA,NA,NA,NA,NA,NA,NA,NA,NA,NA,2.92,0.83,14.1,82,2.5,5.9,115,242,1422,468,19,2.9,1.6,0.9,0.1,nonwheat_March,nonwheat,No,Yes
M22_16S_g20_F12,March,ROBVT,Viola_cf_bicolor,t1p3,p035,M22_1960,Jointing,3/21/23,nonwheat,nonwheat,,sample,20,5,5,NA,NA,NA,NA,NA,29.3,34.5455952,-79.30499765,9,14.7,239,NA,NA,NA,NA,NA,NA,NA,NA,NA,NA,NA,NA,NA,NA,NA,NA,NA,0.6,1.01,4.8,45,2.6,4.8,24,87,296,56,18,11,31.8,0.6,0.1,nonwheat_March,nonwheat,No,Yes
M22_16S_g21_B09,March,ROBVT,Viola_cf_bicolor,t1p2,p038,M22_1953,Jointing,3/21/23,nonwheat,nonwheat,,sample,21,6,0.34,NA,NA,NA,NA,NA,25.5,34.55801405,-79.30504678,8,14.7,239,NA,NA,NA,NA,NA,NA,NA,NA,NA,NA,NA,NA,NA,NA,NA,NA,NA,0.705,0.98,5.65,47.5,2.9,4.8,42.5,84,375.5,77,18.5,13.95,20.8,0.65,0.05,nonwheat_March,nonwheat,No,Yes
M22_16S_g23_B04,March,ROBVT,Viola_cf_bicolor,t1p3,p036,M22_1961,Jointing,3/21/23,nonwheat,nonwheat,,sample,23,6,5,NA,NA,NA,NA,NA,29.3,34.5455952,-79.30499765,7,14.7,239,NA,NA,NA,NA,NA,NA,NA,NA,NA,NA,NA,NA,NA,NA,NA,NA,NA,0.6,1.01,4.8,45,2.6,4.8,24,87,296,56,18,11,31.8,0.6,0.1,nonwheat_March,nonwheat,No,Yes
M22_16S_g25_A01,March,ROBVT,Viola_cf_bicolor,t1p1,p040,M22_1937,Jointing,3/21/23,nonwheat,nonwheat,,sample,25,7,5,NA,NA,NA,NA,NA,25.7,34.5704329,-79.3050959,10,14.7,239,NA,NA,NA,NA,NA,NA,NA,NA,NA,NA,NA,NA,NA,NA,NA,NA,NA,0.81,0.95,6.5,50,3.2,4.8,61,81,455,98,19,16.9,9.8,0.7,0,nonwheat_March,nonwheat,No,Yes
M22_16S_g26_F02,March,ROBVT,Viola_cf_bicolor,t1p4,p033,M22_1968,Jointing,3/21/23,nonwheat,nonwheat,,sample,26,7,5,NA,NA,NA,NA,NA,21.7,34.53317635,-79.30494853,9,14.7,239,NA,NA,NA,NA,NA,NA,NA,NA,NA,NA,NA,NA,NA,NA,NA,NA,NA,0.895,0.98,7.4,61.5,2.4,5.15,85,116.5,774.5,98,17,13.85,47.7,1.15,0.1,nonwheat_March,nonwheat,No,Yes
M22_16S_g26_H05,March,ROBVT,Viola_cf_bicolor,t1p4,p034,M22_1969,Jointing,3/21/23,nonwheat,nonwheat,,sample,26,7,5,NA,NA,NA,NA,NA,21.7,34.53317635,-79.30494853,8,14.7,239,NA,NA,NA,NA,NA,NA,NA,NA,NA,NA,NA,NA,NA,NA,NA,NA,NA,0.895,0.98,7.4,61.5,2.4,5.15,85,116.5,774.5,98,17,13.85,47.7,1.15,0.1,nonwheat_March,nonwheat,No,Yes
M22_16S_g27_E12,March,WASVT,Viola_cf_bicolor,t1p2,p038,M22_2674,Jointing,3/27/23,nonwheat,nonwheat,,sample,27,7,5,NA,NA,NA,NA,NA,27.9,35.84968568,-76.65465675,5,13.2,293,NA,NA,NA,NA,NA,NA,NA,NA,NA,NA,NA,NA,NA,NA,NA,NA,NA,2.6,0.91,11.1,82.5,1.95,5.9,118.5,166.5,1161,358.5,16,2.6,1.3,0.9,0.1,nonwheat_March,nonwheat,No,Yes
M22_16S_g28_C02,March,WASVT,Viola_cf_bicolor,t1p1,p039,M22_2665,Jointing,3/27/23,nonwheat,nonwheat,,sample,28,7,5,NA,NA,NA,NA,NA,22.4,35.849825,-76.654673,17,13.2,293,NA,NA,NA,NA,NA,NA,NA,NA,NA,NA,NA,NA,NA,NA,NA,NA,NA,2.52,0.89,11.3,86,1.6,6.1,117,148,1232,383,15,2.8,1.3,0.9,0.1,nonwheat_March,nonwheat,No,Yes
M22_16S_g29_B11,March,ROBVT,Viola_cf_bicolor,t1p5,p031,M22_1976,Jointing,3/21/23,nonwheat,nonwheat,,sample,29,8,1.97,NA,NA,NA,NA,NA,20.6,34.5207575,-79.3048994,9,14.7,239,NA,NA,NA,NA,NA,NA,NA,NA,NA,NA,NA,NA,NA,NA,NA,NA,NA,1.19,0.95,10,78,2.2,5.5,146,146,1253,140,16,16.7,63.6,1.7,0.1,nonwheat_March,nonwheat,No,Yes
M22_16S_g30_A11,March,ROBVT,Viola_cf_bicolor,t1p1,p039,M22_1936,Jointing,3/21/23,nonwheat,nonwheat,,sample,30,8,5,NA,NA,NA,NA,NA,25.7,34.5704329,-79.3050959,8,14.7,239,NA,NA,NA,NA,NA,NA,NA,NA,NA,NA,NA,NA,NA,NA,NA,NA,NA,0.81,0.95,6.5,50,3.2,4.8,61,81,455,98,19,16.9,9.8,0.7,0,nonwheat_March,nonwheat,No,Yes
M22_16S_g30_F05,March,ROBVT,Viola_cf_bicolor,t1p2,p037,M22_1952,Jointing,3/21/23,nonwheat,nonwheat,,sample,30,8,5,NA,NA,NA,NA,NA,25.5,34.55801405,-79.30504678,8,14.7,239,NA,NA,NA,NA,NA,NA,NA,NA,NA,NA,NA,NA,NA,NA,NA,NA,NA,0.705,0.98,5.65,47.5,2.9,4.8,42.5,84,375.5,77,18.5,13.95,20.8,0.65,0.05,nonwheat_March,nonwheat,No,Yes
M22_16S_g01_A07,April,UNIVT,wheat,213,,M22_2977,Heading,4/28/23,Shirley,between_row_fill,oldest_healthy,sample,1,1,3.62,NA,NA,NA,NA,NA,10.1,34.948753,-80.424902,92,16.4,407,NA,NA,NA,NA,NA,NA,NA,NA,NA,NA,NA,NA,NA,NA,NA,NA,NA,NA,NA,NA,NA,NA,NA,NA,NA,NA,NA,NA,NA,NA,NA,NA,wheat_April,wheat,Yes,Yes
M22_16S_g01_A12,April,ROBVT,wheat,422,,M22_0438,Heading,4/24/23,Shirley,between_row_fill,oldest_healthy,sample,1,1,5,NA,NA,NA,NA,NA,4.2,34.511903,-79.307422,68,18.1,296,NA,NA,NA,NA,NA,NA,NA,NA,NA,NA,NA,NA,NA,NA,NA,NA,NA,NA,NA,NA,NA,NA,NA,NA,NA,NA,NA,NA,NA,NA,NA,NA,wheat_April,wheat,Yes,Yes
M22_16S_g01_D03,April,PERVT,wheat,434,,M22_0226,Heading,5/5/23,Shirley,between_row_fill,oldest_healthy,sample,1,1,5,NA,NA,NA,NA,NA,25.9,36.180107,-76.359772,89,15.7,361,NA,NA,NA,NA,NA,NA,NA,NA,NA,NA,NA,NA,NA,NA,NA,NA,NA,NA,NA,NA,NA,NA,NA,NA,NA,NA,NA,NA,NA,NA,NA,NA,wheat_April,wheat,Yes,Yes
M22_16S_g01_F09,April,UNIVT,wheat,360,,M22_0874,Heading,4/28/23,Shirley,between_row_fill,oldest_healthy,sample,1,1,4.52,NA,NA,NA,NA,NA,14.4,34.948183,-80.42476,77,16.4,407,NA,NA,NA,NA,NA,NA,NA,NA,NA,NA,NA,NA,NA,NA,NA,NA,NA,NA,NA,NA,NA,NA,NA,NA,NA,NA,NA,NA,NA,NA,NA,NA,wheat_April,wheat,Yes,Yes
M22_16S_g02_A09,April,PERVT,wheat,219,,M22_0213,Heading,5/5/23,Shirley,between_row_fill,oldest_healthy,sample,2,1,5,NA,NA,NA,NA,NA,24.4,36.179719,-76.359099,84,15.7,361,NA,NA,NA,NA,NA,NA,NA,NA,NA,NA,NA,NA,NA,NA,NA,NA,NA,NA,NA,NA,NA,NA,NA,NA,NA,NA,NA,NA,NA,NA,NA,NA,wheat_April,wheat,Yes,Yes
M22_16S_g02_A10,April,PERVT,wheat,232,,M22_0215,Heading,5/5/23,Shirley,between_row_fill,oldest_healthy,sample,2,1,4.12,NA,NA,NA,NA,NA,20.9,36.17989,-76.358907,91,15.7,361,NA,NA,NA,NA,NA,NA,NA,NA,NA,NA,NA,NA,NA,NA,NA,NA,NA,NA,NA,NA,NA,NA,NA,NA,NA,NA,NA,NA,NA,NA,NA,NA,wheat_April,wheat,Yes,Yes
M22_16S_g02_C01,April,WASVT,wheat,228,,M22_1316,Heading,5/9/23,Shirley,between_row_fill,oldest_healthy,sample,2,1,5,NA,NA,NA,NA,NA,15.7,35.849434,-76.656682,70,16.2,364,NA,NA,NA,NA,NA,NA,NA,NA,NA,NA,NA,NA,NA,NA,NA,NA,NA,NA,NA,NA,NA,NA,NA,NA,NA,NA,NA,NA,NA,NA,NA,NA,wheat_April,wheat,Yes,Yes
M22_16S_g02_F12,April,PERVT,wheat,318,,M22_0220,Heading,5/5/23,Shirley,between_row_fill,oldest_healthy,sample,2,1,5,NA,NA,NA,NA,NA,27.8,36.179812,-76.359413,86,15.7,361,NA,NA,NA,NA,NA,NA,NA,NA,NA,NA,NA,NA,NA,NA,NA,NA,NA,NA,NA,NA,NA,NA,NA,NA,NA,NA,NA,NA,NA,NA,NA,NA,wheat_April,wheat,Yes,Yes
M22_16S_g03_B06,April,UNIVT,wheat,332,,M22_0872,Heading,4/28/23,Shirley,between_row_fill,oldest_healthy,sample,3,1,5,NA,NA,NA,NA,NA,13.1,34.948422,-80.424555,89,16.4,407,NA,NA,NA,NA,NA,NA,NA,NA,NA,NA,NA,NA,NA,NA,NA,NA,NA,NA,NA,NA,NA,NA,NA,NA,NA,NA,NA,NA,NA,NA,NA,NA,wheat_April,wheat,Yes,Yes
M22_16S_g03_C08,April,ROBVT,wheat,476,,M22_0441,Heading,4/24/23,Shirley,between_row_fill,oldest_healthy,sample,3,1,5,NA,NA,NA,NA,NA,3.9,34.511715,-79.30766,76,18.1,296,NA,NA,NA,NA,NA,NA,NA,NA,NA,NA,NA,NA,NA,NA,NA,NA,NA,NA,NA,NA,NA,NA,NA,NA,NA,NA,NA,NA,NA,NA,NA,NA,wheat_April,wheat,Yes,Yes
M22_16S_g03_C09,April,LENVT,wheat,253,,M22_0003,Heading,4/20/23,Shirley,between_row_fill,oldest_healthy,sample,3,1,5,NA,NA,NA,NA,NA,9.8,35.377675,-77.560362,66,16.4,335,NA,NA,NA,NA,NA,NA,NA,NA,NA,NA,NA,NA,NA,NA,NA,NA,NA,NA,NA,NA,NA,NA,NA,NA,NA,NA,NA,NA,NA,NA,NA,NA,wheat_April,wheat,Yes,Yes
M22_16S_g03_D05,April,ROWVT,wheat,527,,M22_0646,Heading,4/27/23,Shirley,between_row_fill,oldest_healthy,sample,3,1,5,NA,NA,NA,NA,NA,9.3,35.697505,-80.623278,76,15,469,NA,NA,NA,NA,NA,NA,NA,NA,NA,NA,NA,NA,NA,NA,NA,NA,NA,NA,NA,NA,NA,NA,NA,NA,NA,NA,NA,NA,NA,NA,NA,NA,wheat_April,wheat,Yes,Yes
M22_16S_g03_E09,April,ROWVT,wheat,480,,M22_0643,Heading,4/27/23,Shirley,between_row_fill,oldest_healthy,sample,3,1,5,NA,NA,NA,NA,NA,9.3,35.697393,-80.623183,88,15,469,NA,NA,NA,NA,NA,NA,NA,NA,NA,NA,NA,NA,NA,NA,NA,NA,NA,NA,NA,NA,NA,NA,NA,NA,NA,NA,NA,NA,NA,NA,NA,NA,wheat_April,wheat,Yes,Yes
M22_16S_g03_G01,April,WASVT,wheat,554,,M22_2984,Heading,5/9/23,Shirley,between_row_fill,oldest_healthy,sample,3,1,0.1,NA,NA,NA,NA,NA,21.4,35.849579,-76.658005,77,16.2,364,NA,NA,NA,NA,NA,NA,NA,NA,NA,NA,NA,NA,NA,NA,NA,NA,NA,NA,NA,NA,NA,NA,NA,NA,NA,NA,NA,NA,NA,NA,NA,NA,wheat_April,wheat,Yes,Yes
M22_16S_g04_B02,April,ROWVT,wheat,456,,M22_0642,Heading,4/27/23,Shirley,between_row_fill,oldest_healthy,sample,4,1,5,NA,NA,NA,NA,NA,9.7,35.697332,-80.623274,74,15,469,NA,NA,NA,NA,NA,NA,NA,NA,NA,NA,NA,NA,NA,NA,NA,NA,NA,NA,NA,NA,NA,NA,NA,NA,NA,NA,NA,NA,NA,NA,NA,NA,wheat_April,wheat,Yes,Yes
M22_16S_g04_C10,April,ROBVT,wheat,478,,M22_0442,Heading,4/24/23,Shirley,between_row_fill,oldest_healthy,sample,4,1,5,NA,NA,NA,NA,NA,1,34.51168,-79.307665,70,18.1,296,NA,NA,NA,NA,NA,NA,NA,NA,NA,NA,NA,NA,NA,NA,NA,NA,NA,NA,NA,NA,NA,NA,NA,NA,NA,NA,NA,NA,NA,NA,NA,NA,wheat_April,wheat,Yes,Yes
M22_16S_g04_F12,April,ROBVT,wheat,274,,M22_0429,Heading,4/24/23,Shirley,between_row_fill,oldest_healthy,sample,4,1,5,NA,NA,NA,NA,NA,5.8,34.511739,-79.30685,79,18.1,296,NA,NA,NA,NA,NA,NA,NA,NA,NA,NA,NA,NA,NA,NA,NA,NA,NA,NA,NA,NA,NA,NA,NA,NA,NA,NA,NA,NA,NA,NA,NA,NA,wheat_April,wheat,Yes,Yes
M22_16S_g04_G11,April,ROWVT,wheat,577,,M22_0649,Heading,4/27/23,Shirley,between_row_fill,oldest_healthy,sample,4,1,5,NA,NA,NA,NA,NA,8.8,35.697639,-80.623136,85,15,469,NA,NA,NA,NA,NA,NA,NA,NA,NA,NA,NA,NA,NA,NA,NA,NA,NA,NA,NA,NA,NA,NA,NA,NA,NA,NA,NA,NA,NA,NA,NA,NA,wheat_April,wheat,Yes,Yes
M22_16S_g04_H06,April,WASVT,wheat,283,,M22_1320,Heading,5/9/23,Shirley,between_row_fill,oldest_healthy,sample,4,1,5,NA,NA,NA,NA,NA,17.8,35.849227,-76.656996,77,16.2,364,NA,NA,NA,NA,NA,NA,NA,NA,NA,NA,NA,NA,NA,NA,NA,NA,NA,NA,NA,NA,NA,NA,NA,NA,NA,NA,NA,NA,NA,NA,NA,NA,wheat_April,wheat,Yes,Yes
M22_16S_g05_A04,April,WASVT,wheat,244,,M22_1317,Heading,5/9/23,Shirley,between_row_fill,oldest_healthy,sample,5,2,5,NA,NA,NA,NA,NA,18,35.849277,-76.656792,72,16.2,364,NA,NA,NA,NA,NA,NA,NA,NA,NA,NA,NA,NA,NA,NA,NA,NA,NA,NA,NA,NA,NA,NA,NA,NA,NA,NA,NA,NA,NA,NA,NA,NA,wheat_April,wheat,Yes,Yes
M22_16S_g05_A07,April,WASVT,wheat,331,,M22_1322,Heading,5/9/23,Shirley,between_row_fill,oldest_healthy,sample,5,2,5,NA,NA,NA,NA,NA,17.7,35.849352,-76.657095,76,16.2,364,NA,NA,NA,NA,NA,NA,NA,NA,NA,NA,NA,NA,NA,NA,NA,NA,NA,NA,NA,NA,NA,NA,NA,NA,NA,NA,NA,NA,NA,NA,NA,NA,wheat_April,wheat,Yes,Yes
M22_16S_g05_B05,April,LENVT,wheat,363,,M22_0010,Heading,4/20/23,Shirley,between_row_fill,oldest_healthy,sample,5,2,5,NA,NA,NA,NA,NA,9.6,35.377256,-77.560338,58,16.4,335,NA,NA,NA,NA,NA,NA,NA,NA,NA,NA,NA,NA,NA,NA,NA,NA,NA,NA,NA,NA,NA,NA,NA,NA,NA,NA,NA,NA,NA,NA,NA,NA,wheat_April,wheat,Yes,Yes
M22_16S_g05_F07,April,ROWVT,wheat,333,,M22_0633,Heading,4/27/23,Shirley,between_row_fill,oldest_healthy,sample,5,2,5,NA,NA,NA,NA,NA,11.5,35.69701,-80.623374,85,15,469,NA,NA,NA,NA,NA,NA,NA,NA,NA,NA,NA,NA,NA,NA,NA,NA,NA,NA,NA,NA,NA,NA,NA,NA,NA,NA,NA,NA,NA,NA,NA,NA,wheat_April,wheat,Yes,Yes
M22_16S_g05_F11,April,WASVT,wheat,353,,M22_1324,Heading,5/9/23,Shirley,between_row_fill,oldest_healthy,sample,5,2,5,NA,NA,NA,NA,NA,22.8,35.849478,-76.657193,82,16.2,364,NA,NA,NA,NA,NA,NA,NA,NA,NA,NA,NA,NA,NA,NA,NA,NA,NA,NA,NA,NA,NA,NA,NA,NA,NA,NA,NA,NA,NA,NA,NA,NA,wheat_April,wheat,Yes,Yes
M22_16S_g05_G02,April,PERVT,wheat,277,,M22_0216,Heading,5/5/23,Shirley,between_row_fill,oldest_healthy,sample,5,2,5,NA,NA,NA,NA,NA,23.4,36.179966,-76.359101,86,15.7,361,NA,NA,NA,NA,NA,NA,NA,NA,NA,NA,NA,NA,NA,NA,NA,NA,NA,NA,NA,NA,NA,NA,NA,NA,NA,NA,NA,NA,NA,NA,NA,NA,wheat_April,wheat,Yes,Yes
M22_16S_g06_A12,April,LENVT,wheat,529,,M22_0019,Heading,4/20/23,Shirley,between_row_fill,oldest_healthy,sample,6,2,5,NA,NA,NA,NA,NA,13.7,35.376828,-77.55993,52,16.4,335,NA,NA,NA,NA,NA,NA,NA,NA,NA,NA,NA,NA,NA,NA,NA,NA,NA,NA,NA,NA,NA,NA,NA,NA,NA,NA,NA,NA,NA,NA,NA,NA,wheat_April,wheat,Yes,Yes
M22_16S_g06_B09,April,LENVT,wheat,483,,M22_0018,Heading,4/20/23,Shirley,between_row_fill,oldest_healthy,sample,6,2,5,NA,NA,NA,NA,NA,11.5,35.376918,-77.559935,48,16.4,335,NA,NA,NA,NA,NA,NA,NA,NA,NA,NA,NA,NA,NA,NA,NA,NA,NA,NA,NA,NA,NA,NA,NA,NA,NA,NA,NA,NA,NA,NA,NA,NA,wheat_April,wheat,Yes,Yes
M22_16S_g06_C03,April,UNIVT,wheat,309,,M22_0871,Heading,4/28/23,Shirley,between_row_fill,oldest_healthy,sample,6,2,5,NA,NA,NA,NA,NA,9.3,34.94846,-80.424713,88,16.4,407,NA,NA,NA,NA,NA,NA,NA,NA,NA,NA,NA,NA,NA,NA,NA,NA,NA,NA,NA,NA,NA,NA,NA,NA,NA,NA,NA,NA,NA,NA,NA,NA,wheat_April,wheat,Yes,Yes
M22_16S_g06_E11,April,LENVT,wheat,272,,M22_0005,Heading,4/20/23,Shirley,between_row_fill,oldest_healthy,sample,6,2,5,NA,NA,NA,NA,NA,14,35.3776,-77.560296,59,16.4,335,NA,NA,NA,NA,NA,NA,NA,NA,NA,NA,NA,NA,NA,NA,NA,NA,NA,NA,NA,NA,NA,NA,NA,NA,NA,NA,NA,NA,NA,NA,NA,NA,wheat_April,wheat,Yes,Yes
M22_16S_g06_G09,April,LENVT,wheat,371,,M22_0012,Heading,4/20/23,Shirley,between_row_fill,oldest_healthy,sample,6,2,5,NA,NA,NA,NA,NA,9.4,35.377289,-77.560171,56,16.4,335,NA,NA,NA,NA,NA,NA,NA,NA,NA,NA,NA,NA,NA,NA,NA,NA,NA,NA,NA,NA,NA,NA,NA,NA,NA,NA,NA,NA,NA,NA,NA,NA,wheat_April,wheat,Yes,Yes
M22_16S_g07_B02,April,LENVT,wheat,239,,M22_0002,Heading,4/20/23,Shirley,between_row_fill,oldest_healthy,sample,7,2,5,NA,NA,NA,NA,NA,15.8,35.377805,-77.560158,61,16.4,335,NA,NA,NA,NA,NA,NA,NA,NA,NA,NA,NA,NA,NA,NA,NA,NA,NA,NA,NA,NA,NA,NA,NA,NA,NA,NA,NA,NA,NA,NA,NA,NA,wheat_April,wheat,Yes,Yes
M22_16S_g07_D04,April,UNIVT,wheat,369,,M22_0875,Heading,4/28/23,Shirley,between_row_fill,oldest_healthy,sample,7,2,5,NA,NA,NA,NA,NA,8.1,34.948244,-80.42458,81,16.4,407,NA,NA,NA,NA,NA,NA,NA,NA,NA,NA,NA,NA,NA,NA,NA,NA,NA,NA,NA,NA,NA,NA,NA,NA,NA,NA,NA,NA,NA,NA,NA,NA,wheat_April,wheat,Yes,Yes
M22_16S_g07_E05,April,PERVT,wheat,553,,M22_0232,Heading,5/5/23,Shirley,between_row_fill,oldest_healthy,sample,7,2,5,NA,NA,NA,NA,NA,25.3,36.180444,-76.359931,94,15.7,361,NA,NA,NA,NA,NA,NA,NA,NA,NA,NA,NA,NA,NA,NA,NA,NA,NA,NA,NA,NA,NA,NA,NA,NA,NA,NA,NA,NA,NA,NA,NA,NA,wheat_April,wheat,Yes,Yes
M22_16S_g07_E07,April,ROWVT,wheat,581,,M22_0650,Heading,4/27/23,Shirley,between_row_fill,oldest_healthy,sample,7,2,5,NA,NA,NA,NA,NA,9.2,35.697661,-80.623219,77,15,469,NA,NA,NA,NA,NA,NA,NA,NA,NA,NA,NA,NA,NA,NA,NA,NA,NA,NA,NA,NA,NA,NA,NA,NA,NA,NA,NA,NA,NA,NA,NA,NA,wheat_April,wheat,Yes,Yes
M22_16S_g07_H08,April,LENVT,wheat,334,,M22_0007,Heading,4/20/23,Shirley,between_row_fill,oldest_healthy,sample,7,2,5,NA,NA,NA,NA,NA,15.4,35.377475,-77.560117,48,16.4,335,NA,NA,NA,NA,NA,NA,NA,NA,NA,NA,NA,NA,NA,NA,NA,NA,NA,NA,NA,NA,NA,NA,NA,NA,NA,NA,NA,NA,NA,NA,NA,NA,wheat_April,wheat,Yes,Yes
M22_16S_g07_H10,April,UNIVT,wheat,576,,M22_0885,Heading,4/28/23,Shirley,between_row_fill,oldest_healthy,sample,7,2,5,NA,NA,NA,NA,NA,10.8,34.947707,-80.424061,88,16.4,407,NA,NA,NA,NA,NA,NA,NA,NA,NA,NA,NA,NA,NA,NA,NA,NA,NA,NA,NA,NA,NA,NA,NA,NA,NA,NA,NA,NA,NA,NA,NA,NA,wheat_April,wheat,Yes,Yes
M22_16S_g08_A10,April,ROBVT,wheat,360,,M22_0434,Heading,4/24/23,Shirley,between_row_fill,oldest_healthy,sample,8,2,5,NA,NA,NA,NA,NA,7.4,34.511645,-79.307161,74,18.1,296,NA,NA,NA,NA,NA,NA,NA,NA,NA,NA,NA,NA,NA,NA,NA,NA,NA,NA,NA,NA,NA,NA,NA,NA,NA,NA,NA,NA,NA,NA,NA,NA,wheat_April,wheat,Yes,Yes
M22_16S_g08_B12,April,ROBVT,wheat,502,,M22_0443,Heading,4/24/23,Shirley,between_row_fill,oldest_healthy,sample,8,2,5,NA,NA,NA,NA,NA,4,34.511846,-79.307734,72,18.1,296,NA,NA,NA,NA,NA,NA,NA,NA,NA,NA,NA,NA,NA,NA,NA,NA,NA,NA,NA,NA,NA,NA,NA,NA,NA,NA,NA,NA,NA,NA,NA,NA,wheat_April,wheat,Yes,Yes
M22_16S_g08_G08,April,ROBVT,wheat,201,,M22_0425,Heading,4/24/23,Shirley,between_row_fill,oldest_healthy,sample,8,2,3.79,NA,NA,NA,NA,NA,5.8,34.511604,-79.30657,78,18.1,296,NA,NA,NA,NA,NA,NA,NA,NA,NA,NA,NA,NA,NA,NA,NA,NA,NA,NA,NA,NA,NA,NA,NA,NA,NA,NA,NA,NA,NA,NA,NA,NA,wheat_April,wheat,Yes,Yes
M22_16S_g09_D02,April,WASVT,wheat,423,,M22_2983,Heading,5/9/23,Shirley,between_row_fill,oldest_healthy,sample,9,3,5,NA,NA,NA,NA,NA,19.7,35.849465,-76.6575,79,16.2,364,NA,NA,NA,NA,NA,NA,NA,NA,NA,NA,NA,NA,NA,NA,NA,NA,NA,NA,NA,NA,NA,NA,NA,NA,NA,NA,NA,NA,NA,NA,NA,NA,wheat_April,wheat,Yes,Yes
M22_16S_g09_E11,April,UNIVT,wheat,453,,M22_0878,Heading,4/28/23,Shirley,between_row_fill,oldest_healthy,sample,9,3,5,NA,NA,NA,NA,NA,14.4,34.947981,-80.424569,86,16.4,407,NA,NA,NA,NA,NA,NA,NA,NA,NA,NA,NA,NA,NA,NA,NA,NA,NA,NA,NA,NA,NA,NA,NA,NA,NA,NA,NA,NA,NA,NA,NA,NA,wheat_April,wheat,Yes,Yes
M22_16S_g09_H01,April,UNIVT,wheat,277,,M22_0870,Heading,4/28/23,Shirley,between_row_fill,oldest_healthy,sample,9,3,5,NA,NA,NA,NA,NA,8.4,34.948581,-80.42461,83,16.4,407,NA,NA,NA,NA,NA,NA,NA,NA,NA,NA,NA,NA,NA,NA,NA,NA,NA,NA,NA,NA,NA,NA,NA,NA,NA,NA,NA,NA,NA,NA,NA,NA,wheat_April,wheat,Yes,Yes
M22_16S_g10_A08,April,WASVT,wheat,319,,M22_2982,Heading,5/9/23,Shirley,between_row_fill,oldest_healthy,sample,10,3,5,NA,NA,NA,NA,NA,19.6,35.849565,-76.657088,74,16.2,364,NA,NA,NA,NA,NA,NA,NA,NA,NA,NA,NA,NA,NA,NA,NA,NA,NA,NA,NA,NA,NA,NA,NA,NA,NA,NA,NA,NA,NA,NA,NA,NA,wheat_April,wheat,Yes,Yes
M22_16S_g10_C08,April,LENVT,wheat,471,,M22_0016,Heading,4/20/23,Shirley,between_row_fill,oldest_healthy,sample,10,3,5,NA,NA,NA,NA,NA,11,35.376978,-77.560024,62,16.4,335,NA,NA,NA,NA,NA,NA,NA,NA,NA,NA,NA,NA,NA,NA,NA,NA,NA,NA,NA,NA,NA,NA,NA,NA,NA,NA,NA,NA,NA,NA,NA,NA,wheat_April,wheat,Yes,Yes
M22_16S_g10_D03,April,LENVT,wheat,476,,M22_0017,Heading,4/20/23,Shirley,between_row_fill,oldest_healthy,sample,10,3,5,NA,NA,NA,NA,NA,12.4,35.377009,-77.559919,55,16.4,335,NA,NA,NA,NA,NA,NA,NA,NA,NA,NA,NA,NA,NA,NA,NA,NA,NA,NA,NA,NA,NA,NA,NA,NA,NA,NA,NA,NA,NA,NA,NA,NA,wheat_April,wheat,Yes,Yes
M22_16S_g10_G11,April,ROWVT,wheat,235,,M22_0629,Heading,4/27/23,Shirley,between_row_fill,oldest_healthy,sample,10,3,5,NA,NA,NA,NA,NA,10.3,35.69677,-80.623442,88,15,469,NA,NA,NA,NA,NA,NA,NA,NA,NA,NA,NA,NA,NA,NA,NA,NA,NA,NA,NA,NA,NA,NA,NA,NA,NA,NA,NA,NA,NA,NA,NA,NA,wheat_April,wheat,Yes,Yes
M22_16S_g11_A08,April,PERVT,wheat,317,,M22_0219,Heading,5/5/23,Shirley,between_row_fill,oldest_healthy,sample,11,3,5,NA,NA,NA,NA,NA,27.6,36.179823,-76.359396,89,15.7,361,NA,NA,NA,NA,NA,NA,NA,NA,NA,NA,NA,NA,NA,NA,NA,NA,NA,NA,NA,NA,NA,NA,NA,NA,NA,NA,NA,NA,NA,NA,NA,NA,wheat_April,wheat,Yes,Yes
M22_16S_g11_B09,April,LENVT,wheat,443,,M22_0015,Heading,4/20/23,Shirley,between_row_fill,oldest_healthy,sample,11,3,5,NA,NA,NA,NA,NA,10.6,35.377068,-77.560029,52,16.4,335,NA,NA,NA,NA,NA,NA,NA,NA,NA,NA,NA,NA,NA,NA,NA,NA,NA,NA,NA,NA,NA,NA,NA,NA,NA,NA,NA,NA,NA,NA,NA,NA,wheat_April,wheat,Yes,Yes
M22_16S_g11_D10,April,UNIVT,wheat,465,,M22_0879,Heading,4/28/23,Shirley,between_row_fill,oldest_healthy,sample,11,3,5,NA,NA,NA,NA,NA,15.9,34.947925,-80.424471,80,16.4,407,NA,NA,NA,NA,NA,NA,NA,NA,NA,NA,NA,NA,NA,NA,NA,NA,NA,NA,NA,NA,NA,NA,NA,NA,NA,NA,NA,NA,NA,NA,NA,NA,wheat_April,wheat,Yes,Yes
M22_16S_g12_D05,April,ROBVT,wheat,510,,M22_0444,Heading,4/24/23,Shirley,between_row_fill,oldest_healthy,sample,12,3,5,NA,NA,NA,NA,NA,3.5,34.511989,-79.307717,72,18.1,296,NA,NA,NA,NA,NA,NA,NA,NA,NA,NA,NA,NA,NA,NA,NA,NA,NA,NA,NA,NA,NA,NA,NA,NA,NA,NA,NA,NA,NA,NA,NA,NA,wheat_April,wheat,Yes,Yes
M22_16S_g13_A02,April,PERVT,wheat,436,,M22_0227,Heading,5/5/23,Shirley,between_row_fill,oldest_healthy,sample,13,4,5,NA,NA,NA,NA,NA,21.6,36.180131,-76.35974,87,15.7,361,NA,NA,NA,NA,NA,NA,NA,NA,NA,NA,NA,NA,NA,NA,NA,NA,NA,NA,NA,NA,NA,NA,NA,NA,NA,NA,NA,NA,NA,NA,NA,NA,wheat_April,wheat,Yes,Yes
M22_16S_g13_B04,April,LENVT,wheat,365,,M22_0011,Heading,4/20/23,Shirley,between_row_fill,oldest_healthy,sample,13,4,5,NA,NA,NA,NA,NA,10.6,35.377259,-77.560297,57,16.4,335,NA,NA,NA,NA,NA,NA,NA,NA,NA,NA,NA,NA,NA,NA,NA,NA,NA,NA,NA,NA,NA,NA,NA,NA,NA,NA,NA,NA,NA,NA,NA,NA,wheat_April,wheat,Yes,Yes
M22_16S_g13_G01,April,UNIVT,wheat,338,,M22_0873,Heading,4/28/23,Shirley,between_row_fill,oldest_healthy,sample,13,4,0.33,NA,NA,NA,NA,NA,13.2,34.948465,-80.424435,87,16.4,407,NA,NA,NA,NA,NA,NA,NA,NA,NA,NA,NA,NA,NA,NA,NA,NA,NA,NA,NA,NA,NA,NA,NA,NA,NA,NA,NA,NA,NA,NA,NA,NA,wheat_April,wheat,Yes,Yes
M22_16S_g13_G10,April,WASVT,wheat,340,,M22_1323,Heading,5/9/23,Shirley,between_row_fill,oldest_healthy,sample,13,4,5,NA,NA,NA,NA,NA,20.5,35.849247,-76.657195,76,16.2,364,NA,NA,NA,NA,NA,NA,NA,NA,NA,NA,NA,NA,NA,NA,NA,NA,NA,NA,NA,NA,NA,NA,NA,NA,NA,NA,NA,NA,NA,NA,NA,NA,wheat_April,wheat,Yes,Yes
M22_16S_g14_A02,April,PERVT,wheat,329,,M22_0221,Heading,5/5/23,Shirley,between_row_fill,oldest_healthy,sample,14,4,5,NA,NA,NA,NA,NA,26,36.179945,-76.359397,87,15.7,361,NA,NA,NA,NA,NA,NA,NA,NA,NA,NA,NA,NA,NA,NA,NA,NA,NA,NA,NA,NA,NA,NA,NA,NA,NA,NA,NA,NA,NA,NA,NA,NA,wheat_April,wheat,Yes,Yes
M22_16S_g14_A09,April,ROWVT,wheat,340,,M22_0634,Heading,4/27/23,Shirley,between_row_fill,oldest_healthy,sample,14,4,5,NA,NA,NA,NA,NA,11.8,35.69705,-80.623518,88,15,469,NA,NA,NA,NA,NA,NA,NA,NA,NA,NA,NA,NA,NA,NA,NA,NA,NA,NA,NA,NA,NA,NA,NA,NA,NA,NA,NA,NA,NA,NA,NA,NA,wheat_April,wheat,Yes,Yes
M22_16S_g14_B03,April,LENVT,wheat,584,,M22_0024,Heading,4/20/23,Shirley,between_row_fill,oldest_healthy,sample,14,4,5,NA,NA,NA,NA,NA,15.4,35.376586,-77.559894,58,16.4,335,NA,NA,NA,NA,NA,NA,NA,NA,NA,NA,NA,NA,NA,NA,NA,NA,NA,NA,NA,NA,NA,NA,NA,NA,NA,NA,NA,NA,NA,NA,NA,NA,wheat_April,wheat,Yes,Yes
M22_16S_g14_C07,April,ROWVT,wheat,227,,M22_0628,Heading,4/27/23,Shirley,between_row_fill,oldest_healthy,sample,14,4,5,NA,NA,NA,NA,NA,9,35.696813,-80.623607,85,15,469,NA,NA,NA,NA,NA,NA,NA,NA,NA,NA,NA,NA,NA,NA,NA,NA,NA,NA,NA,NA,NA,NA,NA,NA,NA,NA,NA,NA,NA,NA,NA,NA,wheat_April,wheat,Yes,Yes
M22_16S_g14_C09,April,UNIVT,wheat,259,,M22_0869,Heading,4/28/23,Shirley,between_row_fill,oldest_healthy,sample,14,4,5,NA,NA,NA,NA,NA,12.6,34.948573,-80.424909,89,16.4,407,NA,NA,NA,NA,NA,NA,NA,NA,NA,NA,NA,NA,NA,NA,NA,NA,NA,NA,NA,NA,NA,NA,NA,NA,NA,NA,NA,NA,NA,NA,NA,NA,wheat_April,wheat,Yes,Yes
M22_16S_g14_H10,April,ROBVT,wheat,567,,M22_0448,Heading,4/24/23,Shirley,between_row_fill,oldest_healthy,sample,14,4,5,NA,NA,NA,NA,NA,5.2,34.511876,-79.308029,72,18.1,296,NA,NA,NA,NA,NA,NA,NA,NA,NA,NA,NA,NA,NA,NA,NA,NA,NA,NA,NA,NA,NA,NA,NA,NA,NA,NA,NA,NA,NA,NA,NA,NA,wheat_April,wheat,Yes,Yes
M22_16S_g14_H11,April,ROWVT,wheat,370,,M22_0637,Heading,4/27/23,Shirley,between_row_fill,oldest_healthy,sample,14,4,5,NA,NA,NA,NA,NA,11.2,35.697019,-80.623048,90,15,469,NA,NA,NA,NA,NA,NA,NA,NA,NA,NA,NA,NA,NA,NA,NA,NA,NA,NA,NA,NA,NA,NA,NA,NA,NA,NA,NA,NA,NA,NA,NA,NA,wheat_April,wheat,Yes,Yes
M22_16S_g15_A03,April,UNIVT,wheat,510,,M22_0881,Heading,4/28/23,Shirley,between_row_fill,oldest_healthy,sample,15,4,5,NA,NA,NA,NA,NA,18.8,34.947817,-80.424514,85,16.4,407,NA,NA,NA,NA,NA,NA,NA,NA,NA,NA,NA,NA,NA,NA,NA,NA,NA,NA,NA,NA,NA,NA,NA,NA,NA,NA,NA,NA,NA,NA,NA,NA,wheat_April,wheat,Yes,Yes
M22_16S_g15_B06,April,WASVT,wheat,251,,M22_1318,Heading,5/9/23,Shirley,between_row_fill,oldest_healthy,sample,15,4,5,NA,NA,NA,NA,NA,20.1,35.849402,-76.656793,68,16.2,364,NA,NA,NA,NA,NA,NA,NA,NA,NA,NA,NA,NA,NA,NA,NA,NA,NA,NA,NA,NA,NA,NA,NA,NA,NA,NA,NA,NA,NA,NA,NA,NA,wheat_April,wheat,Yes,Yes
M22_16S_g15_B07,April,WASVT,wheat,530,,M22_1331,Heading,5/9/23,Shirley,between_row_fill,oldest_healthy,sample,15,4,5,NA,NA,NA,NA,NA,17.5,35.849311,-76.657913,73,16.2,364,NA,NA,NA,NA,NA,NA,NA,NA,NA,NA,NA,NA,NA,NA,NA,NA,NA,NA,NA,NA,NA,NA,NA,NA,NA,NA,NA,NA,NA,NA,NA,NA,wheat_April,wheat,Yes,Yes
M22_16S_g15_C05,April,UNIVT,wheat,455,,M22_2979,Heading,4/28/23,Shirley,between_row_fill,oldest_healthy,sample,15,4,5,NA,NA,NA,NA,NA,11.7,34.947966,-80.424609,87,16.4,407,NA,NA,NA,NA,NA,NA,NA,NA,NA,NA,NA,NA,NA,NA,NA,NA,NA,NA,NA,NA,NA,NA,NA,NA,NA,NA,NA,NA,NA,NA,NA,NA,wheat_April,wheat,Yes,Yes
M22_16S_g15_E07,April,ROBVT,wheat,407,,M22_0437,Heading,4/24/23,Shirley,between_row_fill,oldest_healthy,sample,15,4,5,NA,NA,NA,NA,NA,6.1,34.511862,-79.307337,75,18.1,296,NA,NA,NA,NA,NA,NA,NA,NA,NA,NA,NA,NA,NA,NA,NA,NA,NA,NA,NA,NA,NA,NA,NA,NA,NA,NA,NA,NA,NA,NA,NA,NA,wheat_April,wheat,Yes,Yes
M22_16S_g15_E08,April,PERVT,wheat,445,,M22_0228,Heading,5/5/23,Shirley,between_row_fill,oldest_healthy,sample,15,4,5,NA,NA,NA,NA,NA,25,36.180252,-76.359609,85,15.7,361,NA,NA,NA,NA,NA,NA,NA,NA,NA,NA,NA,NA,NA,NA,NA,NA,NA,NA,NA,NA,NA,NA,NA,NA,NA,NA,NA,NA,NA,NA,NA,NA,wheat_April,wheat,Yes,Yes
M22_16S_g15_H09,April,WASVT,wheat,546,,M22_1333,Heading,5/9/23,Shirley,between_row_fill,oldest_healthy,sample,15,4,5,NA,NA,NA,NA,NA,16.1,35.849437,-76.65801,72,16.2,364,NA,NA,NA,NA,NA,NA,NA,NA,NA,NA,NA,NA,NA,NA,NA,NA,NA,NA,NA,NA,NA,NA,NA,NA,NA,NA,NA,NA,NA,NA,NA,NA,wheat_April,wheat,Yes,Yes
M22_16S_g15_H11,April,ROWVT,wheat,359,,M22_0635,Heading,4/27/23,Shirley,between_row_fill,oldest_healthy,sample,15,4,5,NA,NA,NA,NA,NA,12,35.697076,-80.623279,85,15,469,NA,NA,NA,NA,NA,NA,NA,NA,NA,NA,NA,NA,NA,NA,NA,NA,NA,NA,NA,NA,NA,NA,NA,NA,NA,NA,NA,NA,NA,NA,NA,NA,wheat_April,wheat,Yes,Yes
M22_16S_g16_C03,April,WASVT,wheat,420,,M22_1326,Heading,5/9/23,Shirley,between_row_fill,oldest_healthy,sample,16,4,5,NA,NA,NA,NA,NA,17.7,35.849519,-76.6575,76,16.2,364,NA,NA,NA,NA,NA,NA,NA,NA,NA,NA,NA,NA,NA,NA,NA,NA,NA,NA,NA,NA,NA,NA,NA,NA,NA,NA,NA,NA,NA,NA,NA,NA,wheat_April,wheat,Yes,Yes
M22_16S_g16_F06,April,PERVT,wheat,332,,M22_0222,Heading,5/5/23,Shirley,between_row_fill,oldest_healthy,sample,16,4,5,NA,NA,NA,NA,NA,21.6,36.179869,-76.359202,95,15.7,361,NA,NA,NA,NA,NA,NA,NA,NA,NA,NA,NA,NA,NA,NA,NA,NA,NA,NA,NA,NA,NA,NA,NA,NA,NA,NA,NA,NA,NA,NA,NA,NA,wheat_April,wheat,Yes,Yes
M22_16S_g16_G04,April,PERVT,wheat,570,,M22_0236,Heading,5/5/23,Shirley,between_row_fill,oldest_healthy,sample,16,4,5,NA,NA,NA,NA,NA,18.6,36.180583,-76.35992,90,15.7,361,NA,NA,NA,NA,NA,NA,NA,NA,NA,NA,NA,NA,NA,NA,NA,NA,NA,NA,NA,NA,NA,NA,NA,NA,NA,NA,NA,NA,NA,NA,NA,NA,wheat_April,wheat,Yes,Yes
M22_16S_g17_A07,April,ROBVT,wheat,430,,M22_0439,Heading,4/24/23,Shirley,between_row_fill,oldest_healthy,sample,17,5,5,NA,NA,NA,NA,NA,6.5,34.511762,-79.307444,72,18.1,296,NA,NA,NA,NA,NA,NA,NA,NA,NA,NA,NA,NA,NA,NA,NA,NA,NA,NA,NA,NA,NA,NA,NA,NA,NA,NA,NA,NA,NA,NA,NA,NA,wheat_April,wheat,Yes,Yes
M22_16S_g17_C01,April,UNIVT,wheat,201,,M22_0866,Heading,4/28/23,Shirley,between_row_fill,oldest_healthy,sample,17,5,0.85,NA,NA,NA,NA,NA,10.5,34.948831,-80.424662,94,16.4,407,NA,NA,NA,NA,NA,NA,NA,NA,NA,NA,NA,NA,NA,NA,NA,NA,NA,NA,NA,NA,NA,NA,NA,NA,NA,NA,NA,NA,NA,NA,NA,NA,wheat_April,wheat,Yes,Yes
M22_16S_g17_D05,April,LENVT,wheat,583,,M22_0023,Heading,4/20/23,Shirley,between_row_fill,oldest_healthy,sample,17,5,5,NA,NA,NA,NA,NA,14.8,35.376587,-77.559873,63,16.4,335,NA,NA,NA,NA,NA,NA,NA,NA,NA,NA,NA,NA,NA,NA,NA,NA,NA,NA,NA,NA,NA,NA,NA,NA,NA,NA,NA,NA,NA,NA,NA,NA,wheat_April,wheat,Yes,Yes
M22_16S_g17_D12,April,PERVT,wheat,568,,M22_0235,Heading,5/5/23,Shirley,between_row_fill,oldest_healthy,sample,17,5,5,NA,NA,NA,NA,NA,24.2,36.180609,-76.35989,83,15.7,361,NA,NA,NA,NA,NA,NA,NA,NA,NA,NA,NA,NA,NA,NA,NA,NA,NA,NA,NA,NA,NA,NA,NA,NA,NA,NA,NA,NA,NA,NA,NA,NA,wheat_April,wheat,Yes,Yes
M22_16S_g17_H01,April,ROBVT,wheat,527,,M22_0445,Heading,4/24/23,Shirley,between_row_fill,oldest_healthy,sample,17,5,1.21,NA,NA,NA,NA,NA,3.6,34.511823,-79.307843,74,18.1,296,NA,NA,NA,NA,NA,NA,NA,NA,NA,NA,NA,NA,NA,NA,NA,NA,NA,NA,NA,NA,NA,NA,NA,NA,NA,NA,NA,NA,NA,NA,NA,NA,wheat_April,wheat,Yes,Yes
M22_16S_g18_A01,April,UNIVT,wheat,236,,M22_0868,Heading,4/28/23,Shirley,between_row_fill,oldest_healthy,sample,18,5,5,NA,NA,NA,NA,NA,12.7,34.948747,-80.424663,86,16.4,407,NA,NA,NA,NA,NA,NA,NA,NA,NA,NA,NA,NA,NA,NA,NA,NA,NA,NA,NA,NA,NA,NA,NA,NA,NA,NA,NA,NA,NA,NA,NA,NA,wheat_April,wheat,Yes,Yes
M22_16S_g18_B09,April,ROBVT,wheat,565,,M22_0447,Heading,4/24/23,Shirley,between_row_fill,oldest_healthy,sample,18,5,5,NA,NA,NA,NA,NA,3.8,34.511914,-79.308033,77,18.1,296,NA,NA,NA,NA,NA,NA,NA,NA,NA,NA,NA,NA,NA,NA,NA,NA,NA,NA,NA,NA,NA,NA,NA,NA,NA,NA,NA,NA,NA,NA,NA,NA,wheat_April,wheat,Yes,Yes
M22_16S_g18_C03,April,ROBVT,wheat,217,,M22_0426,Heading,4/24/23,Shirley,between_row_fill,oldest_healthy,sample,18,5,5,NA,NA,NA,NA,NA,5.5,34.511888,-79.306529,74,18.1,296,NA,NA,NA,NA,NA,NA,NA,NA,NA,NA,NA,NA,NA,NA,NA,NA,NA,NA,NA,NA,NA,NA,NA,NA,NA,NA,NA,NA,NA,NA,NA,NA,wheat_April,wheat,Yes,Yes
M22_16S_g18_D02,April,ROWVT,wheat,205,,M22_0627,Heading,4/27/23,Shirley,between_row_fill,oldest_healthy,sample,18,5,5,NA,NA,NA,NA,NA,16.7,35.696667,-80.623368,90,15,469,NA,NA,NA,NA,NA,NA,NA,NA,NA,NA,NA,NA,NA,NA,NA,NA,NA,NA,NA,NA,NA,NA,NA,NA,NA,NA,NA,NA,NA,NA,NA,NA,wheat_April,wheat,Yes,Yes
M22_16S_g18_E03,April,LENVT,wheat,222,,M22_0001,Heading,4/20/23,Shirley,between_row_fill,oldest_healthy,sample,18,5,5,NA,NA,NA,NA,NA,11.7,35.377728,-77.560512,68,16.4,335,NA,NA,NA,NA,NA,NA,NA,NA,NA,NA,NA,NA,NA,NA,NA,NA,NA,NA,NA,NA,NA,NA,NA,NA,NA,NA,NA,NA,NA,NA,NA,NA,wheat_April,wheat,Yes,Yes
M22_16S_g19_B05,April,LENVT,wheat,581,,M22_0022,Heading,4/20/23,Shirley,between_row_fill,oldest_healthy,sample,19,5,5,NA,NA,NA,NA,NA,14.6,35.376599,-77.559831,59,16.4,335,NA,NA,NA,NA,NA,NA,NA,NA,NA,NA,NA,NA,NA,NA,NA,NA,NA,NA,NA,NA,NA,NA,NA,NA,NA,NA,NA,NA,NA,NA,NA,NA,wheat_April,wheat,Yes,Yes
M22_16S_g19_C07,April,UNIVT,wheat,566,,M22_0884,Heading,4/28/23,Shirley,between_row_fill,oldest_healthy,sample,19,5,5,NA,NA,NA,NA,NA,13.9,34.947637,-80.424261,81,16.4,407,NA,NA,NA,NA,NA,NA,NA,NA,NA,NA,NA,NA,NA,NA,NA,NA,NA,NA,NA,NA,NA,NA,NA,NA,NA,NA,NA,NA,NA,NA,NA,NA,wheat_April,wheat,Yes,Yes
M22_16S_g19_D04,April,WASVT,wheat,483,,M22_1330,Heading,5/9/23,Shirley,between_row_fill,oldest_healthy,sample,19,5,5,NA,NA,NA,NA,NA,18.5,35.849309,-76.657802,79,16.2,364,NA,NA,NA,NA,NA,NA,NA,NA,NA,NA,NA,NA,NA,NA,NA,NA,NA,NA,NA,NA,NA,NA,NA,NA,NA,NA,NA,NA,NA,NA,NA,NA,wheat_April,wheat,Yes,Yes
M22_16S_g19_D10,April,UNIVT,wheat,430,,M22_0877,Heading,4/28/23,Shirley,between_row_fill,oldest_healthy,sample,19,5,5,NA,NA,NA,NA,NA,13,34.948124,-80.424406,86,16.4,407,NA,NA,NA,NA,NA,NA,NA,NA,NA,NA,NA,NA,NA,NA,NA,NA,NA,NA,NA,NA,NA,NA,NA,NA,NA,NA,NA,NA,NA,NA,NA,NA,wheat_April,wheat,Yes,Yes
M22_16S_g19_D11,April,WASVT,wheat,275,,M22_2981,Heading,5/9/23,Shirley,between_row_fill,oldest_healthy,sample,19,5,5,NA,NA,NA,NA,NA,18.8,35.84935,-76.656894,83,16.2,364,NA,NA,NA,NA,NA,NA,NA,NA,NA,NA,NA,NA,NA,NA,NA,NA,NA,NA,NA,NA,NA,NA,NA,NA,NA,NA,NA,NA,NA,NA,NA,NA,wheat_April,wheat,Yes,Yes
M22_16S_g19_D12,April,LENVT,wheat,360,,M22_0009,Heading,4/20/23,Shirley,between_row_fill,oldest_healthy,sample,19,5,5,NA,NA,NA,NA,NA,13.8,35.377241,-77.560401,68,16.4,335,NA,NA,NA,NA,NA,NA,NA,NA,NA,NA,NA,NA,NA,NA,NA,NA,NA,NA,NA,NA,NA,NA,NA,NA,NA,NA,NA,NA,NA,NA,NA,NA,wheat_April,wheat,Yes,Yes
M22_16S_g19_E06,April,WASVT,wheat,477,,M22_1329,Heading,5/9/23,Shirley,between_row_fill,oldest_healthy,sample,19,5,5,NA,NA,NA,NA,NA,20.2,35.849255,-76.657706,71,16.2,364,NA,NA,NA,NA,NA,NA,NA,NA,NA,NA,NA,NA,NA,NA,NA,NA,NA,NA,NA,NA,NA,NA,NA,NA,NA,NA,NA,NA,NA,NA,NA,NA,wheat_April,wheat,Yes,Yes
M22_16S_g19_G09,April,ROWVT,wheat,257,,M22_0632,Heading,4/27/23,Shirley,between_row_fill,oldest_healthy,sample,19,5,5,NA,NA,NA,NA,NA,16.6,35.696811,-80.623269,90,15,469,NA,NA,NA,NA,NA,NA,NA,NA,NA,NA,NA,NA,NA,NA,NA,NA,NA,NA,NA,NA,NA,NA,NA,NA,NA,NA,NA,NA,NA,NA,NA,NA,wheat_April,wheat,Yes,Yes
M22_16S_g20_A07,April,ROWVT,wheat,250,,M22_0631,Heading,4/27/23,Shirley,between_row_fill,oldest_healthy,sample,20,5,5,NA,NA,NA,NA,NA,15.4,35.696779,-80.623115,85,15,469,NA,NA,NA,NA,NA,NA,NA,NA,NA,NA,NA,NA,NA,NA,NA,NA,NA,NA,NA,NA,NA,NA,NA,NA,NA,NA,NA,NA,NA,NA,NA,NA,wheat_April,wheat,Yes,Yes
M22_16S_g20_A11,April,ROBVT,wheat,284,,M22_0430,Heading,4/24/23,Shirley,between_row_fill,oldest_healthy,sample,20,5,5,NA,NA,NA,NA,NA,5.9,34.511624,-79.306964,80,18.1,296,NA,NA,NA,NA,NA,NA,NA,NA,NA,NA,NA,NA,NA,NA,NA,NA,NA,NA,NA,NA,NA,NA,NA,NA,NA,NA,NA,NA,NA,NA,NA,NA,wheat_April,wheat,Yes,Yes
M22_16S_g20_D02,April,WASVT,wheat,318,,M22_1321,Heading,5/9/23,Shirley,between_row_fill,oldest_healthy,sample,20,5,5,NA,NA,NA,NA,NA,20.3,35.849584,-76.657093,81,16.2,364,NA,NA,NA,NA,NA,NA,NA,NA,NA,NA,NA,NA,NA,NA,NA,NA,NA,NA,NA,NA,NA,NA,NA,NA,NA,NA,NA,NA,NA,NA,NA,NA,wheat_April,wheat,Yes,Yes
M22_16S_g20_F02,April,ROWVT,wheat,482,,M22_0644,Heading,4/27/23,Shirley,between_row_fill,oldest_healthy,sample,20,5,5,NA,NA,NA,NA,NA,11.1,35.697383,-80.623142,89,15,469,NA,NA,NA,NA,NA,NA,NA,NA,NA,NA,NA,NA,NA,NA,NA,NA,NA,NA,NA,NA,NA,NA,NA,NA,NA,NA,NA,NA,NA,NA,NA,NA,wheat_April,wheat,Yes,Yes
M22_16S_g20_F11,April,ROWVT,wheat,562,,M22_0648,Heading,4/27/23,Shirley,between_row_fill,oldest_healthy,sample,20,5,5,NA,NA,NA,NA,NA,11.4,35.697562,-80.622822,88,15,469,NA,NA,NA,NA,NA,NA,NA,NA,NA,NA,NA,NA,NA,NA,NA,NA,NA,NA,NA,NA,NA,NA,NA,NA,NA,NA,NA,NA,NA,NA,NA,NA,wheat_April,wheat,Yes,Yes
M22_16S_g21_B06,April,WASVT,wheat,558,,M22_1334,Heading,5/9/23,Shirley,between_row_fill,oldest_healthy,sample,21,6,5,NA,NA,NA,NA,NA,18.3,35.849563,-76.65811,71,16.2,364,NA,NA,NA,NA,NA,NA,NA,NA,NA,NA,NA,NA,NA,NA,NA,NA,NA,NA,NA,NA,NA,NA,NA,NA,NA,NA,NA,NA,NA,NA,NA,NA,wheat_April,wheat,Yes,Yes
M22_16S_g21_B08,April,ROBVT,wheat,303,,M22_0432,Heading,4/24/23,Shirley,between_row_fill,oldest_healthy,sample,21,6,5,NA,NA,NA,NA,NA,4.7,34.511716,-79.306956,84,18.1,296,NA,NA,NA,NA,NA,NA,NA,NA,NA,NA,NA,NA,NA,NA,NA,NA,NA,NA,NA,NA,NA,NA,NA,NA,NA,NA,NA,NA,NA,NA,NA,NA,wheat_April,wheat,Yes,Yes
M22_16S_g21_G10,April,ROBVT,wheat,301,,M22_0431,Heading,4/24/23,Shirley,between_row_fill,oldest_healthy,sample,21,6,5,NA,NA,NA,NA,NA,4.1,34.511679,-79.30696,78,18.1,296,NA,NA,NA,NA,NA,NA,NA,NA,NA,NA,NA,NA,NA,NA,NA,NA,NA,NA,NA,NA,NA,NA,NA,NA,NA,NA,NA,NA,NA,NA,NA,NA,wheat_April,wheat,Yes,Yes
M22_16S_g21_H07,April,LENVT,wheat,420,,M22_0014,Heading,4/20/23,Shirley,between_row_fill,oldest_healthy,sample,21,6,5,NA,NA,NA,NA,NA,12.1,35.377099,-77.560266,61,16.4,335,NA,NA,NA,NA,NA,NA,NA,NA,NA,NA,NA,NA,NA,NA,NA,NA,NA,NA,NA,NA,NA,NA,NA,NA,NA,NA,NA,NA,NA,NA,NA,NA,wheat_April,wheat,Yes,Yes
M22_16S_g22_B07,April,ROWVT,wheat,422,,M22_0639,Heading,4/27/23,Shirley,between_row_fill,oldest_healthy,sample,22,6,5,NA,NA,NA,NA,NA,8.3,35.697254,-80.623328,84,15,469,NA,NA,NA,NA,NA,NA,NA,NA,NA,NA,NA,NA,NA,NA,NA,NA,NA,NA,NA,NA,NA,NA,NA,NA,NA,NA,NA,NA,NA,NA,NA,NA,wheat_April,wheat,Yes,Yes
M22_16S_g22_C04,April,WASVT,wheat,563,,M22_1335,Heading,5/9/23,Shirley,between_row_fill,oldest_healthy,sample,22,6,5,NA,NA,NA,NA,NA,18.1,35.849473,-76.658105,79,16.2,364,NA,NA,NA,NA,NA,NA,NA,NA,NA,NA,NA,NA,NA,NA,NA,NA,NA,NA,NA,NA,NA,NA,NA,NA,NA,NA,NA,NA,NA,NA,NA,NA,wheat_April,wheat,Yes,Yes
M22_16S_g22_D09,April,ROWVT,wheat,506,,M22_0645,Heading,4/27/23,Shirley,between_row_fill,oldest_healthy,sample,22,6,5,NA,NA,NA,NA,NA,14.3,35.697332,-80.622931,84,15,469,NA,NA,NA,NA,NA,NA,NA,NA,NA,NA,NA,NA,NA,NA,NA,NA,NA,NA,NA,NA,NA,NA,NA,NA,NA,NA,NA,NA,NA,NA,NA,NA,wheat_April,wheat,Yes,Yes
M22_16S_g22_E07,April,LENVT,wheat,555,,M22_0020,Heading,4/20/23,Shirley,between_row_fill,oldest_healthy,sample,22,6,5,NA,NA,NA,NA,NA,15.4,35.376687,-77.560219,76,16.4,335,NA,NA,NA,NA,NA,NA,NA,NA,NA,NA,NA,NA,NA,NA,NA,NA,NA,NA,NA,NA,NA,NA,NA,NA,NA,NA,NA,NA,NA,NA,NA,NA,wheat_April,wheat,Yes,Yes
M22_16S_g22_E08,April,LENVT,wheat,342,,M22_0008,Heading,4/20/23,Shirley,between_row_fill,oldest_healthy,sample,22,6,5,NA,NA,NA,NA,NA,12,35.377401,-77.56007,51,16.4,335,NA,NA,NA,NA,NA,NA,NA,NA,NA,NA,NA,NA,NA,NA,NA,NA,NA,NA,NA,NA,NA,NA,NA,NA,NA,NA,NA,NA,NA,NA,NA,NA,wheat_April,wheat,Yes,Yes
M22_16S_g22_H02,April,PERVT,wheat,283,,M22_0218,Heading,5/5/23,Shirley,between_row_fill,oldest_healthy,sample,22,6,5,NA,NA,NA,NA,NA,23.3,36.180087,-76.3591,85,15.7,361,NA,NA,NA,NA,NA,NA,NA,NA,NA,NA,NA,NA,NA,NA,NA,NA,NA,NA,NA,NA,NA,NA,NA,NA,NA,NA,NA,NA,NA,NA,NA,NA,wheat_April,wheat,Yes,Yes
M22_16S_g22_H11,April,LENVT,wheat,401,,M22_0013,Heading,4/20/23,Shirley,between_row_fill,oldest_healthy,sample,22,6,5,NA,NA,NA,NA,NA,13.1,35.377221,-77.560081,49,16.4,335,NA,NA,NA,NA,NA,NA,NA,NA,NA,NA,NA,NA,NA,NA,NA,NA,NA,NA,NA,NA,NA,NA,NA,NA,NA,NA,NA,NA,NA,NA,NA,NA,wheat_April,wheat,Yes,Yes
M22_16S_g23_A10,April,PERVT,wheat,566,,M22_0234,Heading,5/5/23,Shirley,between_row_fill,oldest_healthy,sample,23,6,5,NA,NA,NA,NA,NA,22.6,36.180635,-76.359859,91,15.7,361,NA,NA,NA,NA,NA,NA,NA,NA,NA,NA,NA,NA,NA,NA,NA,NA,NA,NA,NA,NA,NA,NA,NA,NA,NA,NA,NA,NA,NA,NA,NA,NA,wheat_April,wheat,Yes,Yes
M22_16S_g23_E02,April,WASVT,wheat,461,,M22_1328,Heading,5/9/23,Shirley,between_row_fill,oldest_healthy,sample,23,6,5,NA,NA,NA,NA,NA,19.1,35.849539,-76.657698,79,16.2,364,NA,NA,NA,NA,NA,NA,NA,NA,NA,NA,NA,NA,NA,NA,NA,NA,NA,NA,NA,NA,NA,NA,NA,NA,NA,NA,NA,NA,NA,NA,NA,NA,wheat_April,wheat,Yes,Yes
M22_16S_g23_E06,April,ROBVT,wheat,235,,M22_0427,Heading,4/24/23,Shirley,between_row_fill,oldest_healthy,sample,23,6,5,NA,NA,NA,NA,NA,4.4,34.511668,-79.306662,80,18.1,296,NA,NA,NA,NA,NA,NA,NA,NA,NA,NA,NA,NA,NA,NA,NA,NA,NA,NA,NA,NA,NA,NA,NA,NA,NA,NA,NA,NA,NA,NA,NA,NA,wheat_April,wheat,Yes,Yes
M22_16S_g23_F05,April,ROWVT,wheat,429,,M22_0641,Heading,4/27/23,Shirley,between_row_fill,oldest_healthy,sample,23,6,5,NA,NA,NA,NA,NA,12.5,35.697219,-80.623181,82,15,469,NA,NA,NA,NA,NA,NA,NA,NA,NA,NA,NA,NA,NA,NA,NA,NA,NA,NA,NA,NA,NA,NA,NA,NA,NA,NA,NA,NA,NA,NA,NA,NA,wheat_April,wheat,Yes,Yes
M22_16S_g23_G12,April,UNIVT,wheat,224,,M22_0867,Heading,4/28/23,Shirley,between_row_fill,oldest_healthy,sample,23,6,5,NA,NA,NA,NA,NA,14.2,34.948662,-80.424906,91,16.4,407,NA,NA,NA,NA,NA,NA,NA,NA,NA,NA,NA,NA,NA,NA,NA,NA,NA,NA,NA,NA,NA,NA,NA,NA,NA,NA,NA,NA,NA,NA,NA,NA,wheat_April,wheat,Yes,Yes
M22_16S_g23_H01,April,ROWVT,wheat,246,,M22_0630,Heading,4/27/23,Shirley,between_row_fill,oldest_healthy,sample,23,6,5,NA,NA,NA,NA,NA,16.6,35.696714,-80.623211,93,15,469,NA,NA,NA,NA,NA,NA,NA,NA,NA,NA,NA,NA,NA,NA,NA,NA,NA,NA,NA,NA,NA,NA,NA,NA,NA,NA,NA,NA,NA,NA,NA,NA,wheat_April,wheat,Yes,Yes
M22_16S_g23_H06,April,ROBVT,wheat,314,,M22_0433,Heading,4/24/23,Shirley,between_row_fill,oldest_healthy,sample,23,6,5,NA,NA,NA,NA,NA,5.6,34.511908,-79.306925,44,18.1,296,NA,NA,NA,NA,NA,NA,NA,NA,NA,NA,NA,NA,NA,NA,NA,NA,NA,NA,NA,NA,NA,NA,NA,NA,NA,NA,NA,NA,NA,NA,NA,NA,wheat_April,wheat,Yes,Yes
M22_16S_g24_A01,April,LENVT,wheat,566,,M22_0021,Heading,4/20/23,Shirley,between_row_fill,oldest_healthy,sample,24,6,5,NA,NA,NA,NA,NA,13.1,35.376646,-77.559983,67,16.4,335,NA,NA,NA,NA,NA,NA,NA,NA,NA,NA,NA,NA,NA,NA,NA,NA,NA,NA,NA,NA,NA,NA,NA,NA,NA,NA,NA,NA,NA,NA,NA,NA,wheat_April,wheat,Yes,Yes
M22_16S_g24_C07,April,UNIVT,wheat,422,,M22_0876,Heading,4/28/23,Shirley,between_row_fill,oldest_healthy,sample,24,6,5,NA,NA,NA,NA,NA,13.7,34.948071,-80.424566,78,16.4,407,NA,NA,NA,NA,NA,NA,NA,NA,NA,NA,NA,NA,NA,NA,NA,NA,NA,NA,NA,NA,NA,NA,NA,NA,NA,NA,NA,NA,NA,NA,NA,NA,wheat_April,wheat,Yes,Yes
M22_16S_g24_D10,April,PERVT,wheat,562,,M22_0233,Heading,5/5/23,Shirley,between_row_fill,oldest_healthy,sample,24,6,5,NA,NA,NA,NA,NA,25.6,36.180561,-76.359796,88,15.7,361,NA,NA,NA,NA,NA,NA,NA,NA,NA,NA,NA,NA,NA,NA,NA,NA,NA,NA,NA,NA,NA,NA,NA,NA,NA,NA,NA,NA,NA,NA,NA,NA,wheat_April,wheat,Yes,Yes
M22_16S_g24_E03,April,WASVT,wheat,363,,M22_1325,Heading,5/9/23,Shirley,between_row_fill,oldest_healthy,sample,24,6,5,NA,NA,NA,NA,NA,19.7,35.849533,-76.657292,74,16.2,364,NA,NA,NA,NA,NA,NA,NA,NA,NA,NA,NA,NA,NA,NA,NA,NA,NA,NA,NA,NA,NA,NA,NA,NA,NA,NA,NA,NA,NA,NA,NA,NA,wheat_April,wheat,Yes,Yes
M22_16S_g24_E08,April,WASVT,wheat,260,,M22_1319,Heading,5/9/23,Shirley,between_row_fill,oldest_healthy,sample,24,6,5,NA,NA,NA,NA,NA,19.4,35.849562,-76.656788,70,16.2,364,NA,NA,NA,NA,NA,NA,NA,NA,NA,NA,NA,NA,NA,NA,NA,NA,NA,NA,NA,NA,NA,NA,NA,NA,NA,NA,NA,NA,NA,NA,NA,NA,wheat_April,wheat,Yes,Yes
M22_16S_g24_F04,April,PERVT,wheat,282,,M22_0217,Heading,5/5/23,Shirley,between_row_fill,oldest_healthy,sample,24,6,5,NA,NA,NA,NA,NA,24.6,36.180025,-76.359025,87,15.7,361,NA,NA,NA,NA,NA,NA,NA,NA,NA,NA,NA,NA,NA,NA,NA,NA,NA,NA,NA,NA,NA,NA,NA,NA,NA,NA,NA,NA,NA,NA,NA,NA,wheat_April,wheat,Yes,Yes
M22_16S_g25_C02,April,LENVT,wheat,284,,M22_0006,Heading,4/20/23,Shirley,between_row_fill,oldest_healthy,sample,25,7,5,NA,NA,NA,NA,NA,13.8,35.377563,-77.56008,59,16.4,335,NA,NA,NA,NA,NA,NA,NA,NA,NA,NA,NA,NA,NA,NA,NA,NA,NA,NA,NA,NA,NA,NA,NA,NA,NA,NA,NA,NA,NA,NA,NA,NA,wheat_April,wheat,Yes,Yes
M22_16S_g25_C08,April,ROWVT,wheat,427,,M22_0640,Heading,4/27/23,Shirley,between_row_fill,oldest_healthy,sample,25,7,5,NA,NA,NA,NA,NA,12,35.697231,-80.623221,80,15,469,NA,NA,NA,NA,NA,NA,NA,NA,NA,NA,NA,NA,NA,NA,NA,NA,NA,NA,NA,NA,NA,NA,NA,NA,NA,NA,NA,NA,NA,NA,NA,NA,wheat_April,wheat,Yes,Yes
M22_16S_g25_C10,April,PERVT,wheat,456,,M22_0229,Heading,5/5/23,Shirley,between_row_fill,oldest_healthy,sample,25,7,5,NA,NA,NA,NA,NA,23.1,36.180408,-76.35956,88,15.7,361,NA,NA,NA,NA,NA,NA,NA,NA,NA,NA,NA,NA,NA,NA,NA,NA,NA,NA,NA,NA,NA,NA,NA,NA,NA,NA,NA,NA,NA,NA,NA,NA,wheat_April,wheat,Yes,Yes
M22_16S_g25_H01,April,UNIVT,wheat,551,,M22_0883,Heading,4/28/23,Shirley,between_row_fill,oldest_healthy,sample,25,7,5,NA,NA,NA,NA,NA,23,34.947674,-80.424419,77,16.4,407,NA,NA,NA,NA,NA,NA,NA,NA,NA,NA,NA,NA,NA,NA,NA,NA,NA,NA,NA,NA,NA,NA,NA,NA,NA,NA,NA,NA,NA,NA,NA,NA,wheat_April,wheat,Yes,Yes
M22_16S_g26_A06,April,UNIVT,wheat,468,,M22_0880,Heading,4/28/23,Shirley,between_row_fill,oldest_healthy,sample,26,7,5,NA,NA,NA,NA,NA,14.5,34.947944,-80.424411,78,16.4,407,NA,NA,NA,NA,NA,NA,NA,NA,NA,NA,NA,NA,NA,NA,NA,NA,NA,NA,NA,NA,NA,NA,NA,NA,NA,NA,NA,NA,NA,NA,NA,NA,wheat_April,wheat,Yes,Yes
M22_16S_g26_B04,April,PERVT,wheat,225,,M22_0214,Heading,5/5/23,Shirley,between_row_fill,oldest_healthy,sample,26,7,5,NA,NA,NA,NA,NA,21.4,36.179798,-76.359011,86,15.7,361,NA,NA,NA,NA,NA,NA,NA,NA,NA,NA,NA,NA,NA,NA,NA,NA,NA,NA,NA,NA,NA,NA,NA,NA,NA,NA,NA,NA,NA,NA,NA,NA,wheat_April,wheat,Yes,Yes
M22_16S_g26_H04,April,ROBVT,wheat,373,,M22_0435,Heading,4/24/23,Shirley,between_row_fill,oldest_healthy,sample,26,7,5,NA,NA,NA,NA,NA,4.5,34.511761,-79.307246,83,18.1,296,NA,NA,NA,NA,NA,NA,NA,NA,NA,NA,NA,NA,NA,NA,NA,NA,NA,NA,NA,NA,NA,NA,NA,NA,NA,NA,NA,NA,NA,NA,NA,NA,wheat_April,wheat,Yes,Yes
M22_16S_g27_B04,April,UNIVT,wheat,331,,M22_2978,Heading,4/28/23,Shirley,between_row_fill,oldest_healthy,sample,27,7,5,NA,NA,NA,NA,NA,12.4,34.948415,-80.424576,86,16.4,407,NA,NA,NA,NA,NA,NA,NA,NA,NA,NA,NA,NA,NA,NA,NA,NA,NA,NA,NA,NA,NA,NA,NA,NA,NA,NA,NA,NA,NA,NA,NA,NA,wheat_April,wheat,Yes,Yes
M22_16S_g27_D05,April,PERVT,wheat,530,,M22_0231,Heading,5/5/23,Shirley,between_row_fill,oldest_healthy,sample,27,7,5,NA,NA,NA,NA,NA,23.1,36.180367,-76.359891,92,15.7,361,NA,NA,NA,NA,NA,NA,NA,NA,NA,NA,NA,NA,NA,NA,NA,NA,NA,NA,NA,NA,NA,NA,NA,NA,NA,NA,NA,NA,NA,NA,NA,NA,wheat_April,wheat,Yes,Yes
M22_16S_g28_C07,April,PERVT,wheat,374,,M22_0224,Heading,5/5/23,Shirley,between_row_fill,oldest_healthy,sample,28,7,5,NA,NA,NA,NA,NA,23.2,36.180019,-76.359592,93,15.7,361,NA,NA,NA,NA,NA,NA,NA,NA,NA,NA,NA,NA,NA,NA,NA,NA,NA,NA,NA,NA,NA,NA,NA,NA,NA,NA,NA,NA,NA,NA,NA,NA,wheat_April,wheat,Yes,Yes
M22_16S_g28_D03,April,PERVT,wheat,367,,M22_0223,Heading,5/5/23,Shirley,between_row_fill,oldest_healthy,sample,28,7,5,NA,NA,NA,NA,NA,23.5,36.179911,-76.359576,93,15.7,361,NA,NA,NA,NA,NA,NA,NA,NA,NA,NA,NA,NA,NA,NA,NA,NA,NA,NA,NA,NA,NA,NA,NA,NA,NA,NA,NA,NA,NA,NA,NA,NA,wheat_April,wheat,Yes,Yes
M22_16S_g28_F11,April,ROBVT,wheat,562,,M22_0446,Heading,4/24/23,Shirley,between_row_fill,oldest_healthy,sample,28,7,5,NA,NA,NA,NA,NA,8.8,34.511964,-79.308017,77,18.1,296,NA,NA,NA,NA,NA,NA,NA,NA,NA,NA,NA,NA,NA,NA,NA,NA,NA,NA,NA,NA,NA,NA,NA,NA,NA,NA,NA,NA,NA,NA,NA,NA,wheat_April,wheat,Yes,Yes
M22_16S_g28_G11,April,UNIVT,wheat,532,,M22_0882,Heading,4/28/23,Shirley,between_row_fill,oldest_healthy,sample,28,7,5,NA,NA,NA,NA,NA,21.3,34.947674,-80.424419,87,16.4,407,NA,NA,NA,NA,NA,NA,NA,NA,NA,NA,NA,NA,NA,NA,NA,NA,NA,NA,NA,NA,NA,NA,NA,NA,NA,NA,NA,NA,NA,NA,NA,NA,wheat_April,wheat,Yes,Yes
M22_16S_g29_A02,April,WASVT,wheat,428,,M22_1327,Heading,5/9/23,Shirley,between_row_fill,oldest_healthy,sample,29,8,5,NA,NA,NA,NA,NA,20.3,35.849376,-76.657505,72,16.2,364,NA,NA,NA,NA,NA,NA,NA,NA,NA,NA,NA,NA,NA,NA,NA,NA,NA,NA,NA,NA,NA,NA,NA,NA,NA,NA,NA,NA,NA,NA,NA,NA,wheat_April,wheat,Yes,Yes
M22_16S_g29_B02,April,ROWVT,wheat,382,,M22_0638,Heading,4/27/23,Shirley,between_row_fill,oldest_healthy,sample,29,8,5,NA,NA,NA,NA,NA,11.2,35.697145,-80.623207,87,15,469,NA,NA,NA,NA,NA,NA,NA,NA,NA,NA,NA,NA,NA,NA,NA,NA,NA,NA,NA,NA,NA,NA,NA,NA,NA,NA,NA,NA,NA,NA,NA,NA,wheat_April,wheat,Yes,Yes
M22_16S_g29_E08,April,UNIVT,wheat,554,,M22_2980,Heading,4/28/23,Shirley,between_row_fill,oldest_healthy,sample,29,8,5,NA,NA,NA,NA,NA,19.3,34.947655,-80.424479,79,16.4,407,NA,NA,NA,NA,NA,NA,NA,NA,NA,NA,NA,NA,NA,NA,NA,NA,NA,NA,NA,NA,NA,NA,NA,NA,NA,NA,NA,NA,NA,NA,NA,NA,wheat_April,wheat,Yes,Yes
M22_16S_g29_G11,April,WASVT,wheat,535,,M22_1332,Heading,5/9/23,Shirley,between_row_fill,oldest_healthy,sample,29,8,5,NA,NA,NA,NA,NA,15.2,35.849241,-76.658006,73,16.2,364,NA,NA,NA,NA,NA,NA,NA,NA,NA,NA,NA,NA,NA,NA,NA,NA,NA,NA,NA,NA,NA,NA,NA,NA,NA,NA,NA,NA,NA,NA,NA,NA,wheat_April,wheat,Yes,Yes
M22_16S_g29_H05,April,ROBVT,wheat,251,,M22_0428,Heading,4/24/23,Shirley,between_row_fill,oldest_healthy,sample,29,8,5,NA,NA,NA,NA,NA,6.5,34.511764,-79.306745,65,18.1,296,NA,NA,NA,NA,NA,NA,NA,NA,NA,NA,NA,NA,NA,NA,NA,NA,NA,NA,NA,NA,NA,NA,NA,NA,NA,NA,NA,NA,NA,NA,NA,NA,wheat_April,wheat,Yes,Yes
M22_16S_g30_A08,April,ROBVT,wheat,452,,M22_0440,Heading,4/24/23,Shirley,between_row_fill,oldest_healthy,sample,30,8,5,NA,NA,NA,NA,NA,1.4,34.511935,-79.307527,68,18.1,296,NA,NA,NA,NA,NA,NA,NA,NA,NA,NA,NA,NA,NA,NA,NA,NA,NA,NA,NA,NA,NA,NA,NA,NA,NA,NA,NA,NA,NA,NA,NA,NA,wheat_April,wheat,Yes,Yes
M22_16S_g30_B10,April,ROWVT,wheat,360,,M22_0636,Heading,4/27/23,Shirley,between_row_fill,oldest_healthy,sample,30,8,5,NA,NA,NA,NA,NA,11.7,35.697066,-80.623263,90,15,469,NA,NA,NA,NA,NA,NA,NA,NA,NA,NA,NA,NA,NA,NA,NA,NA,NA,NA,NA,NA,NA,NA,NA,NA,NA,NA,NA,NA,NA,NA,NA,NA,wheat_April,wheat,Yes,Yes
M22_16S_g30_C06,April,PERVT,wheat,432,,M22_0225,Heading,5/5/23,Shirley,between_row_fill,oldest_healthy,sample,30,8,5,NA,NA,NA,NA,NA,23.3,36.180083,-76.359804,92,15.7,361,NA,NA,NA,NA,NA,NA,NA,NA,NA,NA,NA,NA,NA,NA,NA,NA,NA,NA,NA,NA,NA,NA,NA,NA,NA,NA,NA,NA,NA,NA,NA,NA,wheat_April,wheat,Yes,Yes
M22_16S_g31_B02,April,ROWVT,wheat,550,,M22_0647,Heading,4/27/23,Shirley,between_row_fill,oldest_healthy,sample,31,8,5,NA,NA,NA,NA,NA,13,35.697542,-80.62308,83,15,469,NA,NA,NA,NA,NA,NA,NA,NA,NA,NA,NA,NA,NA,NA,NA,NA,NA,NA,NA,NA,NA,NA,NA,NA,NA,NA,NA,NA,NA,NA,NA,NA,wheat_April,wheat,Yes,Yes
M22_16S_g31_B06,April,LENVT,wheat,269,,M22_0004,Heading,4/20/23,Shirley,between_row_fill,oldest_healthy,sample,31,8,5,NA,NA,NA,NA,NA,13.1,35.377588,-77.560359,58,16.4,335,NA,NA,NA,NA,NA,NA,NA,NA,NA,NA,NA,NA,NA,NA,NA,NA,NA,NA,NA,NA,NA,NA,NA,NA,NA,NA,NA,NA,NA,NA,NA,NA,wheat_April,wheat,Yes,Yes
M22_16S_g31_C08,April,PERVT,wheat,461,,M22_0230,Heading,5/5/23,Shirley,between_row_fill,oldest_healthy,sample,31,8,5,NA,NA,NA,NA,NA,26.1,36.180344,-76.359636,90,15.7,361,NA,NA,NA,NA,NA,NA,NA,NA,NA,NA,NA,NA,NA,NA,NA,NA,NA,NA,NA,NA,NA,NA,NA,NA,NA,NA,NA,NA,NA,NA,NA,NA,wheat_April,wheat,Yes,Yes
M22_16S_g31_H05,April,ROBVT,wheat,384,,M22_0436,Heading,4/24/23,Shirley,between_row_fill,oldest_healthy,sample,31,8,5,NA,NA,NA,NA,NA,3.9,34.511702,-79.307358,62,18.1,296,NA,NA,NA,NA,NA,NA,NA,NA,NA,NA,NA,NA,NA,NA,NA,NA,NA,NA,NA,NA,NA,NA,NA,NA,NA,NA,NA,NA,NA,NA,NA,NA,wheat_April,wheat,Yes,Yes
M22_16S_g01_A04,April,ROBVT,wheat,422,,M22_0458,Heading,4/24/23,Catawba,bulk_FLAG,flag_leaf,sample,1,1,5,NA,NA,NA,NA,NA,8.24,34.511903,-79.307422,64.2,18.1,296,3,4,1,NA,3.43,0.22,1.43,0.27,0.11,0.18,54.2,38.3,12.8,5.38,3.96,0,9.68,0.32,1.24,3.6,63,1.3,5.4,95,55,337,56,9,7,3.7,0.4,0,wheat_April,wheat,Yes,Yes
M22_16S_g01_B01,April,UNIVT,wheat,554,,M22_0900,Heading,4/28/23,Shirley,bulk_FLAG,flag_leaf,sample,1,1,5,16.51,89,59.3,97.88548051,NA,15.16,34.947655,-80.424479,81.2,16.4,407,0,2,0,0,3.74,0.31,1.6,0.79,0.13,0.24,91.5,116,16.2,7.96,8.22,0,4.97,0.41,0.83,10.8,92,0.8,6.5,149,62,1818,86,25,65.4,9.3,8.7,0.1,wheat_April,wheat,Yes,Yes
M22_16S_g01_C11,April,LENVT,wheat,529,,M22_0037,Heading,4/20/23,Shirley,bulk_FLAG,flag_leaf,sample,1,1,2.15,5.45,54,50.9,32.1,NA,11.52,35.376828,-77.55993,63.4,16.4,335,4,7,8,NA,3.68,0.21,1.57,0.35,0.1,0.22,73.5,27.9,22.5,7.99,3.49,0,9.47,0.51,1.15,3.8,68,1.2,5.5,68,95,362,64,18,14.1,5.6,0.8,0.1,wheat_April,wheat,Yes,Yes
M22_16S_g01_D09,April,UNIVT,wheat,360,,M22_0893,Heading,4/28/23,USG3640,bulk_FLAG,flag_leaf,sample,1,1,5,12.49,89,61.1,73.71600888,9.3,11.4,34.948183,-80.42476,85.2,16.4,407,1,4,0,3,3.42,0.3,1.71,0.57,0.12,0.22,74.2,37.9,15.7,7.75,8.62,0.01,8.29,0.41,0.88,12.4,87,1.6,6.2,209,78,1990,80,28,50.8,11,9.1,0.1,wheat_April,wheat,Yes,Yes
M22_16S_g02_B02,April,ROWVT,wheat,562,,M22_0664,Heading,4/27/23,Shirley,bulk_FLAG,flag_leaf,sample,2,1,2.79,17.03,89,56.8,99.8,NA,12.68,35.697562,-80.622822,85.8,15,469,0,4,0,0,4.01,0.33,1.11,1.16,0.29,0.29,88.7,317,24.7,8.79,5.63,0.01,6.62,0.32,0.89,9.8,84,1.6,6.1,291,76,1068,320,24,287.5,9.9,4.9,0.1,wheat_April,wheat,Yes,Yes
M22_16S_g02_B10,April,ROWVT,wheat,506,,M22_0663,Heading,4/27/23,Catawba,bulk_FLAG,flag_leaf,sample,2,1,3.57,8.66,93,56.3,50.6,NA,10.78,35.697332,-80.622931,80.4,15,469,0,5,0,0,3.61,0.27,0.94,0.76,0.26,0.26,70.8,202,20.2,8.81,5.21,0.01,8.53,0.32,0.91,8.5,80,1.7,6,292,78,914,254,19,266.4,10.3,3.9,0.1,wheat_April,wheat,Yes,Yes
M22_16S_g02_C03,April,UNIVT,wheat,201,,M22_0886,Heading,4/28/23,Hilliard,bulk_FLAG,flag_leaf,sample,2,1,2.8,17.55,86,60,102.6374317,9,8.28,34.948831,-80.424662,97.4,16.4,407,0,2,0,0,3.26,0.24,1.5,0.79,0.18,0.18,76.3,42.2,16.7,6.83,12.2,0.01,10.7,0.36,0.83,13.7,90,1.3,6.4,305,87,2263,108,24,37.9,14.2,10.3,0.1,wheat_April,wheat,Yes,Yes
M22_16S_g02_G09,April,ROWVT,wheat,235,,M22_0653,Heading,4/27/23,Catawba,bulk_FLAG,flag_leaf,sample,2,1,5,8.98,98,52.6,51.6,NA,14.36,35.69677,-80.623442,81,15,469,0,0,0,0,4.05,0.3,0.98,1.12,0.37,0.31,91.9,194,22.3,8.9,5.93,0.01,13.8,0.22,0.87,7.3,86,1,6.1,98,42,852,233,25,163.3,8.3,3.9,0.1,wheat_April,wheat,Yes,Yes
M22_16S_g02_H06,April,ROBVT,wheat,567,,M22_0464,Heading,4/24/23,USG3640,bulk_FLAG,flag_leaf,sample,2,1,5,NA,NA,NA,NA,NA,8.56,34.511876,-79.308029,74.2,18.1,296,1,5,0,NA,3.36,0.23,1.79,0.33,0.1,0.18,61.4,48.2,16,6.79,3.38,0,8.92,1.08,1.12,6.4,71,1.8,5.5,277,144,650,109,15,21.9,5.8,1.2,0,wheat_April,wheat,Yes,Yes
M22_16S_g03_C06,April,LENVT,wheat,483,,M22_0036,Heading,4/20/23,USG3640,bulk_FLAG,flag_leaf,sample,3,1,5,5.94,60,58.6,35.6,NA,10.14,35.376918,-77.559935,71,16.4,335,2,6,0,NA,3.48,0.13,1.46,0.44,0.13,0.31,74.6,28.1,15.8,8.23,3.28,0.01,23.3,0.51,1.17,3.5,69,1.1,5.5,54,112,330,61,18,12.5,3.8,0.7,0.1,wheat_April,wheat,Yes,Yes
M22_16S_g03_D12,April,WASVT,wheat,423,,M22_1352,Heading,5/9/23,Shirley,bulk_FLAG,flag_leaf,sample,3,1,5,12.43,64,55.5,76.3,NA,20.06,35.849465,-76.6575,74.6,16.2,364,0,0,0,NA,3.27,0.18,1.02,0.71,0.28,0.2,86.3,112,13.2,7.18,4.37,0.01,29.6,3.67,1,10.7,77,2.4,5.6,67,50,1160,289,14,2.8,1,1,0.1,wheat_April,wheat,Yes,Yes
M22_16S_g03_H03,April,ROWVT,wheat,370,,M22_0658,Heading,4/27/23,Catawba,bulk_FLAG,flag_leaf,sample,3,1,5,9.01,98,56.6,52.5,NA,11.5,35.697019,-80.623048,73,15,469,1,1,0,0,4.28,0.34,1.11,0.89,0.32,0.33,78,173,28.4,8.61,6.78,0.01,9.4,0.32,0.92,9.1,83,1.6,5.9,217,55,997,299,21,166.1,7.8,4,0.1,wheat_April,wheat,Yes,Yes
M22_16S_g04_C09,April,WAKMP,wheat,B15,,M22_1105,Heading,4/19/23,USG3540,bulk_FLAG,flag_leaf,sample,4,1,5,NA,NA,NA,NA,NA,23.86,35.732941,-78.701558,87.4,16,419,6,4,0,3,3.42,0.34,1.94,0.73,0.13,0.34,62.3,66.1,21,3.26,4.8,0.01,14.2,0.46,1.15,6.3,68,2,4.9,492,66,731,53,23,29.8,13,0.9,0.1,wheat_April,wheat,Yes,Yes
M22_16S_g04_G01,April,UNIVT,wheat,236,,M22_0889,Heading,4/28/23,Catawba,bulk_FLAG,flag_leaf,sample,4,1,0.12,12.6,74,58,75.46505618,9.5,10.66,34.948747,-80.424663,93.4,16.4,407,1,2,0,0,3.26,0.29,1.66,0.5,0.16,0.18,66.7,56.6,15.3,5.79,10.8,0,11.7,0.56,0.92,14.2,87,1.8,6.2,323,110,2225,121,28,37.5,14.6,10.8,0.1,wheat_April,wheat,Yes,Yes
M22_16S_g04_H07,April,ROBVT,wheat,502,,M22_0461,Heading,4/24/23,Shirley,bulk_FLAG,flag_leaf,sample,4,1,4.81,NA,NA,NA,NA,NA,7.56,34.511846,-79.307734,59.6,18.1,296,2,4,0,NA,3.7,0.26,1.6,0.36,0.1,0.19,72.1,61.6,18,7.59,4.17,0,9.66,0.51,1.17,4.9,75,1.2,5.8,143,75,527,103,10,12.1,5.2,0.6,0,wheat_April,wheat,Yes,Yes
M22_16S_g04_H09,April,LENVT,wheat,272,,M22_0028,Heading,4/20/23,Hilliard,bulk_FLAG,flag_leaf,sample,4,1,5,7.25,62,59.3,43.1,NA,10.48,35.3776,-77.560296,75,16.4,335,2,4,2,NA,4.01,0.13,1.57,0.41,0.15,0.27,70.2,19.6,20,8.26,3.11,0.01,11.3,0.46,1.15,5,81,1,6,60,123,611,84,18,17,4.8,0.8,0.1,wheat_April,wheat,Yes,Yes
M22_16S_g05_A06,April,LENVT,wheat,420,,M22_0034,Heading,4/20/23,Shirley,bulk_FLAG,flag_leaf,sample,5,2,5,6.96,52,55.7,41.3,NA,12.08,35.377099,-77.560266,61.6,16.4,335,3,7,2,NA,3.81,0.16,1.52,0.3,0.1,0.25,68.6,51.1,22.6,8.65,3.85,0.01,8.47,0.41,1.17,3.7,67,1.2,5.4,43,105,340,59,15,17.6,3.6,0.6,0.1,wheat_April,wheat,Yes,Yes
M22_16S_g05_B10,April,UNIVT,wheat,331,,M22_0891,Heading,4/28/23,Shirley,bulk_FLAG,flag_leaf,sample,5,2,5,16.72,81,58.2,99.01827551,8.6,12.06,34.948415,-80.424576,87,16.4,407,0,1,0,0,3.69,0.3,1.52,0.69,0.15,0.2,121,83.8,16.4,8.46,12.1,0,18.3,0.36,0.85,12.1,87,1.6,6.2,292,70,1932,85,22,48.6,14.9,9.7,0.1,wheat_April,wheat,Yes,Yes
M22_16S_g05_D10,April,PERVT,wheat,553,,M22_0250,Heading,5/5/23,Hilliard,bulk_FLAG,flag_leaf,sample,5,2,5,14.67,93,58.5,88.2,NA,22.14,36.180444,-76.359931,96.8,15.7,361,2,5,0,NA,3.12,0.18,1.42,0.78,0.26,0.18,83,87,15.8,7.02,3.47,0,20.4,0.41,0.93,5,74,1.3,5.3,59,70,520,112,16,8.2,2.2,1.1,0.2,wheat_April,wheat,Yes,Yes
M22_16S_g05_E12,April,WAKMP,wheat,B08,,M22_1099,Heading,4/19/23,Shirley,bulk_FLAG,flag_leaf,sample,5,2,5,NA,NA,NA,NA,NA,21.08,35.732671,-78.701523,74,16,419,3,4,0,0,3.88,0.35,1.79,0.63,0.14,0.28,71.9,150,28.2,4.03,5,0.01,12.3,0.41,1.22,4.8,58,2,4.8,394,50,483,31,22,30.1,8.9,0.7,0.1,wheat_April,wheat,Yes,Yes
M22_16S_g06_A10,April,WASVT,wheat,275,,M22_1347,Heading,5/9/23,Shirley,bulk_FLAG,flag_leaf,sample,6,2,5,11.06,62,53.8,66.8,NA,16.66,35.84935,-76.656894,75.8,16.2,364,0,2,8,NA,3.82,0.18,1.18,0.45,0.2,0.2,85.4,107,15.2,6.67,4.93,0.01,24.7,4.32,0.99,11.1,77,2.6,5.6,58,95,1143,311,14,3.1,1,0.7,0.1,wheat_April,wheat,Yes,Yes
M22_16S_g06_B01,April,ROWVT,wheat,205,,M22_0651,Heading,4/27/23,USG3640,bulk_FLAG,flag_leaf,sample,6,2,5,6.24,94,46.6,33.4,NA,19.9,35.696667,-80.623368,80.8,15,469,1,5,0,3,3.29,0.34,1.39,1.03,0.26,0.28,161,166,21.8,8.28,4.21,0.01,19.3,0.32,0.87,7.5,87,1,6.2,148,52,872,246,23,167.9,7.5,4.4,0.1,wheat_April,wheat,Yes,Yes
M22_16S_g06_F06,April,WAKMP,wheat,B11,,M22_1101,Heading,4/19/23,Catawba,bulk_FLAG,flag_leaf,sample,6,2,3.1,NA,NA,NA,NA,NA,21.16,35.732396,-78.701534,88.6,16,419,5,5,0,0,3.28,0.25,1.53,0.73,0.16,0.21,61.1,60.5,16.8,2.83,5.1,0.01,13.9,0.51,1.15,4.3,49,2.2,4.8,249,42,333,38,19,20.4,7.2,0.7,0.1,wheat_April,wheat,Yes,Yes
M22_16S_g06_H07,April,ROWVT,wheat,581,,M22_0674,Heading,4/27/23,USG3640,bulk_FLAG,flag_leaf,sample,6,2,5,9.31,87,55.6,52.3,NA,13.36,35.697661,-80.623219,72.2,15,469,0,2,0,1,3.28,0.31,1.58,0.84,0.22,0.26,69.2,232,18.2,7.72,4.43,0,8.61,0.36,0.98,7.9,75,2,5.6,335,109,759,225,24,319.9,8.2,4.4,0.1,wheat_April,wheat,Yes,Yes
M22_16S_g07_A06,April,LENVT,wheat,239,,M22_0026,Heading,4/20/23,Catawba,bulk_FLAG,flag_leaf,sample,7,2,5,6.1,63,57.2,36.4,NA,11.52,35.377805,-77.560158,81,16.4,335,5,4,8,NA,3.54,0.17,1.16,0.44,0.15,0.24,67.9,22.4,16,6.35,4.13,0.01,18.7,0.6,1.1,4.3,82,0.8,5.9,58,131,496,93,19,16.8,4.7,0.8,0.1,wheat_April,wheat,Yes,Yes
M22_16S_g07_A11,April,WASVT,wheat,461,,M22_1353,Heading,5/9/23,Hilliard,bulk_FLAG,flag_leaf,sample,7,2,5,15.02,77,56.2,92.1,NA,18.04,35.849539,-76.657698,86,16.2,364,0,0,0,NA,2.36,0.15,0.95,0.79,0.4,0.13,73.3,48,8.71,5.06,3.92,0.01,35.4,3.57,1,10.8,80,2.2,5.7,87,55,1177,320,14,2.7,0.8,0.8,0.1,wheat_April,wheat,Yes,Yes
M22_16S_g07_E01,April,ROWVT,wheat,456,,M22_0661,Heading,4/27/23,Shirley,bulk_FLAG,flag_leaf,sample,7,2,1.34,14.15,86,52.3,82.8,NA,9.82,35.697332,-80.623274,84.6,15,469,0,4,0,0,4.4,0.34,1.32,1.08,0.28,0.37,94,335,27.4,9.51,5.77,0.01,9.79,0.41,0.85,8,77,1.8,5.8,300,65,823,232,23,311.6,10.8,3.7,0.1,wheat_April,wheat,Yes,Yes
M22_16S_g07_G02,April,ROBVT,wheat,562,,M22_0463,Heading,4/24/23,Hilliard,bulk_FLAG,flag_leaf,sample,7,2,5,NA,NA,NA,NA,NA,8.28,34.511964,-79.308017,85.4,18.1,296,0,3,0,NA,3.35,0.23,1.72,0.46,0.16,0.18,62.9,50.5,18.8,7.07,4,0,9.31,0.81,1.13,5.5,72,1.5,5.6,275,130,577,91,14,18.8,6.2,1.5,0,wheat_April,wheat,Yes,Yes
M22_16S_g07_G03,April,WAKMP,wheat,B12,,M22_1102,Heading,4/19/23,Shirley,bulk_FLAG,flag_leaf,sample,7,2,5,NA,NA,NA,NA,NA,18.74,35.732535,-78.701539,73.6,16,419,4,4,0,0,3.86,0.34,1.97,0.54,0.14,0.26,78.4,98.4,28.2,4.59,5.08,0,7.23,0.56,1.12,5,61,1.9,5,309,83,479,54,22,24.8,10.1,0.8,0,wheat_April,wheat,Yes,Yes
M22_16S_g08_C03,April,UNIVT,wheat,430,,M22_0894,Heading,4/28/23,Hilliard,bulk_FLAG,flag_leaf,sample,8,2,5,17.46,102,59.1,102.8144917,8.8,13.96,34.948124,-80.424406,94.6,16.4,407,0,3,0,0,3.29,0.25,1.51,0.84,0.19,0.19,74.6,72.1,18.2,6.35,7.86,0.01,14.4,0.36,0.79,12.4,87,1.6,6.2,255,61,1990,81,24,55.9,15.1,9.1,0.1,wheat_April,wheat,Yes,Yes
M22_16S_g08_D01,April,WAKMP,wheat,B13,,M22_1103,Heading,4/19/23,Catawba,bulk_FLAG,flag_leaf,sample,8,2,5,NA,NA,NA,NA,NA,21.96,35.732666,-78.701547,88.2,16,419,5,4,0,0,3.67,0.29,1.75,0.82,0.16,0.27,68.3,102,20.5,4.19,5.07,0.01,14.4,0.41,0.99,4.6,60,1.8,4.8,360,66,459,37,20,24.5,9.1,0.7,0.1,wheat_April,wheat,Yes,Yes
M22_16S_g08_G10,April,PERVT,wheat,332,,M22_0243,Heading,5/5/23,Shirley,bulk_FLAG,flag_leaf,sample,8,2,5,12.31,84,58.2,74,9.5,21.82,36.179869,-76.359202,91.2,15.7,361,1,3,0,NA,3.18,0.24,1.41,0.73,0.23,0.18,113,95.5,16.1,6.94,3.64,0,11.1,0.41,0.88,5.4,83,0.9,5.8,72,53,642,144,11,7.7,2.7,1.5,0.1,wheat_April,wheat,Yes,Yes
M22_16S_g09_E10,April,ROBVT,wheat,360,,M22_0454,Heading,4/24/23,USG3640,bulk_FLAG,flag_leaf,sample,9,3,5,NA,NA,NA,NA,NA,5.4,34.511645,-79.307161,74.4,18.1,296,3,5,0,NA,3.8,0.24,1.67,0.37,0.13,0.21,67.8,23.4,20.1,7.46,3.99,0.01,5.93,0.46,1.19,5.2,78,1.1,6,98,54,604,112,9,12.5,5.1,0.5,0,wheat_April,wheat,Yes,Yes
M22_16S_g10_F05,April,PERVT,wheat,219,,M22_0237,Heading,5/5/23,Hilliard,bulk_FLAG,flag_leaf,sample,10,3,5,14.95,97,58.6,89.5,8.9,22.58,36.179719,-76.359099,94.4,15.7,361,1,6,0,NA,2.63,0.18,1.36,0.68,0.26,0.15,77.6,19.4,13.3,6.51,3.39,0.01,17.6,0.36,0.91,6.3,87,0.8,6.1,55,56,797,172,11,9.5,2.9,1.7,0.1,wheat_April,wheat,Yes,Yes
M22_16S_g10_F09,April,PERVT,wheat,318,,M22_0242,Heading,5/5/23,USG3640,bulk_FLAG,flag_leaf,sample,10,3,5,9.8,90,55.2,59.3,10.3,25.82,36.179812,-76.359413,88.2,15.7,361,5,5,0,3,2.2,0.19,1.15,0.75,0.26,0.15,55.7,23.4,10.1,5.85,3.81,0.01,22.8,0.36,0.87,6.2,84,1,5.8,73,78,719,172,11,8.1,3,1.6,0.1,wheat_April,wheat,Yes,Yes
M22_16S_g10_F10,April,PERVT,wheat,225,,M22_0238,Heading,5/5/23,USG3640,bulk_FLAG,flag_leaf,sample,10,3,5,9.13,88,56.9,55.6,10,20.62,36.179798,-76.359011,88,15.7,361,3,7,0,1,2.25,0.21,1.34,0.86,0.31,0.16,84.8,13.9,10.8,6.33,4.43,0.01,34.3,0.36,0.9,6.3,91,0.6,6.5,42,64,814,186,9,10.2,2.8,1.7,0.1,wheat_April,wheat,Yes,Yes
M22_16S_g11_A03,April,ROBVT,wheat,284,,M22_0452,Heading,4/24/23,Shirley,bulk_FLAG,flag_leaf,sample,11,3,5,NA,NA,NA,NA,NA,6.74,34.511624,-79.306964,62.8,18.1,296,1,2,0,NA,4.09,0.28,1.61,0.38,0.12,0.18,80,35.6,18.9,7.51,4.33,0,6.49,0.46,1.22,5.7,83,1,6.1,136,68,702,129,10,13.4,6.2,0.7,0,wheat_April,wheat,Yes,Yes
M22_16S_g11_B12,April,PERVT,wheat,445,,M22_0247,Heading,5/5/23,USG3640,bulk_FLAG,flag_leaf,sample,11,3,5,11.54,92,59.2,69.9,NA,21.08,36.180252,-76.359609,87.8,15.7,361,4,8,0,1,1.95,0.18,1.52,0.67,0.27,0.13,65.4,12.6,7.92,4.91,4.27,0,25.7,0.36,0.88,6.7,93,0.5,6.6,46,71,879,197,12,9.3,2.3,1.3,0.1,wheat_April,wheat,Yes,Yes
M22_16S_g11_C05,April,UNIVT,wheat,453,,M22_0895,Heading,4/28/23,Catawba,bulk_FLAG,flag_leaf,sample,11,3,5,11.63,86,59,69.10882127,10.4,16.3,34.947981,-80.424569,93.2,16.4,407,0,4,0,0,3.29,0.28,1.66,0.58,0.15,0.21,71,44.1,14.7,5.36,7.67,0.01,10.2,0.41,0.78,12.8,88,1.5,6.3,225,63,2102,73,24,36.7,16.1,10.5,0.1,wheat_April,wheat,Yes,Yes
M22_16S_g11_H10,April,LENVT,wheat,401,,M22_0033,Heading,4/20/23,Catawba,bulk_FLAG,flag_leaf,sample,11,3,5,2.88,48,NA,19.3,NA,10.42,35.377221,-77.560081,61.4,16.4,335,4,4,2,NA,3.91,0.1,0.96,0.27,0.1,0.23,61.1,39.8,17.3,6.68,3.3,0.01,14.3,0.36,1.17,3.3,52,1.6,4.8,34,88,238,34,21,21.4,4.2,0.6,0.1,wheat_April,wheat,Yes,Yes
M22_16S_g12_C03,April,LENVT,wheat,566,,M22_0039,Heading,4/20/23,Hilliard,bulk_FLAG,flag_leaf,sample,12,3,5,7.35,55,58.7,43.7,NA,11.08,35.376646,-77.559983,76.8,16.4,335,2,5,0,NA,3.81,0.18,1.69,0.44,0.15,0.24,76.4,15.5,18.9,7.82,3.25,0.01,19.1,0.81,1.1,7.3,87,0.9,6.4,75,194,929,157,23,16.1,8.9,1,0.1,wheat_April,wheat,Yes,Yes
M22_16S_g12_E04,April,UNIVT,wheat,510,,M22_0898,Heading,4/28/23,Hilliard,bulk_FLAG,flag_leaf,sample,12,3,5,17.38,94,60.4,102.5768002,NA,16.06,34.947817,-80.424514,95,16.4,407,0,2,0,0,3.3,0.25,1.43,0.86,0.18,0.21,74.3,59.3,16,7.18,8.23,0.01,8.87,0.32,0.8,13.1,91,1.2,6.5,202,66,2211,77,34,59.8,14.2,9.5,0.2,wheat_April,wheat,Yes,Yes
M22_16S_g12_G01,April,WASVT,wheat,535,,M22_1356,Heading,5/9/23,USG3640,bulk_FLAG,flag_leaf,sample,12,3,0.5,13.58,85,55.2,81.4,NA,19.02,35.849241,-76.658006,87.6,16.2,364,0,0,0,NA,2.2,0.09,0.98,0.66,0.25,0.15,73.7,48.8,8.06,5.01,5.16,0.01,105,3.37,1.01,10.2,77,2.3,5.6,62,89,1051,287,14,2.1,1.8,0.7,0.1,wheat_April,wheat,Yes,Yes
M22_16S_g13_E11,April,PERVT,wheat,570,,M22_0252,Heading,5/5/23,Catawba,bulk_FLAG,flag_leaf,sample,13,4,5,11.43,93,59.2,68.9,NA,19.28,36.180583,-76.35992,100,15.7,361,4,4,0,NA,2.51,0.25,1.62,0.51,0.23,0.16,118,51.4,11.2,5.37,4.49,0.01,21.3,0.27,0.96,5.8,81,1.1,5.8,64,79,639,155,12,7.3,1.9,1.2,0.1,wheat_April,wheat,Yes,Yes
M22_16S_g13_G12,April,PERVT,wheat,374,,M22_0244,Heading,5/5/23,Hilliard,bulk_FLAG,flag_leaf,sample,13,4,5,15.73,101,59,94.5,9.4,23.3,36.180019,-76.359592,101.6,15.7,361,1,4,0,NA,3.1,0.21,1.45,0.86,0.31,0.18,91.9,39.4,14.3,5.69,3.55,0,17,0.41,0.89,6.6,88,0.8,6.1,53,63,844,179,9,9.7,2,1.3,0.1,wheat_April,wheat,Yes,Yes
M22_16S_g13_H12,April,WASVT,wheat,546,,M22_1357,Heading,5/9/23,Catawba,bulk_FLAG,flag_leaf,sample,13,4,5,10.32,73,55.3,62.6,NA,16.72,35.849437,-76.65801,82.6,16.2,364,0,0,0,NA,1.78,0.13,0.98,0.48,0.28,0.12,72.3,39.4,6.7,3.88,6.22,0.01,65.4,3.67,0.99,11.5,82,2.1,5.8,61,66,1278,348,13,2.1,1,0.8,0.1,wheat_April,wheat,Yes,Yes
M22_16S_g14_B04,April,WASVT,wheat,260,,M22_1346,Heading,5/9/23,USG3640,bulk_FLAG,flag_leaf,sample,14,4,5,13.07,77,57.2,80,NA,17.78,35.849562,-76.656788,88,16.2,364,0,2,0,NA,2.41,0.14,1.36,0.44,0.19,0.13,71.2,43.8,9.3,5.26,4.62,0.01,49.6,4.32,0.97,11.5,78,2.5,5.6,79,131,1211,322,14,2.9,1.1,0.7,0.1,wheat_April,wheat,Yes,Yes
M22_16S_g14_D04,April,WAKMP,wheat,B06,,M22_1097,Heading,4/19/23,Hilliard,bulk_FLAG,flag_leaf,sample,14,4,5,NA,NA,NA,NA,NA,22.42,35.732944,-78.701535,87.4,16,419,3,5,0,0,3.91,0.31,1.77,0.83,0.18,0.26,70.1,113,30.1,3.95,3.91,0.01,10.9,0.32,1.09,8.2,80,1.7,5.4,651,69,1175,63,20,32,16.8,1.5,0.1,wheat_April,wheat,Yes,Yes
M22_16S_g14_E05,April,ROBVT,wheat,384,,M22_0456,Heading,4/24/23,Catawba,bulk_FLAG,flag_leaf,sample,14,4,5,NA,NA,NA,NA,NA,6.06,34.511702,-79.307358,75.8,18.1,296,1,2,0,NA,3.06,0.24,1.56,0.29,0.14,0.17,55.2,21.4,14.5,5.56,4.35,0,6.17,0.41,1.22,4.4,76,1.1,5.8,121,82,466,98,9,11.3,4.4,0.5,0,wheat_April,wheat,Yes,Yes
M22_16S_g14_E06,April,PERVT,wheat,317,,M22_0241,Heading,5/5/23,Catawba,bulk_FLAG,flag_leaf,sample,14,4,5,12.72,90,58.8,75.4,10,24.28,36.179823,-76.359396,97.2,15.7,361,6,5,0,NA,2.39,0.25,1.42,0.51,0.26,0.16,75.6,52,9.22,4.36,3.94,0.01,21.4,0.36,0.89,5.9,83,1,5.7,72,66,686,155,12,8.6,2.6,1.4,0.1,wheat_April,wheat,Yes,Yes
M22_16S_g15_A02,April,PERVT,wheat,277,,M22_0239,Heading,5/5/23,Catawba,bulk_FLAG,flag_leaf,sample,15,4,3.02,13.19,96,59.1,79.5,10.2,20.12,36.179966,-76.359101,95.2,15.7,361,5,4,0,NA,2.66,0.28,1.29,0.58,0.25,0.17,75.7,42.7,12.3,5.82,4.05,0.01,22.5,0.46,0.93,5.5,78,1.2,5.5,81,53,611,134,12,9.3,2.7,1.6,0.1,wheat_April,wheat,Yes,Yes
M22_16S_g15_F02,April,UNIVT,wheat,213,,M22_0887,Heading,4/28/23,Shirley,bulk_FLAG,flag_leaf,sample,15,4,5,15.64,79,58.9,93.14742825,8.3,11,34.948753,-80.424902,83,16.4,407,0,1,0,0,3.51,0.29,1.48,0.58,0.14,0.17,133,60.4,14.5,8.37,13,0.01,4.12,0.41,0.87,11.7,87,1.5,6.1,253,69,1849,97,22,37,12.3,8.8,0.1,wheat_April,wheat,Yes,Yes
M22_16S_g15_G01,April,ROBVT,wheat,251,,M22_0450,Heading,4/24/23,Hilliard,bulk_FLAG,flag_leaf,sample,15,4,0.37,NA,NA,NA,NA,NA,3.66,34.511764,-79.306745,75.8,18.1,296,1,3,0,NA,3.39,0.19,1.35,0.42,0.16,0.21,67.8,25.6,14.7,7.64,3.85,0.01,14.2,0.36,1.18,5.2,79,1.1,6,88,60,590,121,9,12.1,5.5,0.5,0,wheat_April,wheat,Yes,Yes
M22_16S_g16_A01,April,ROWVT,wheat,227,,M22_0652,Heading,4/27/23,Hilliard,bulk_FLAG,flag_leaf,sample,16,4,5,12.59,92,55,71.5,NA,13.38,35.696813,-80.623607,91.8,15,469,2,5,0,2,3.52,0.28,1,1.29,0.37,0.27,103,200,27,9.29,5.07,0.01,16.1,0.27,0.95,7.4,83,1.3,6,170,49,811,232,24,208,10.2,4.1,0.1,wheat_April,wheat,Yes,Yes
M22_16S_g16_B04,April,ROBVT,wheat,373,,M22_0455,Heading,4/24/23,Hilliard,bulk_FLAG,flag_leaf,sample,16,4,5,NA,NA,NA,NA,NA,4.28,34.511761,-79.307246,80.4,18.1,296,1,3,0,NA,3.38,0.2,1.54,0.42,0.14,0.17,63.9,25.4,14.9,6.09,4.1,0,6.89,0.36,1.25,4.2,74,1.1,5.8,103,44,461,90,8,10.6,4.3,0.6,0,wheat_April,wheat,Yes,Yes
M22_16S_g16_B05,April,UNIVT,wheat,566,,M22_0901,Heading,4/28/23,Catawba,bulk_FLAG,flag_leaf,sample,16,4,3.34,12.85,86,58,76.61725595,NA,10.48,34.947637,-80.424261,92.6,16.4,407,0,2,0,0,2.88,0.26,1.5,0.51,0.19,0.18,79.6,66.5,12.1,5.22,9.76,0.01,9.29,0.41,0.89,11,90,1.1,6.3,181,91,1786,89,20,37.2,7.1,8.1,0.1,wheat_April,wheat,Yes,Yes
M22_16S_g16_B07,April,WAKMP,wheat,B07,,M22_1098,Heading,4/19/23,USG3640,bulk_FLAG,flag_leaf,sample,16,4,5,NA,NA,NA,NA,NA,19.52,35.732811,-78.701528,89.6,16,419,5,6,0,3,3.49,0.36,2,0.68,0.12,0.36,69.9,95.5,24.1,4.15,4.44,0.01,20.1,0.41,1.12,6.1,65,2.1,4.8,504,52,700,47,24,32.2,11.9,0.9,0.1,wheat_April,wheat,Yes,Yes
M22_16S_g16_E11,April,WAKMP,wheat,B17,,M22_1107,Heading,4/19/23,Shirley,bulk_FLAG,flag_leaf,sample,16,4,3.96,NA,NA,NA,NA,NA,24.36,35.733219,-78.701567,81.4,16,419,4,4,0,0,4.15,0.42,1.81,0.89,0.14,0.25,82.2,103,27.8,6.09,6.28,0,14.4,0.41,1.13,9.4,82,1.7,5.5,692,60,1363,82,21,33.1,18.5,1.5,0.1,wheat_April,wheat,Yes,Yes
M22_16S_g17_A12,April,WASVT,wheat,228,,M22_1336,Heading,5/9/23,Catawba,bulk_FLAG,flag_leaf,sample,17,5,5,6.26,70,53.4,38.2,NA,16.84,35.849434,-76.656682,76.6,16.2,364,0,0,0,NA,2.04,0.09,0.75,0.5,0.23,0.1,55.9,86.5,6.82,3.56,6.03,0.01,43.3,4.69,0.97,10.4,72,2.9,5.3,57,87,1050,246,15,3.6,1.4,0.8,0.1,wheat_April,wheat,Yes,Yes
M22_16S_g17_B08,April,ROWVT,wheat,482,,M22_0662,Heading,4/27/23,USG3640,bulk_FLAG,flag_leaf,sample,17,5,5,7.45,88,52.8,42.6,NA,11.8,35.697383,-80.623142,71.8,15,469,0,4,0,2,3.4,0.26,1.17,1.03,0.25,0.3,67.4,241,18.6,7.63,4,0.01,10.4,0.32,0.93,7.7,75,1.9,5.6,300,92,758,213,22,312.3,11.8,4,0.1,wheat_April,wheat,Yes,Yes
M22_16S_g17_B11,April,ROWVT,wheat,422,,M22_0659,Heading,4/27/23,Catawba,bulk_FLAG,flag_leaf,sample,17,5,5,9.53,96,52.1,53.8,NA,12.26,35.697254,-80.623328,69.2,15,469,0,1,0,0,4.2,0.32,1.23,0.79,0.28,0.33,78,172,22.6,7.77,5.99,0,9.25,0.36,0.95,7.8,76,1.9,5.8,373,90,770,224,18,229.9,12.8,3.7,0,wheat_April,wheat,Yes,Yes
M22_16S_g17_D06,April,WASVT,wheat,558,,M22_1359,Heading,5/9/23,Hilliard,bulk_FLAG,flag_leaf,sample,17,5,5,12.96,67,56.2,79.5,NA,18.66,35.849563,-76.65811,83.8,16.2,364,0,1,0,NA,2.9,0.15,1.05,0.64,0.37,0.2,94.7,84.3,11.4,6.61,4.49,0.01,48.9,3.57,1.01,11.2,80,2.2,5.8,92,78,1183,347,11,1.6,0.8,0.8,0.1,wheat_April,wheat,Yes,Yes
M22_16S_g17_E04,April,UNIVT,wheat,465,,M22_0897,Heading,4/28/23,USG3640,bulk_FLAG,flag_leaf,sample,17,5,5,10.58,81,61.5,62.23006779,9.7,19.02,34.947925,-80.424471,81.6,16.4,407,1,5,0,1,3.06,0.28,1.51,0.48,0.11,0.19,77.9,30,14.6,6.74,6.58,0,6.27,0.32,0.77,12.4,89,1.4,6.4,188,62,1992,104,27,43.5,15,9,0.2,wheat_April,wheat,Yes,Yes
M22_16S_g17_G12,April,PERVT,wheat,282,,M22_0240,Heading,5/5/23,Shirley,bulk_FLAG,flag_leaf,sample,17,5,5,13.83,89,57.1,83.7,8.9,21.06,36.180025,-76.359025,88,15.7,361,2,4,0,NA,2.89,0.26,1.4,0.73,0.23,0.18,137,96.9,14.5,5.46,3.86,0,14.4,0.46,0.88,5.7,84,0.9,5.9,65,51,695,144,10,11.9,2.5,1.9,0.1,wheat_April,wheat,Yes,Yes
M22_16S_g18_B07,April,LENVT,wheat,471,,M22_0035,Heading,4/20/23,Hilliard,bulk_FLAG,flag_leaf,sample,18,5,5,5.68,51,59.2,33.9,NA,10.1,35.376978,-77.560024,70.2,16.4,335,2,4,0,NA,3.86,0.1,1.33,0.37,0.13,0.27,69.5,45.6,24.6,8.01,3.32,0.01,26.2,0.46,1.2,3.3,56,1.4,4.9,42,84,270,32,19,15.4,5.3,0.6,0.1,wheat_April,wheat,Yes,Yes
M22_16S_g18_G06,April,ROBVT,wheat,274,,M22_0451,Heading,4/24/23,USG3640,bulk_FLAG,flag_leaf,sample,18,5,5,NA,NA,NA,NA,NA,8.12,34.511739,-79.30685,70,18.1,296,3,4,0,NA,3.82,0.22,1.65,0.32,0.13,0.22,67.2,16.1,16,7.5,3.45,0,3.76,0.32,1.12,6.6,93,0.4,7,100,42,882,196,10,13,5.3,0.6,0,wheat_April,wheat,Yes,Yes
M22_16S_g19_A07,April,LENVT,wheat,365,,M22_0031,Heading,4/20/23,USG3640,bulk_FLAG,flag_leaf,sample,19,5,5,5.58,63,59.2,33.2,NA,10.82,35.377259,-77.560297,72.6,16.4,335,2,3,0,NA,3.99,0.13,1.3,0.34,0.12,0.25,76.3,23.5,16.3,7.75,3.62,0.01,15.2,0.36,1.19,4,71,1.2,5.3,51,104,438,52,20,19.6,4.2,0.7,0.1,wheat_April,wheat,Yes,Yes
M22_16S_g19_C12,April,ROBVT,wheat,452,,M22_0459,Heading,4/24/23,USG3640,bulk_FLAG,flag_leaf,sample,19,5,5,NA,NA,NA,NA,NA,4.32,34.511935,-79.307527,74.6,18.1,296,2,3,0,NA,3.57,0.26,1.76,0.26,0.1,0.19,58,21.9,16.6,7.23,3.3,0,5.46,0.32,1.24,3.6,69,1.1,5.5,106,52,374,63,8,10.6,4.1,0.5,0,wheat_April,wheat,Yes,Yes
M22_16S_g19_D03,April,ROBVT,wheat,510,,M22_0462,Heading,4/24/23,Catawba,bulk_FLAG,flag_leaf,sample,19,5,5,NA,NA,NA,NA,NA,5.92,34.511989,-79.307717,80.6,18.1,296,1,4,1,NA,3.47,0.27,1.48,0.45,0.2,0.2,63.4,18.6,17.2,7.77,4.61,0.01,5.48,0.36,1.18,6.3,89,0.7,6.6,110,54,834,154,9,15.3,8.4,0.7,0,wheat_April,wheat,Yes,Yes
M22_16S_g19_G01,April,UNIVT,wheat,309,,M22_0890,Heading,4/28/23,Hilliard,bulk_FLAG,flag_leaf,sample,19,5,5,16.39,89,59.6,96.7338179,8.6,12.24,34.94846,-80.424713,94,16.4,407,0,1,0,0,3.17,0.26,1.55,0.7,0.18,0.18,81,41.9,14.8,6.9,10.1,0.01,7.65,0.41,0.85,11.2,88,1.4,6.3,188,65,1784,89,22,47.8,9.6,8.5,0.1,wheat_April,wheat,Yes,Yes
M22_16S_g19_G06,April,WASVT,wheat,554,,M22_1358,Heading,5/9/23,Shirley,bulk_FLAG,flag_leaf,sample,19,5,5,12.63,75,55.6,77,NA,19.82,35.849579,-76.658005,79.2,16.2,364,0,0,0,NA,3.48,0.21,1.22,0.55,0.23,0.22,95.4,125,14.5,7.69,4.58,0.01,32.1,3.77,0.98,11,79,2.3,5.7,84,74,1163,333,12,1.7,0.7,0.8,0.1,wheat_April,wheat,Yes,Yes
M22_16S_g20_C06,April,UNIVT,wheat,551,,M22_0899,Heading,4/28/23,USG3640,bulk_FLAG,flag_leaf,sample,20,5,5,10.43,79,61.1,61.55788412,NA,16.94,34.947674,-80.424419,78,16.4,407,3,4,0,0,3.3,0.32,1.38,0.83,0.14,0.24,72.6,50.9,14,8.3,8.33,0.01,8.36,0.32,0.8,13,91,1.2,6.5,230,48,2215,72,29,54.3,13.4,10.8,0.1,wheat_April,wheat,Yes,Yes
M22_16S_g20_E12,April,ROWVT,wheat,257,,M22_0654,Heading,4/27/23,Shirley,bulk_FLAG,flag_leaf,sample,20,5,5,18.16,89,55.7,106.8,NA,15.56,35.696811,-80.623269,91.4,15,469,1,2,0,0,3.87,0.3,1.28,1.06,0.24,0.26,98.7,243,23.9,9.17,4.99,0.01,8.37,0.32,0.87,6.8,82,1.2,6,101,45,747,214,27,186.7,6,4.2,0.1,wheat_April,wheat,Yes,Yes
M22_16S_g21_H08,April,PERVT,wheat,456,,M22_0248,Heading,5/5/23,Catawba,bulk_FLAG,flag_leaf,sample,21,6,5,12.46,94,60.5,75.6,10.6,23.04,36.180408,-76.35956,96,15.7,361,4,4,0,NA,2.66,0.18,1.32,0.58,0.29,0.17,74.4,22.3,10.6,5.42,3.88,0,24.1,0.41,0.92,5.7,83,1,5.7,41,57,674,150,12,6.4,2.5,1.4,0.2,wheat_April,wheat,Yes,Yes
M22_16S_g21_H11,April,ROWVT,wheat,577,,M22_0673,Heading,4/27/23,Hilliard,bulk_FLAG,flag_leaf,sample,21,6,5,10.87,90,54.5,63.8,NA,10.94,35.697639,-80.623136,90,15,469,0,4,0,2,3.69,0.27,1.06,1.19,0.34,0.25,76,198,21.6,8.38,4.6,0.01,9.42,0.27,0.92,8,81,1.5,6,226,73,855,241,18,214.3,10.3,4,0.1,wheat_April,wheat,Yes,Yes
M22_16S_g22_C10,April,LENVT,wheat,581,,M22_0040,Heading,4/20/23,Catawba,bulk_FLAG,flag_leaf,sample,22,6,5,4.24,66,55.9,25,NA,15.44,35.376599,-77.559831,58.8,16.4,335,6,6,2,NA,3.84,0.23,1.78,0.29,0.11,0.27,67.4,34.2,19.3,8.55,3.01,0,10.7,0.86,1.05,6.7,80,1.4,5.8,80,143,742,152,34,14.1,6,1,0.1,wheat_April,wheat,Yes,Yes
M22_16S_g22_D07,April,UNIVT,wheat,338,,M22_0892,Heading,4/28/23,Catawba,bulk_FLAG,flag_leaf,sample,22,6,5,13.7,89,57.4,82.05327538,10.8,11.54,34.948465,-80.424435,98.6,16.4,407,0,2,0,0,3.36,0.3,1.69,0.65,0.18,0.24,74.4,60.2,15.2,6.72,10.4,0.01,11.5,0.41,0.85,12,88,1.5,6.3,238,72,1952,69,24,45,12.1,9.8,0.1,wheat_April,wheat,Yes,Yes
M22_16S_g22_F12,April,ROWVT,wheat,333,,M22_0655,Heading,4/27/23,USG3640,bulk_FLAG,flag_leaf,sample,22,6,5,9.44,88,49.5,51.3,NA,12.74,35.69701,-80.623374,77,15,469,1,4,0,2,3.61,0.27,0.86,1.22,0.32,0.34,91.6,212,17.4,8.19,4.03,0.01,11.4,0.36,0.95,7,82,1.3,6.1,159,58,781,208,20,312.9,7.7,3.8,0.1,wheat_April,wheat,Yes,Yes
M22_16S_g22_H03,April,WASVT,wheat,477,,M22_1354,Heading,5/9/23,USG3640,bulk_FLAG,flag_leaf,sample,22,6,5,14,83,53.4,84.9,NA,19.8,35.849255,-76.657706,85.4,16.2,364,0,0,0,NA,1.88,0.08,0.84,0.68,0.26,0.12,65.8,43.2,8.07,5.07,4.45,0.01,67.8,3.77,0.98,10.5,79,2.2,5.7,56,51,1127,301,14,2,1.2,0.8,0.1,wheat_April,wheat,Yes,Yes
M22_16S_g23_D10,April,WASVT,wheat,318,,M22_1348,Heading,5/9/23,Hilliard,bulk_FLAG,flag_leaf,sample,23,6,5,14.19,79,57.4,86.7,NA,19.82,35.849584,-76.657093,84.4,16.2,364,0,0,0,NA,2.82,0.18,1.21,0.51,0.29,0.15,91.7,149,12.2,5.57,3.83,0.01,38.4,3.28,0.99,11.5,77,2.7,5.6,81,100,1190,316,16,3.1,0.9,0.8,0.1,wheat_April,wheat,Yes,Yes
M22_16S_g24_B03,April,WAKMP,wheat,B14,,M22_1104,Heading,4/19/23,Hilliard,bulk_FLAG,flag_leaf,sample,24,6,5,NA,NA,NA,NA,NA,21.1,35.732807,-78.701551,85.8,16,419,3,5,0,0,3.68,0.29,1.67,0.81,0.17,0.22,67.3,120,28.5,4.35,3.78,0,18.7,0.51,1.11,5.5,64,2,4.9,451,52,619,38,20,29.2,11,0.8,0.1,wheat_April,wheat,Yes,Yes
M22_16S_g24_E02,April,WAKMP,wheat,B18,,M22_1108,Heading,4/19/23,USG3540,bulk_FLAG,flag_leaf,sample,24,6,5,NA,NA,NA,NA,NA,21.16,35.733358,-78.70157,95,16,419,5,4,0,1,3.56,0.37,1.9,0.8,0.12,0.27,69.4,37.8,19,4.61,4.7,0.01,6.47,0.32,1.03,8.2,76,2,5.2,639,74,1122,56,23,33.8,16.1,1.5,0.1,wheat_April,wheat,Yes,Yes
M22_16S_g25_A09,April,ROBVT,wheat,217,,M22_0449,Heading,4/24/23,Catawba,bulk_FLAG,flag_leaf,sample,25,7,5,NA,NA,NA,NA,NA,6.1,34.511888,-79.306529,70,18.1,296,3,3,1,NA,3.68,0.26,1.69,0.39,0.18,0.2,62.7,16.5,18.1,5.63,4.39,0,8.22,0.36,1.19,6.7,88,0.8,6.5,93,54,851,179,9,13.1,7.6,0.6,0,wheat_April,wheat,Yes,Yes
M22_16S_g25_A11,April,ROBVT,wheat,407,,M22_0457,Heading,4/24/23,Hilliard,bulk_FLAG,flag_leaf,sample,25,7,5,NA,NA,NA,NA,NA,5,34.511862,-79.307337,82.4,18.1,296,1,3,0,NA,3.4,0.21,1.53,0.44,0.18,0.17,61.1,20.6,15.6,6.31,4.12,0,7.66,0.32,1.26,4.7,82,0.8,6.2,83,53,559,113,9,10,4.5,0.7,0,wheat_April,wheat,Yes,Yes
M22_16S_g25_B02,April,PERVT,wheat,530,,M22_0249,Heading,5/5/23,Shirley,bulk_FLAG,flag_leaf,sample,25,7,5,11.22,90,58.3,67.5,NA,22.24,36.180367,-76.359891,88,15.7,361,2,3,0,NA,3.27,0.25,1.67,0.59,0.2,0.18,107,112,15.5,7.05,4.09,0,13,0.41,0.87,5.8,84,0.9,5.9,73,83,698,149,13,7.9,2.3,1.1,0.1,wheat_April,wheat,Yes,Yes
M22_16S_g25_B08,April,LENVT,wheat,371,,M22_0032,Heading,4/20/23,Catawba,bulk_FLAG,flag_leaf,sample,25,7,5,4.34,50,55.7,25.8,NA,9.82,35.377289,-77.560171,65.2,16.4,335,4,4,5,NA,3.9,0.12,1,0.29,0.12,0.24,62,19.1,14,6.03,3.14,0.01,10.5,0.41,1.18,3.9,73,1.1,5.5,55,98,422,60,17,18,3.3,0.6,0,wheat_April,wheat,Yes,Yes
M22_16S_g25_C07,April,PERVT,wheat,562,,M22_0251,Heading,5/5/23,USG3640,bulk_FLAG,flag_leaf,sample,25,7,5,9.85,88,56.8,60.5,NA,22.68,36.180561,-76.359796,89.8,15.7,361,6,6,0,1,2.18,0.17,1.37,0.76,0.26,0.16,61.8,34.2,9.56,5.27,4.19,0.01,23.4,0.36,0.94,6.4,80,1.3,5.7,52,77,733,158,13,8.2,2.8,1.3,0.1,wheat_April,wheat,Yes,Yes
M22_16S_g25_D02,April,WAKMP,wheat,B09,,M22_1100,Heading,4/19/23,Hilliard,bulk_FLAG,flag_leaf,sample,25,7,5,NA,NA,NA,NA,NA,21.48,35.732532,-78.701518,85.8,16,419,2,5,0,0,3.85,0.28,1.89,0.7,0.17,0.32,73.9,128,28.6,3.73,3.74,0.01,16.8,0.46,1.11,4.8,58,2,4.8,328,81,438,50,22,26,9.7,0.8,0.1,wheat_April,wheat,Yes,Yes
M22_16S_g25_E02,April,ROWVT,wheat,429,,M22_0660,Heading,4/27/23,Hilliard,bulk_FLAG,flag_leaf,sample,25,7,5,12.99,94,56.6,76,NA,10.04,35.697219,-80.623181,88.4,15,469,0,5,0,2,3.67,0.3,1.14,1.16,0.37,0.29,72.4,216,24.6,7.62,4.96,0,12,0.41,0.93,8.2,79,1.7,5.8,307,78,859,246,20,216,11,3.8,0.1,wheat_April,wheat,Yes,Yes
M22_16S_g25_F03,April,ROWVT,wheat,359,,M22_0656,Heading,4/27/23,Shirley,bulk_FLAG,flag_leaf,sample,25,7,5,15.74,91,53,92.3,NA,9.92,35.697076,-80.623279,85.4,15,469,0,2,0,0,3.95,0.33,0.92,1.45,0.36,0.35,89,362,24.7,9.02,5.42,0.01,8.94,0.41,0.96,7.6,79,1.6,5.9,229,46,797,232,21,283.5,12.7,3.8,0.1,wheat_April,wheat,Yes,Yes
M22_16S_g26_A05,April,WAKMP,wheat,B05,,M22_1096,Heading,4/19/23,USG3640,bulk_FLAG,flag_leaf,sample,26,7,5,NA,NA,NA,NA,NA,23.32,35.73308,-78.701541,96.6,16,419,7,7,0,3,3.86,0.41,1.94,0.85,0.13,0.33,72.9,52.1,22.9,5.2,4.81,0.01,9.35,0.36,1.19,8.2,79,1.7,5.3,648,101,1129,65,19,33,16,1.5,0.1,wheat_April,wheat,Yes,Yes
M22_16S_g26_A12,April,WASVT,wheat,331,,M22_1350,Heading,5/9/23,USG3640,bulk_FLAG,flag_leaf,sample,26,7,5,16.02,73,56.6,96.5,NA,18.14,35.849352,-76.657095,91.2,16.2,364,0,0,0,NA,2.42,0.13,1.22,0.52,0.21,0.13,74,78.7,9.96,6.31,4.47,0.01,57.4,3.01,0.95,11.3,78,2.5,5.7,66,106,1187,310,13,3,1,0.8,0.1,wheat_April,wheat,Yes,Yes
M22_16S_g26_D09,April,WAKMP,wheat,B02,,M22_1094,Heading,4/19/23,Shirley,bulk_FLAG,flag_leaf,sample,26,7,5,NA,NA,NA,NA,NA,24.12,35.733491,-78.701557,77.6,16,419,3,3,0,0,3.72,0.33,1.83,0.53,0.11,0.21,80,60.5,23.5,9.78,4.9,0.01,7.4,0.56,1.19,7.1,71,2.1,5.1,579,75,877,52,19,33.2,14.6,1.1,0.1,wheat_April,wheat,Yes,Yes
M22_16S_g26_E02,April,LENVT,wheat,269,,M22_0027,Heading,4/20/23,Shirley,bulk_FLAG,flag_leaf,sample,26,7,5,5.74,63,52.6,33.7,NA,9.82,35.377588,-77.560359,59.8,16.4,335,4,8,7,NA,3.76,0.19,1.85,0.37,0.12,0.25,73,23.5,21.1,10.1,4.16,0.01,8.3,0.6,1.14,4.4,78,1,5.7,63,129,511,65,16,18,5,0.7,0.1,wheat_April,wheat,Yes,Yes
M22_16S_g26_F08,April,WASVT,wheat,340,,M22_1351,Heading,5/9/23,Catawba,bulk_FLAG,flag_leaf,sample,26,7,5,9.4,72,51.9,57.5,NA,21.06,35.849247,-76.657195,81,16.2,364,0,0,0,NA,2.06,0.1,0.78,0.5,0.25,0.13,82.6,176,7.65,3.79,6.17,0.01,81.3,3.47,0.98,10.8,74,2.8,5.5,81,77,1102,286,11,2.6,1.4,0.7,0.1,wheat_April,wheat,Yes,Yes
M22_16S_g27_A12,April,WASVT,wheat,251,,M22_1345,Heading,5/9/23,Hilliard,bulk_FLAG,flag_leaf,sample,27,7,5,11.83,69,55.9,71.4,NA,16.82,35.849402,-76.656793,78.4,16.2,364,0,0,0,NA,2.98,0.12,1.16,0.52,0.26,0.15,78.7,94.3,13.8,6.25,4.27,0.01,31.2,4.32,0.95,10.2,73,2.7,5.4,55,91,1041,254,15,3.1,1.3,0.7,0.1,wheat_April,wheat,Yes,Yes
M22_16S_g27_C06,April,UNIVT,wheat,224,,M22_0888,Heading,4/28/23,USG3640,bulk_FLAG,flag_leaf,sample,27,7,5,10.16,84,61.3,60.23721877,11,15.74,34.948662,-80.424906,79,16.4,407,5,5,0,3,4.04,0.37,1.85,0.52,0.13,0.23,78.1,25,21.1,8.03,7.51,0.01,5.59,0.46,0.86,11.8,89,1.3,6.3,207,66,1915,101,21,32.3,11.2,8.1,0.1,wheat_April,wheat,Yes,Yes
M22_16S_g27_D09,April,ROWVT,wheat,360,,M22_0657,Heading,4/27/23,Hilliard,bulk_FLAG,flag_leaf,sample,27,7,5,14.35,90,56,83.7,NA,10.36,35.697066,-80.623263,95.8,15,469,0,2,0,1,3.46,0.26,1.04,1.06,0.33,0.25,70.2,195,22,7.09,4.52,0.01,11.1,0.36,0.94,8.2,81,1.5,6.1,209,64,907,242,19,292.3,11.7,3.9,0.1,wheat_April,wheat,Yes,Yes
M22_16S_g27_E01,April,UNIVT,wheat,455,,M22_0896,Heading,4/28/23,Shirley,bulk_FLAG,flag_leaf,sample,27,7,5,17.33,84,59.6,102.5144229,9.2,11.86,34.947966,-80.424609,83,16.4,407,0,3,0,0,3.56,0.28,1.59,0.69,0.14,0.21,81.8,74.6,15.8,6.93,10.1,0,5.66,0.32,0.81,13.6,90,1.4,6.4,202,75,2265,83,26,50.3,14.5,10.2,0.1,wheat_April,wheat,Yes,Yes
M22_16S_g27_E11,April,WAKMP,wheat,B16,,M22_1106,Heading,4/19/23,Catawba,bulk_FLAG,flag_leaf,sample,27,7,5,NA,NA,NA,NA,NA,22.72,35.733078,-78.701564,94.4,16,419,5,4,0,0,3.76,0.37,1.99,0.9,0.15,0.29,76.9,95.4,20.7,3.9,5.73,0,13.5,0.51,1.19,8.6,77,2,5.3,655,79,1174,67,20,32.2,17,1.3,0.1,wheat_April,wheat,Yes,Yes
M22_16S_g27_H09,April,WAKMP,wheat,B19,,M22_1109,Heading,4/19/23,Hilliard,bulk_FLAG,flag_leaf,sample,27,7,5,NA,NA,NA,NA,NA,19.34,35.733493,-78.701575,92.2,16,419,3,3,0,0,3.68,0.29,1.66,0.86,0.16,0.22,67.9,82.4,23.6,5.26,4.58,0,4.69,0.32,1.06,8.8,79,1.8,5.3,725,59,1259,62,21,32.9,16.7,1.6,0.1,wheat_April,wheat,Yes,Yes
M22_16S_g28_E02,April,ROBVT,wheat,314,,M22_0453,Heading,4/24/23,Shirley,bulk_FLAG,flag_leaf,sample,28,7,5,NA,NA,NA,NA,NA,3.16,34.511908,-79.306925,75,18.1,296,1,1,0,NA,3.79,0.23,1.33,0.37,0.15,0.21,69.1,17.2,14.6,5.36,4.38,0,5.84,0.32,1.25,6.3,96,0.2,7,107,66,810,221,10,14.4,6.3,0.6,0,wheat_April,wheat,Yes,Yes
M22_16S_g28_H10,April,ROBVT,wheat,478,,M22_0460,Heading,4/24/23,Shirley,bulk_FLAG,flag_leaf,sample,28,7,5,NA,NA,NA,NA,NA,2.82,34.51168,-79.307665,66.4,18.1,296,1,3,0,NA,4.07,0.28,1.45,0.37,0.13,0.19,75.8,90.5,21.4,10.4,4.23,0,11.1,0.46,1.18,5.8,84,1,6.2,110,84,704,140,10,15.3,6.1,0.7,0,wheat_April,wheat,Yes,Yes
M22_16S_g29_B06,April,LENVT,wheat,334,,M22_0029,Heading,4/20/23,Shirley,bulk_FLAG,flag_leaf,sample,29,8,5,2.63,44,NA,17.7,NA,11.72,35.377475,-77.560117,52,16.4,335,6,6,3,NA,3.97,0.13,1.42,0.25,0.08,0.26,61.4,33.5,24.5,8.18,3.69,0.01,7.06,0.32,1.14,4,71,1.2,5.4,50,102,415,60,20,14.9,3.8,0.7,0.1,wheat_April,wheat,Yes,Yes
M22_16S_g29_D06,April,LENVT,wheat,363,,M22_0030,Heading,4/20/23,Hilliard,bulk_FLAG,flag_leaf,sample,29,8,5,7.25,66,58.9,43.1,NA,10.34,35.377256,-77.560338,81.4,16.4,335,2,3,1,NA,4.05,0.13,1.34,0.36,0.15,0.23,69.7,43.6,22.2,8.65,3.64,0.01,17.5,0.32,1.16,3.7,70,1.1,5.5,47,117,350,63,16,15.4,3.5,0.6,0.1,wheat_April,wheat,Yes,Yes
M22_16S_g29_F11,April,WAKMP,wheat,B03,,M22_1095,Heading,4/19/23,Catawba,bulk_FLAG,flag_leaf,sample,29,8,5,NA,NA,NA,NA,NA,23.82,35.733357,-78.701549,97.4,16,419,4,4,0,0,3.69,0.36,1.94,0.78,0.14,0.23,66.4,65.6,18.7,4.82,5.35,0.01,10.5,0.51,1.12,8.7,78,1.9,5.3,668,109,1206,61,19,33.8,17.6,1.3,0.1,wheat_April,wheat,Yes,Yes
M22_16S_g29_G01,April,LENVT,wheat,555,,M22_0038,Heading,4/20/23,USG3640,bulk_FLAG,flag_leaf,sample,29,8,5,7.96,58,59,47.2,NA,13,35.376687,-77.560219,83.2,16.4,335,3,6,0,NA,3.73,0.21,1.8,0.43,0.12,0.27,82,26.6,15.2,7.68,3.82,0.01,27.9,1.25,1.05,6.9,79,1.5,5.9,101,224,733,145,28,15.6,5.2,0.7,0.1,wheat_April,wheat,Yes,Yes
M22_16S_g30_C08,April,WASVT,wheat,483,,M22_1355,Heading,5/9/23,Catawba,bulk_FLAG,flag_leaf,sample,30,8,5,6.86,65,52.4,41.6,NA,17.46,35.849309,-76.657802,81.6,16.2,364,0,0,0,NA,2.29,0.13,0.94,0.56,0.26,0.13,71.5,65.9,8.06,4.06,5.8,0.01,66.2,3.37,1.03,10.5,78,2.4,5.7,59,65,1143,280,13,2.2,0.9,0.8,0.1,wheat_April,wheat,Yes,Yes
M22_16S_g30_F03,April,LENVT,wheat,222,,M22_0025,Heading,4/20/23,USG3640,bulk_FLAG,flag_leaf,sample,30,8,5,6.54,64,58.5,38.9,NA,9.14,35.377728,-77.560512,81,16.4,335,2,5,0,NA,3.47,0.13,1.35,0.39,0.12,0.25,74.8,21.7,14.1,7.32,3.76,0.01,23,0.66,1.16,4.1,70,1.2,5.5,66,133,405,59,19,16.4,3.4,0.8,0.1,wheat_April,wheat,Yes,Yes
M22_16S_g31_A04,April,PERVT,wheat,434,,M22_0245,Heading,5/5/23,Hilliard,bulk_FLAG,flag_leaf,sample,31,8,5,14.7,96,58.2,87.5,9,22.58,36.180107,-76.359772,97.8,15.7,361,1,5,0,NA,2.69,0.19,1.53,0.57,0.22,0.15,96.9,58,13.3,5.69,3.82,0,17.2,0.51,0.92,5.3,80,1.1,5.5,54,76,600,122,11,9.2,2.3,1.3,0.1,wheat_April,wheat,Yes,Yes
M22_16S_g31_D05,April,WASVT,wheat,319,,M22_1349,Heading,5/9/23,Shirley,bulk_FLAG,flag_leaf,sample,31,8,5,11.79,72,55.4,71.7,NA,19.2,35.849565,-76.657088,78.4,16.2,364,0,1,0,NA,3.11,0.21,1.19,0.48,0.22,0.17,95.5,135,12.4,5.99,4.5,0.01,26.8,3.28,0.95,11.4,78,2.5,5.7,92,112,1190,331,15,2.8,1,0.8,0.1,wheat_April,wheat,Yes,Yes
M22_16S_g31_G01,April,PERVT,wheat,436,,M22_0246,Heading,5/5/23,Shirley,bulk_FLAG,flag_leaf,sample,31,8,5,14.88,84,58,89.4,9.8,20.74,36.180131,-76.35974,91.4,15.7,361,3,3,0,NA,3.34,0.25,1.54,0.72,0.21,0.19,99.5,42.4,14.1,6.28,4.03,0,14.7,0.41,0.9,6.5,88,0.8,6.1,67,63,827,170,13,10.2,2.1,1.2,0.2,wheat_April,wheat,Yes,Yes
M22_16S_g01_E04,March,ROWVT,wheat,227,,M22_2019,Jointing,3/15/23,Hilliard,bulk_NEW,newest_emerged,sample,1,1,1.98,12.59,92,55,71.5,NA,37.32,35.696813,-80.623607,20.22,11.7,390,2,5,0,2,4.68,0.44,1.65,0.82,0.3,0.34,74.3,126,25.2,10.6,3.83,0.01,7.32,0.36,0.82,8.5,83,1.4,6.1,225,58,943,269,28,227.9,13.2,4.1,0.1,wheat_March,wheat,Yes,Yes
M22_16S_g02_A05,March,ROBVT,wheat,478,,M22_1851,Jointing,3/21/23,Shirley,bulk_NEW,newest_emerged,sample,2,1,1.18,NA,NA,NA,NA,NA,13.8,34.51168,-79.307665,14.72,14.7,239,1,3,0,NA,4.31,0.38,2.84,0.29,0.12,0.2,56.5,72.5,28.1,5.83,3.17,0,5.44,0.46,1.2,4,66,1.4,5.5,164,48,388,65,16,14,2.5,0.7,0.1,wheat_March,wheat,Yes,Yes
M22_16S_g02_F06,March,WASVT,wheat,340,,M22_2604,Jointing,3/27/23,Catawba,bulk_NEW,newest_emerged,sample,2,1,1.68,9.4,72,51.9,57.5,NA,19.84,35.849247,-76.657195,33.56,13.2,293,0,0,0,NA,4.55,0.28,2.34,0.28,0.17,0.24,70,67.2,20.4,7.06,4.44,0.01,20.4,3.01,0.96,11.8,75,3,5.5,91,73,1203,321,14,3.3,1.5,0.8,0.1,wheat_March,wheat,Yes,Yes
M22_16S_g02_G04,March,PERVT,wheat,225,,M22_1663,Jointing,3/28/23,USG3640,bulk_NEW,newest_emerged,sample,2,1,5,9.13,88,56.9,55.6,10,30.08,36.179798,-76.359011,38.34,12.8,295,3,7,0,1,3.5,0.35,1.91,0.36,0.16,0.19,71.8,24.1,19.4,6.82,2.92,0.01,7.79,0.36,0.78,6.7,89,0.7,6.4,52,63,866,179,15,11.3,3.1,1.4,0.1,wheat_March,wheat,Yes,Yes
M22_16S_g02_H11,March,ROBVT,wheat,452,,M22_1850,Jointing,3/21/23,USG3640,bulk_NEW,newest_emerged,sample,2,1,1.77,NA,NA,NA,NA,NA,17.44,34.511935,-79.307527,24.44,14.7,239,2,3,0,NA,3.04,0.23,2.64,0.29,0.12,0.2,45.7,44,15.7,3.53,3.32,0,6.35,0.32,1.26,3.4,61,1.3,5.4,117,62,299,52,14,8.5,2.8,0.4,0.1,wheat_March,wheat,Yes,Yes
M22_16S_g03_A02,March,WASVT,wheat,251,,M22_2598,Jointing,3/27/23,Hilliard,bulk_NEW,newest_emerged,sample,3,1,5,11.83,69,55.9,71.4,NA,20.18,35.849402,-76.656793,21,13.2,293,0,0,0,NA,4.18,0.22,3.16,0.31,0.15,0.2,73.9,63.3,23.9,8.82,3.6,0.01,32.3,3.87,0.93,10.6,72,2.9,5.3,65,87,1092,240,18,3.9,1.5,0.7,0.1,wheat_March,wheat,Yes,Yes
M22_16S_g03_A08,March,WAKMP,wheat,B05,,M22_2366,Jointing,3/10/23,USG3640,bulk_NEW,newest_emerged,sample,3,1,5,NA,NA,NA,NA,NA,24.22,35.73308,-78.701541,31.28,12.7,324,7,7,0,3,3.74,0.65,3.63,0.78,0.11,0.3,97,44.2,22.6,5.37,3.33,0.01,15,0.36,0.99,8.4,79,1.8,5.3,668,76,1189,63,17,32,16.6,1.3,0.1,wheat_March,wheat,Yes,Yes
M22_16S_g03_C10,March,WASVT,wheat,331,,M22_2603,Jointing,3/27/23,USG3640,bulk_NEW,newest_emerged,sample,3,1,5,16.02,73,56.6,96.5,NA,23.52,35.849352,-76.657095,35.52,13.2,293,0,0,0,NA,3.84,0.3,2.54,0.3,0.16,0.2,65.7,45.4,19.4,7.94,3.66,0.01,10.3,3.01,0.95,11.2,77,2.6,5.6,78,95,1167,312,14,3.4,1.1,0.9,0.1,wheat_March,wheat,Yes,Yes
M22_16S_g03_F01,March,LENVT,wheat,365,,M22_1510,Jointing,3/14/23,USG3640,bulk_NEW,newest_emerged,sample,3,1,0.1,5.58,63,59.2,33.2,NA,17.9,35.377259,-77.560297,20.2,13.4,268,2,3,0,NA,4.02,0.14,3.81,0.33,0.13,0.28,57.8,37.5,22.9,6.63,3.23,0.01,13.9,0.46,1.15,3.9,59,1.6,5,48,133,305,56,26,18.6,3.8,0.5,0.1,wheat_March,wheat,Yes,Yes
M22_16S_g03_F08,March,WASVT,wheat,319,,M22_2602,Jointing,3/27/23,Shirley,bulk_NEW,newest_emerged,sample,3,1,5,11.79,72,55.4,71.7,NA,20.98,35.849565,-76.657088,22.12,13.2,293,0,1,0,NA,4.43,0.41,3.2,0.26,0.14,0.21,79.5,62.2,24.7,8.93,3.7,0.01,9.44,3.37,0.83,11.2,78,2.5,5.6,107,106,1163,322,19,3.2,1,0.8,0.2,wheat_March,wheat,Yes,Yes
M22_16S_g04_A03,March,WASVT,wheat,483,,M22_2608,Jointing,3/27/23,Catawba,bulk_NEW,newest_emerged,sample,4,1,5,6.86,65,52.4,41.6,NA,20.18,35.849309,-76.657802,31.08,13.2,293,0,0,0,NA,4.03,0.27,2.17,0.27,0.15,0.18,61.8,34.2,18.6,7.15,4.19,0.01,13.8,3.1,0.96,10.3,76,2.4,5.7,64,58,1099,267,16,2.6,1,0.8,0.1,wheat_March,wheat,Yes,Yes
M22_16S_g04_C07,March,ROWVT,wheat,422,,M22_2026,Jointing,3/15/23,Catawba,bulk_NEW,newest_emerged,sample,4,1,5,9.53,96,52.1,53.8,NA,28.24,35.697254,-80.623328,22.64,11.7,390,0,1,0,0,5.33,0.47,2.36,0.69,0.29,0.32,67.4,189,21.1,8.61,4.13,0.02,4.88,0.22,0.94,8.6,74,2.2,5.5,387,70,827,247,36,340.1,13.3,4.3,0.1,wheat_March,wheat,Yes,Yes
M22_16S_g04_F02,March,WASVT,wheat,546,,M22_2610,Jointing,3/27/23,Catawba,bulk_NEW,newest_emerged,sample,4,1,2.72,10.32,73,55.3,62.6,NA,21.34,35.849437,-76.65801,30.48,13.2,293,0,0,0,NA,3.88,0.31,2.29,0.24,0.14,0.18,60.6,31.7,17.5,6.71,4.14,0.01,13.3,3.19,0.9,11.1,81,2.1,5.8,74,61,1211,336,16,2.4,1.1,0.9,0.2,wheat_March,wheat,Yes,Yes
M22_16S_g05_B06,March,UNIVT,wheat,566,,M22_2220,Jointing,3/20/23,Catawba,bulk_NEW,newest_emerged,sample,5,2,5,12.85,86,58,76.61725595,NA,31.26,34.947637,-80.424261,23,13.1,313,0,2,0,0,3.5,0.34,2.4,0.35,0.09,0.2,71.7,37.8,12.8,3.54,5.22,0.02,5.43,0.51,0.87,12.1,90,1.2,6.4,214,102,1968,102,22,57.6,7.9,8.2,0.1,wheat_March,wheat,Yes,Yes
M22_16S_g05_D07,March,ROBVT,wheat,407,,M22_1848,Jointing,3/21/23,Hilliard,bulk_NEW,newest_emerged,sample,5,2,5,NA,NA,NA,NA,NA,17.36,34.511862,-79.307337,16.4,14.7,239,1,3,0,NA,4,0.26,3.09,0.34,0.14,0.23,56.3,26.3,21.3,5.68,2.98,0,6.67,0.22,1.18,4.4,83,0.8,6.4,94,46,528,106,9,11.9,4.9,0.5,0,wheat_March,wheat,Yes,Yes
M22_16S_g05_D08,March,ROWVT,wheat,562,,M22_2031,Jointing,3/15/23,Shirley,bulk_NEW,newest_emerged,sample,5,2,5,17.03,89,56.8,99.8,NA,25,35.697562,-80.622822,12.1,11.7,390,0,4,0,0,4.89,0.53,1.8,0.77,0.25,0.38,82.5,194,22.7,9.28,3.45,0.01,9.22,0.32,0.83,9.1,82,1.6,6,250,83,946,303,36,307.1,8.8,4.6,0.1,wheat_March,wheat,Yes,Yes
M22_16S_g05_F03,March,ROWVT,wheat,370,,M22_2025,Jointing,3/15/23,Catawba,bulk_NEW,newest_emerged,sample,5,2,5,9.01,98,56.6,52.5,NA,30.28,35.697019,-80.623048,20.92,11.7,390,1,1,0,0,4.89,0.48,1.72,0.62,0.25,0.26,67.6,97.3,19.7,6.69,3.69,0.01,4.7,0.27,0.87,8.9,76,2.1,5.6,308,57,892,269,30,200.4,9,3.6,0.1,wheat_March,wheat,Yes,Yes
M22_16S_g05_F05,March,LENVT,wheat,371,,M22_1511,Jointing,3/14/23,Catawba,bulk_NEW,newest_emerged,sample,5,2,5,4.34,50,55.7,25.8,NA,15.32,35.377289,-77.560171,9.6,13.4,268,4,4,5,NA,4.19,0.11,3.49,0.27,0.12,0.25,55.3,27.6,20.4,5.98,2.94,0.01,15.4,0.41,1.15,3.9,62,1.5,5.2,43,131,331,55,23,16.1,3.1,0.5,0.1,wheat_March,wheat,Yes,Yes
M22_16S_g06_B11,March,WAKMP,wheat,B14,,M22_2374,Jointing,3/10/23,Hilliard,bulk_NEW,newest_emerged,sample,6,2,5,NA,NA,NA,NA,NA,25.16,35.732807,-78.701551,17.66,12.7,324,3,5,0,0,3.47,0.43,2.35,0.56,0.11,0.21,64.1,74.6,23.7,3.27,2.69,0,9.63,0.56,1.18,5.4,64,2,4.9,487,61,611,33,17,28.9,10.6,0.8,0,wheat_March,wheat,Yes,Yes
M22_16S_g06_C02,March,LENVT,wheat,363,,M22_1509,Jointing,3/14/23,Hilliard,bulk_NEW,newest_emerged,sample,6,2,5,7.25,66,58.9,43.1,NA,19.34,35.377256,-77.560338,13.6,13.4,268,2,3,1,NA,4.1,0.13,3.95,0.25,0.1,0.25,54.8,58,25.4,6.84,2.92,0.01,11.5,0.46,1.14,3.9,59,1.6,5.2,50,129,304,54,22,14.6,3.2,0.5,0.1,wheat_March,wheat,Yes,Yes
M22_16S_g06_D12,March,ROBVT,wheat,567,,M22_1855,Jointing,3/21/23,USG3640,bulk_NEW,newest_emerged,sample,6,2,5,NA,NA,NA,NA,NA,17.34,34.511876,-79.308029,22.8,14.7,239,1,5,0,NA,3.23,0.29,2.77,0.4,0.13,0.18,49.9,72.9,19.2,4.6,3.42,0.01,14.6,1.14,1.11,5.7,61,2.2,5.2,328,78,539,72,18,19.8,5.2,1.3,0.1,wheat_March,wheat,Yes,Yes
M22_16S_g06_F11,March,WASVT,wheat,477,,M22_2607,Jointing,3/27/23,USG3640,bulk_NEW,newest_emerged,sample,6,2,5,14,83,53.4,84.9,NA,20.36,35.849255,-76.657706,35.98,13.2,293,0,0,0,NA,3.41,0.2,1.76,0.38,0.2,0.18,58.1,34.2,18.1,7.98,4.41,0.01,11.9,2.68,0.93,10.4,77,2.4,5.7,60,50,1109,280,19,2.9,1.3,0.8,0.2,wheat_March,wheat,Yes,Yes
M22_16S_g07_A07,March,LENVT,wheat,483,,M22_1515,Jointing,3/14/23,USG3640,bulk_NEW,newest_emerged,sample,7,2,5,5.94,60,58.6,35.6,NA,21.22,35.376918,-77.559935,20,13.4,268,2,6,0,NA,3.77,0.12,3.19,0.27,0.1,0.27,49.1,52.5,24.1,5.79,3.04,0.01,11.2,0.41,1.15,3.6,62,1.4,5.2,57,111,299,53,22,12.9,3.9,0.7,0.1,wheat_March,wheat,Yes,Yes
M22_16S_g07_A12,March,UNIVT,wheat,224,,M22_2199,Jointing,3/20/23,USG3640,bulk_NEW,newest_emerged,sample,7,2,5,10.16,84,61.3,60.23721877,11,37.82,34.948662,-80.424906,32.6,13.1,313,5,5,0,3,3.37,0.35,2.2,0.49,0.11,0.23,64.7,42.7,15.1,4.15,5.61,0.04,5.23,0.56,0.78,11.8,90,1.2,6.3,220,69,1927,97,21,35.6,12.4,7.9,0.1,wheat_March,wheat,Yes,Yes
M22_16S_g07_C11,March,PERVT,wheat,456,,M22_1673,Jointing,3/28/23,Catawba,bulk_NEW,newest_emerged,sample,7,2,5,12.46,94,60.5,75.6,10.6,27.12,36.180408,-76.35956,40.08,12.8,295,4,4,0,NA,4.17,0.32,1.86,0.25,0.15,0.22,63,25.7,21.7,5.59,3.36,0.02,4.57,0.32,0.81,5.8,77,1.3,5.6,45,49,645,141,15,7.2,2.6,1.4,0.2,wheat_March,wheat,Yes,Yes
M22_16S_g07_E10,March,ROWVT,wheat,577,,M22_2032,Jointing,3/15/23,Hilliard,bulk_NEW,newest_emerged,sample,7,2,5,10.87,90,54.5,63.8,NA,27.66,35.697639,-80.623136,18.92,11.7,390,0,4,0,2,4.48,0.43,2.35,0.56,0.2,0.32,71,128,22.1,8.49,3.48,0.01,5.61,0.27,0.83,7.6,78,1.6,5.8,224,72,768,236,25,279,11.6,4.3,0.1,wheat_March,wheat,Yes,Yes
M22_16S_g07_G09,March,ROBVT,wheat,562,,M22_1854,Jointing,3/21/23,Hilliard,bulk_NEW,newest_emerged,sample,7,2,5,NA,NA,NA,NA,NA,20.86,34.511964,-79.308017,22.82,14.7,239,0,3,0,NA,4.06,0.33,3.09,0.35,0.12,0.23,58.5,49.3,24.7,4.84,3.3,0,9.87,0.92,1.05,6.2,69,2,5.3,271,74,684,81,19,22.9,7.6,1.4,0.1,wheat_March,wheat,Yes,Yes
M22_16S_g07_H02,March,ROBVT,wheat,314,,M22_1844,Jointing,3/21/23,Shirley,bulk_NEW,newest_emerged,sample,7,2,5,NA,NA,NA,NA,NA,14.38,34.511908,-79.306925,13.68,14.7,239,1,1,0,NA,3.91,0.28,2.49,0.29,0.13,0.18,43.3,17.4,21.3,4.36,3.38,0,5.02,0.27,1.17,5.3,95,0.2,6.9,110,44,717,162,13,13.3,5.7,0.5,0.1,wheat_March,wheat,Yes,Yes
M22_16S_g07_H06,March,UNIVT,wheat,510,,M22_2217,Jointing,3/20/23,Hilliard,bulk_NEW,newest_emerged,sample,7,2,5,17.38,94,60.4,102.5768002,NA,37.54,34.947817,-80.424514,16.4,13.1,313,0,2,0,0,3.62,0.35,1.92,0.63,0.11,0.21,78.4,60.1,15,6.12,5.22,0.01,10.7,0.36,0.81,13.1,92,1,6.5,239,56,2260,83,27,74.4,13.4,10.8,0.2,wheat_March,wheat,Yes,Yes
M22_16S_g07_H07,March,LENVT,wheat,334,,M22_1508,Jointing,3/14/23,Shirley,bulk_NEW,newest_emerged,sample,7,2,5,2.63,44,NA,17.7,NA,21.16,35.377475,-77.560117,4.6,13.4,268,6,6,3,NA,5.21,0.17,4.09,0.28,0.13,0.38,77.3,69.4,47.3,9.91,3.3,0.01,16.4,0.41,1.17,3.7,54,1.7,4.9,45,132,264,44,26,15.8,3.8,0.6,0.1,wheat_March,wheat,Yes,Yes
M22_16S_g08_C05,March,LENVT,wheat,239,,M22_1505,Jointing,3/14/23,Catawba,bulk_NEW,newest_emerged,sample,8,2,5,6.1,63,57.2,36.4,NA,20.45,35.377805,-77.560158,14.3,13.4,268,5,4,8,NA,4.34,0.16,3.82,0.3,0.12,0.25,60.7,30.3,18,6.94,3.45,0.01,9.7,0.51,1.09,4.9,70,1.4,5.5,64,148,470,87,24,17.5,4.7,0.7,0.1,wheat_March,wheat,Yes,Yes
M22_16S_g08_E05,March,LENVT,wheat,222,,M22_1504,Jointing,3/14/23,USG3640,bulk_NEW,newest_emerged,sample,8,2,5,6.54,64,58.5,38.9,NA,19.12,35.377728,-77.560512,29,13.4,268,2,5,0,NA,3.92,0.16,4.11,0.33,0.13,0.28,57,40.2,21.4,6.09,3.57,0.01,17.3,0.46,1.13,4.5,62,1.7,5.3,68,123,390,64,23,16.7,3.4,0.7,0.1,wheat_March,wheat,Yes,Yes
M22_16S_g08_F10,March,LENVT,wheat,581,,M22_1519,Jointing,3/14/23,Catawba,bulk_NEW,newest_emerged,sample,8,2,5,4.24,66,55.9,25,NA,26.52,35.376599,-77.559831,10.6,13.4,268,6,6,2,NA,4.59,0.22,4.12,0.36,0.14,0.34,67.7,35.1,23.2,7.42,3.22,0.01,19.9,0.97,1,6.9,76,1.7,5.6,91,214,713,141,35,13.5,5.7,0.9,0.1,wheat_March,wheat,Yes,Yes
M22_16S_g09_A05,March,ROWVT,wheat,482,,M22_2029,Jointing,3/15/23,USG3640,bulk_NEW,newest_emerged,sample,9,3,5,7.45,88,52.8,42.6,NA,31,35.697383,-80.623142,21.08,11.7,390,0,4,0,2,4.66,0.39,2.84,0.7,0.24,0.38,70.9,140,22.2,8.22,3.86,0.01,7.82,0.32,0.87,7.3,70,2.2,5.5,290,78,673,189,28,314.2,9.6,3.6,0.1,wheat_March,wheat,Yes,Yes
M22_16S_g09_B02,March,PERVT,wheat,434,,M22_1670,Jointing,3/28/23,Hilliard,bulk_NEW,newest_emerged,sample,9,3,5,14.7,96,58.2,87.5,9,28.84,36.180107,-76.359772,34.54,12.8,295,1,5,0,NA,3.43,0.41,3,0.39,0.16,0.2,82.3,63.9,22,5.89,3.27,0.01,7.23,0.32,0.75,5.7,80,1.1,5.7,81,83,652,141,17,11.2,2.5,1.2,0.2,wheat_March,wheat,Yes,Yes
M22_16S_g09_D05,March,WAKMP,wheat,B15,,M22_2375,Jointing,3/10/23,USG3540,bulk_NEW,newest_emerged,sample,9,3,5,NA,NA,NA,NA,NA,22.32,35.732941,-78.701558,30.72,12.7,324,6,4,0,3,4.55,0.52,3.12,0.57,0.13,0.3,71.8,47.4,25.6,3.73,3.51,0.01,10.8,0.41,1.19,6,66,2,4.9,538,83,673,42,19,29.4,12.4,0.9,0.1,wheat_March,wheat,Yes,Yes
M22_16S_g09_D09,March,ROWVT,wheat,205,,M22_2018,Jointing,3/15/23,USG3640,bulk_NEW,newest_emerged,sample,9,3,5,6.24,94,46.6,33.4,NA,38.06,35.696667,-80.623368,28.36,11.7,390,1,5,0,3,4.31,0.49,2.52,0.82,0.28,0.35,66.7,113,22.6,9.65,3.61,0.01,6.71,0.36,0.8,7.8,83,1.3,6,222,53,870,245,26,177.9,9.1,4.2,0.1,wheat_March,wheat,Yes,Yes
M22_16S_g09_D12,March,ROWVT,wheat,235,,M22_2020,Jointing,3/15/23,Catawba,bulk_NEW,newest_emerged,sample,9,3,5,8.98,98,52.6,51.6,NA,32.2,35.69677,-80.623442,17.84,11.7,390,0,0,0,0,5.22,0.35,1.65,0.71,0.31,0.29,65.9,99.4,20.5,8.26,3.97,0.03,15.7,0.32,0.81,7.8,81,1.4,5.9,181,47,859,233,32,202.2,13.2,3.7,0.1,wheat_March,wheat,Yes,Yes
M22_16S_g09_E03,March,PERVT,wheat,277,,M22_1664,Jointing,3/28/23,Catawba,bulk_NEW,newest_emerged,sample,9,3,5,13.19,96,59.1,79.5,10.2,29.26,36.179966,-76.359101,36.16,12.8,295,5,4,0,NA,4.16,0.39,1.66,0.26,0.14,0.22,77.3,35.8,22.9,5.3,4.28,0.02,9.23,0.41,0.76,5.7,80,1.1,5.7,96,51,641,148,16,11.8,3.1,1.4,0.1,wheat_March,wheat,Yes,Yes
M22_16S_g09_G04,March,LENVT,wheat,272,,M22_1507,Jointing,3/14/23,Hilliard,bulk_NEW,newest_emerged,sample,9,3,5,7.25,62,59.3,43.1,NA,19.82,35.3776,-77.560296,13.1,13.4,268,2,4,2,NA,3.99,0.12,4,0.33,0.12,0.24,56.1,25,17.9,6.44,2.97,0.01,7.47,0.56,1.14,5.3,75,1.3,5.6,54,130,565,94,29,18.6,4.4,0.6,0.1,wheat_March,wheat,Yes,Yes
M22_16S_g09_G12,March,PERVT,wheat,219,,M22_1662,Jointing,3/28/23,Hilliard,bulk_NEW,newest_emerged,sample,9,3,0.47,14.95,97,58.6,89.5,8.9,29.86,36.179719,-76.359099,28.86,12.8,295,1,6,0,NA,3.87,0.32,2.34,0.35,0.15,0.19,68.6,28.6,20.7,6.75,2.9,0.01,6,0.36,0.88,5.9,84,1,6,61,55,710,151,13,9.6,2.9,1.4,0.1,wheat_March,wheat,Yes,Yes
M22_16S_g10_D01,March,ROBVT,wheat,384,,M22_1847,Jointing,3/21/23,Catawba,bulk_NEW,newest_emerged,sample,10,3,5,NA,NA,NA,NA,NA,17.26,34.511702,-79.307358,16.32,14.7,239,1,2,0,NA,3.72,0.29,2.89,0.27,0.12,0.23,51.7,37.5,22.7,3.91,3.49,0,4.85,0.32,1.18,4,64,1.4,5.4,136,72,366,65,11,11.4,3.6,0.6,0.1,wheat_March,wheat,Yes,Yes
M22_16S_g10_E04,March,ROWVT,wheat,333,,M22_2022,Jointing,3/15/23,USG3640,bulk_NEW,newest_emerged,sample,10,3,4.29,9.44,88,49.5,51.3,NA,27.64,35.69701,-80.623374,20.2,11.7,390,1,4,0,2,4.92,0.36,1.95,0.86,0.3,0.35,72.6,132,20.2,8.5,3.99,0.02,11.7,0.32,0.88,7.9,78,1.8,5.8,221,68,826,227,33,377.2,9.7,4.1,0.1,wheat_March,wheat,Yes,Yes
M22_16S_g10_E11,March,UNIVT,wheat,213,,M22_2198,Jointing,3/20/23,Shirley,bulk_NEW,newest_emerged,sample,10,3,4.15,15.64,79,58.9,93.14742825,8.3,31.78,34.948753,-80.424902,13.8,13.1,313,0,1,0,0,3.12,0.36,2.1,0.44,0.08,0.16,75.7,53.2,15.5,4.4,4.41,0.01,4.6,0.56,0.85,11.6,87,1.5,6.1,273,77,1843,92,25,45.3,12.7,9.2,0.1,wheat_March,wheat,Yes,Yes
M22_16S_g10_H04,March,WAKMP,wheat,B08,,M22_2369,Jointing,3/10/23,Shirley,bulk_NEW,newest_emerged,sample,10,3,5,NA,NA,NA,NA,NA,20.62,35.732671,-78.701523,9.8,12.7,324,3,4,0,0,3.64,0.42,2.53,0.58,0.11,0.24,64.5,86.1,26.2,3.62,2.71,0,9.8,0.51,1.18,4.6,59,1.9,4.8,401,68,467,31,18,25.9,8.4,0.7,0.1,wheat_March,wheat,Yes,Yes
M22_16S_g11_C06,March,LENVT,wheat,420,,M22_1513,Jointing,3/14/23,Shirley,bulk_NEW,newest_emerged,sample,11,3,5,6.96,52,55.7,41.3,NA,20.88,35.377099,-77.560266,6.6,13.4,268,3,7,2,NA,4.99,0.16,3.73,0.29,0.13,0.38,73.7,92.6,42.5,9.27,3.28,0.01,26.4,0.41,1.14,3.5,54,1.6,4.9,49,127,250,39,27,19.1,3.7,0.6,0.1,wheat_March,wheat,Yes,Yes
M22_16S_g11_C08,March,UNIVT,wheat,465,,M22_2216,Jointing,3/20/23,USG3640,bulk_NEW,newest_emerged,sample,11,3,5,10.58,81,61.5,62.23006779,9.7,36.2,34.947925,-80.424471,20.2,13.1,313,1,5,0,1,3.21,0.28,1.97,0.68,0.11,0.22,73,48.3,11.9,4.36,5.39,0.01,14.3,0.36,0.79,13.4,92,1,6.4,236,64,2296,89,26,70.2,14.2,10,0.2,wheat_March,wheat,Yes,Yes
M22_16S_g11_H12,March,WAKMP,wheat,B07,,M22_2368,Jointing,3/10/23,USG3640,bulk_NEW,newest_emerged,sample,11,3,5,NA,NA,NA,NA,NA,21.94,35.732811,-78.701528,29.46,12.7,324,5,6,0,3,3.39,0.71,3.04,0.8,0.13,0.3,60.9,109,31.3,4.07,3.09,0,18.9,0.51,1.15,5.9,63,2.2,4.7,528,69,647,41,21,31.1,10.9,0.9,0.1,wheat_March,wheat,Yes,Yes
M22_16S_g12_B02,March,WAKMP,wheat,B13,,M22_2373,Jointing,3/10/23,Catawba,bulk_NEW,newest_emerged,sample,12,3,5,NA,NA,NA,NA,NA,24.7,35.732666,-78.701547,16.88,12.7,324,5,4,0,0,4.17,0.42,2.76,0.49,0.11,0.24,65.4,65.9,22.2,2.51,2.77,0.01,12.7,0.56,1.21,4.6,59,1.9,4.8,373,67,445,34,18,23.4,8.1,0.6,0,wheat_March,wheat,Yes,Yes
M22_16S_g12_C07,March,PERVT,wheat,436,,M22_1671,Jointing,3/28/23,Shirley,bulk_NEW,newest_emerged,sample,12,3,5,14.88,84,58,89.4,9.8,27.54,36.180131,-76.35974,29.14,12.8,295,3,3,0,NA,3.96,0.41,2.7,0.43,0.15,0.22,85.6,37.2,21.3,6.23,3.05,0.01,6.18,0.32,0.79,6.3,86,0.9,6.1,72,52,800,159,18,10.5,2.3,1.1,0.2,wheat_March,wheat,Yes,Yes
M22_16S_g12_C09,March,ROWVT,wheat,359,,M22_2023,Jointing,3/15/23,Shirley,bulk_NEW,newest_emerged,sample,12,3,4.08,15.74,91,53,92.3,NA,30.48,35.697076,-80.623279,14.26,11.7,390,0,2,0,0,4.96,0.45,1.21,0.73,0.25,0.35,76.5,167,24.7,8.97,3.41,0.01,7.38,0.32,0.89,7.1,74,1.9,5.7,274,42,686,210,31,306.7,12.7,3.7,0.1,wheat_March,wheat,Yes,Yes
M22_16S_g12_E01,March,WASVT,wheat,558,,M22_2612,Jointing,3/27/23,Hilliard,bulk_NEW,newest_emerged,sample,12,3,1.61,12.96,67,56.2,79.5,NA,22.84,35.849563,-76.65811,28.02,13.2,293,0,1,0,NA,4.26,0.28,2.55,0.34,0.19,0.22,67.5,43,18.3,7.7,3.82,0.01,7.61,2.84,0.97,11.5,81,2.2,5.8,107,68,1226,363,16,2,1,0.9,0.1,wheat_March,wheat,Yes,Yes
M22_16S_g12_F02,March,WAKMP,wheat,B12,,M22_2372,Jointing,3/10/23,Shirley,bulk_NEW,newest_emerged,sample,12,3,5,NA,NA,NA,NA,NA,23.88,35.732535,-78.701539,12.2,12.7,324,4,4,0,0,4.24,0.42,3.3,0.34,0.09,0.26,78,56.4,29.4,3.44,2.6,0,8.08,0.6,1.09,4.7,59,1.9,5,319,90,431,50,17,22.6,9.4,0.7,0,wheat_March,wheat,Yes,Yes
M22_16S_g12_F06,March,UNIVT,wheat,331,,M22_2210,Jointing,3/20/23,Shirley,bulk_NEW,newest_emerged,sample,12,3,2.8,16.72,81,58.2,99.01827551,8.6,39.34,34.948415,-80.424576,13.8,13.1,313,0,1,0,0,3.38,0.34,1.85,0.41,0.07,0.17,75.3,49,15.3,4.68,4.96,0.02,2.59,0.56,0.85,11.7,89,1.3,6.2,289,73,1907,86,26,49.9,13.1,9.5,0.1,wheat_March,wheat,Yes,Yes
M22_16S_g12_H01,March,ROBVT,wheat,284,,M22_1843,Jointing,3/21/23,Shirley,bulk_NEW,newest_emerged,sample,12,3,0.38,NA,NA,NA,NA,NA,17.02,34.511624,-79.306964,15.92,14.7,239,1,2,0,NA,4.53,0.41,3.23,0.31,0.13,0.21,57.1,40,30.4,5.25,3.52,0,7.94,0.46,1.23,4,72,1.1,5.7,167,68,430,66,12,12.8,4.4,0.5,0.1,wheat_March,wheat,Yes,Yes
M22_16S_g13_A11,March,WASVT,wheat,554,,M22_2611,Jointing,3/27/23,Shirley,bulk_NEW,newest_emerged,sample,13,4,5,12.63,75,55.6,77,NA,20.8,35.849579,-76.658005,20.3,13.2,293,0,0,0,NA,4.4,0.3,2.76,0.29,0.14,0.22,75.9,52.5,21.6,8.42,3.53,0.01,11.7,3.01,0.89,11.4,80,2.3,5.7,102,88,1187,351,15,2.2,0.9,0.9,0.1,wheat_March,wheat,Yes,Yes
M22_16S_g13_C03,March,UNIVT,wheat,201,,M22_2197,Jointing,3/20/23,Hilliard,bulk_NEW,newest_emerged,sample,13,4,5,17.55,86,60,102.6374317,9,31.94,34.948831,-80.424662,17.6,13.1,313,0,2,0,0,3.7,0.36,2.5,0.59,0.1,0.21,68.6,47.1,13.9,4.23,5.5,0.01,7.54,0.6,0.8,13.6,90,1.3,6.3,317,87,2255,102,27,43.9,13.8,10,0.1,wheat_March,wheat,Yes,Yes
M22_16S_g13_C08,March,ROWVT,wheat,456,,M22_2028,Jointing,3/15/23,Shirley,bulk_NEW,newest_emerged,sample,13,4,5,14.15,86,52.3,82.8,NA,28.62,35.697332,-80.623274,15.24,11.7,390,0,4,0,0,5.05,0.53,2.94,0.63,0.2,0.4,75.3,216,27.8,9.21,3.44,0.01,5.1,0.22,0.92,8.4,77,1.9,5.8,305,69,846,252,32,246.9,9.4,3.7,0.1,wheat_March,wheat,Yes,Yes
M22_16S_g13_C12,March,ROBVT,wheat,373,,M22_1846,Jointing,3/21/23,Hilliard,bulk_NEW,newest_emerged,sample,13,4,5,NA,NA,NA,NA,NA,14.64,34.511761,-79.307246,17.2,14.7,239,1,3,0,NA,3.58,0.26,2.9,0.28,0.12,0.2,53.5,27.7,19.7,4.53,2.83,0,5.82,0.32,1.2,3.5,72,1,5.6,104,39,378,65,10,11.7,4.2,0.5,0.1,wheat_March,wheat,Yes,Yes
M22_16S_g13_E01,March,ROBVT,wheat,422,,M22_1849,Jointing,3/21/23,Catawba,bulk_NEW,newest_emerged,sample,13,4,1.47,NA,NA,NA,NA,NA,19.64,34.511903,-79.307422,13.54,14.7,239,3,4,1,NA,4.24,0.31,2.51,0.27,0.12,0.21,48.8,55.3,24.8,4.79,3.47,0.01,9.44,0.22,1.28,3,53,1.4,5.1,125,51,232,36,11,7.1,2.6,0.4,0.1,wheat_March,wheat,Yes,Yes
M22_16S_g13_F07,March,LENVT,wheat,471,,M22_1514,Jointing,3/14/23,Hilliard,bulk_NEW,newest_emerged,sample,13,4,5,5.68,51,59.2,33.9,NA,20.24,35.376978,-77.560024,9.4,13.4,268,2,4,0,NA,3.99,0.12,3.58,0.29,0.1,0.28,55.9,67.4,35.8,7.49,2.74,0,12.5,0.36,1.17,3.3,51,1.6,4.8,42,114,219,33,23,13.7,4.6,0.6,0.1,wheat_March,wheat,Yes,Yes
M22_16S_g13_G11,March,PERVT,wheat,317,,M22_1666,Jointing,3/28/23,Catawba,bulk_NEW,newest_emerged,sample,13,4,5,12.72,90,58.8,75.4,10,27.92,36.179823,-76.359396,38.42,12.8,295,6,5,0,NA,3.74,0.38,1.95,0.22,0.13,0.18,68.9,31.4,20.9,4.67,3.15,0.01,4.78,0.36,0.84,6.1,80,1.2,5.7,88,72,686,150,15,10.5,2.7,1.3,0.1,wheat_March,wheat,Yes,Yes
M22_16S_g14_B06,March,PERVT,wheat,570,,M22_1677,Jointing,3/28/23,Catawba,bulk_NEW,newest_emerged,sample,14,4,5,11.43,93,59.2,68.9,NA,27.22,36.180583,-76.35992,40.84,12.8,295,4,4,0,NA,3.46,0.36,2.35,0.33,0.16,0.2,64.9,39.3,18.1,5.55,3.53,0.01,6.18,0.32,0.77,5.5,76,1.3,5.7,72,60,577,134,12,8.4,1.9,1.1,0.1,wheat_March,wheat,Yes,Yes
M22_16S_g14_B11,March,UNIVT,wheat,430,,M22_2213,Jointing,3/20/23,Hilliard,bulk_NEW,newest_emerged,sample,14,4,2.16,17.46,102,59.1,102.8144917,8.8,36.14,34.948124,-80.424406,17,13.1,313,0,3,0,0,3.86,0.39,2.17,0.66,0.1,0.21,95.4,73,18.8,5.82,5.48,0.01,32.6,0.56,0.83,11.4,88,1.3,6.1,246,64,1863,78,23,66.7,12.3,8.5,0.1,wheat_March,wheat,Yes,Yes
M22_16S_g14_C02,March,PERVT,wheat,318,,M22_1667,Jointing,3/28/23,USG3640,bulk_NEW,newest_emerged,sample,14,4,5,9.8,90,55.2,59.3,10.3,27.84,36.179812,-76.359413,38.6,12.8,295,5,5,0,3,4.15,0.3,1.53,0.45,0.19,0.22,74.4,33.6,21.4,6.89,3.19,0.01,5.73,0.32,0.76,6.1,80,1.2,5.6,63,65,695,158,15,9.7,2.7,1.5,0.1,wheat_March,wheat,Yes,Yes
M22_16S_g14_C10,March,LENVT,wheat,555,,M22_1517,Jointing,3/14/23,USG3640,bulk_NEW,newest_emerged,sample,14,4,3.29,7.96,58,59,47.2,NA,23.82,35.376687,-77.560219,34.2,13.4,268,3,6,0,NA,4.09,0.24,3.88,0.38,0.13,0.3,61.4,47.3,19.3,5.94,3.15,0.01,10.7,1.19,1.01,6.9,78,1.6,5.8,109,204,727,149,30,15.7,4.8,0.7,0.1,wheat_March,wheat,Yes,Yes
M22_16S_g14_G04,March,ROWVT,wheat,506,,M22_2030,Jointing,3/15/23,Catawba,bulk_NEW,newest_emerged,sample,14,4,1.75,8.66,93,56.3,50.6,NA,32.24,35.697332,-80.622931,20.66,11.7,390,0,5,0,0,5,0.48,2.04,0.64,0.29,0.33,74.2,143,22,8.47,4.11,0.01,9.67,0.41,0.84,9.4,80,1.9,5.9,293,72,995,284,33,350.4,12.2,4.2,0.2,wheat_March,wheat,Yes,Yes
M22_16S_g14_G10,March,ROBVT,wheat,274,,M22_1842,Jointing,3/21/23,USG3640,bulk_NEW,newest_emerged,sample,14,4,5,NA,NA,NA,NA,NA,14.36,34.511739,-79.30685,22.7,14.7,239,3,4,0,NA,3.29,0.28,2.48,0.34,0.16,0.18,47.3,29.2,16.9,4.85,3.59,0,11.7,0.32,1.25,4.8,90,0.5,6.6,153,43,629,129,15,11.4,3.6,0.6,0.1,wheat_March,wheat,Yes,Yes
M22_16S_g15_E04,March,ROBVT,wheat,251,,M22_1841,Jointing,3/21/23,Hilliard,bulk_NEW,newest_emerged,sample,15,4,5,NA,NA,NA,NA,NA,20.32,34.511764,-79.306745,9.46,14.7,239,1,3,0,NA,4.25,0.29,2.63,0.27,0.13,0.15,46.7,35.2,24.8,6.6,3.21,0,7.47,0.41,1.21,3.4,71,1,5.7,115,65,339,64,12,7.2,2.7,2.7,0.1,wheat_March,wheat,Yes,Yes
M22_16S_g15_F01,March,PERVT,wheat,530,,M22_1674,Jointing,3/28/23,Shirley,bulk_NEW,newest_emerged,sample,15,4,0.7,11.22,90,58.3,67.5,NA,25.88,36.180367,-76.359891,25.7,12.8,295,2,3,0,NA,4.33,0.41,2.72,0.36,0.14,0.25,85.6,58.7,26.5,7.53,3.29,0.01,4.79,0.32,0.76,6.1,80,1.2,5.9,98,74,677,156,15,8.8,2.4,1.1,0.1,wheat_March,wheat,Yes,Yes
M22_16S_g17_A06,March,WASVT,wheat,461,,M22_2606,Jointing,3/27/23,Hilliard,bulk_NEW,newest_emerged,sample,17,5,5,15.02,77,56.2,92.1,NA,22.6,35.849539,-76.657698,32.54,13.2,293,0,0,0,NA,4.03,0.31,1.93,0.41,0.21,0.2,64.5,41.7,17.5,8.98,4,0.01,9.16,2.44,0.96,11.4,81,2.1,5.9,93,55,1235,360,18,2.9,0.9,0.9,0.2,wheat_March,wheat,Yes,Yes
M22_16S_g17_F03,March,PERVT,wheat,445,,M22_1672,Jointing,3/28/23,USG3640,bulk_NEW,newest_emerged,sample,17,5,5,11.54,92,59.2,69.9,NA,27.72,36.180252,-76.359609,43.5,12.8,295,4,8,0,1,3.57,0.36,2.37,0.41,0.19,0.21,71.1,28.7,17.6,6.06,3.16,0.02,7.31,0.32,0.74,6.3,89,0.7,6.4,58,68,801,176,16,10.5,2.4,1.3,0.2,wheat_March,wheat,Yes,Yes
M22_16S_g17_H06,March,PERVT,wheat,562,,M22_1676,Jointing,3/28/23,USG3640,bulk_NEW,newest_emerged,sample,17,5,5,9.85,88,56.8,60.5,NA,25.44,36.180561,-76.359796,38.76,12.8,295,6,6,0,1,3.59,0.28,2.17,0.56,0.22,0.24,64.7,41.9,18.5,5.08,3.52,0.01,7.89,0.32,0.81,7.4,82,1.4,5.6,57,54,952,139,242,8.4,2.5,1.2,0.1,wheat_March,wheat,Yes,Yes
M22_16S_g18_B05,March,LENVT,wheat,401,,M22_1512,Jointing,3/14/23,Catawba,bulk_NEW,newest_emerged,sample,18,5,5,2.88,48,NA,19.3,NA,14.64,35.377221,-77.560081,10.8,13.4,268,4,4,2,NA,3.98,0.11,2.84,0.26,0.1,0.26,66.2,60.7,26.3,6.14,2.97,0.01,33.2,0.36,1.12,3.3,47,1.7,4.7,37,113,202,30,27,19.9,4,0.5,0.1,wheat_March,wheat,Yes,Yes
M22_16S_g18_C10,March,UNIVT,wheat,309,,M22_2209,Jointing,3/20/23,Hilliard,bulk_NEW,newest_emerged,sample,18,5,5,16.39,89,59.6,96.7338179,8.6,33.68,34.94846,-80.424713,16.6,13.1,313,0,1,0,0,3.55,0.34,2.25,0.7,0.11,0.21,77.7,65.3,17.8,4.8,5.22,0.01,8.06,0.6,0.87,10.9,89,1.2,6.3,207,62,1781,90,23,49.5,9.1,8.8,0.1,wheat_March,wheat,Yes,Yes
M22_16S_g18_F01,March,WASVT,wheat,228,,M22_2597,Jointing,3/27/23,Catawba,bulk_NEW,newest_emerged,sample,18,5,5,6.26,70,53.4,38.2,NA,18.94,35.849434,-76.656682,26.14,13.2,293,0,0,0,NA,3.92,0.23,2.4,0.25,0.15,0.21,66.9,43.7,19.7,7.74,3.92,0.01,24.9,3.98,0.87,10.3,72,2.9,5.3,63,75,1051,246,19,3.9,1.5,0.8,0.1,wheat_March,wheat,Yes,Yes
M22_16S_g18_H02,March,ROBVT,wheat,217,,M22_1840,Jointing,3/21/23,Catawba,bulk_NEW,newest_emerged,sample,18,5,5,NA,NA,NA,NA,NA,15.16,34.511888,-79.306529,19.48,14.7,239,3,3,1,NA,3.46,0.27,2.58,0.29,0.15,0.21,49.7,20.2,15.5,4.12,4.14,0,10.8,0.32,1.18,5.9,90,0.6,6.5,111,56,774,159,10,12.1,5.6,0.6,0.1,wheat_March,wheat,Yes,Yes
M22_16S_g19_A11,March,UNIVT,wheat,338,,M22_2211,Jointing,3/20/23,Catawba,bulk_NEW,newest_emerged,sample,19,5,5,13.7,89,57.4,82.05327538,10.8,34.24,34.948465,-80.424435,19.6,13.1,313,0,2,0,0,3.69,0.37,2.31,0.43,0.09,0.2,67.3,43.4,14.7,3.6,5.53,0.01,5.24,0.51,0.76,11.9,90,1.2,6.3,270,69,1979,74,26,47.3,12.2,10,0.2,wheat_March,wheat,Yes,Yes
M22_16S_g19_C10,March,LENVT,wheat,269,,M22_1506,Jointing,3/14/23,Shirley,bulk_NEW,newest_emerged,sample,19,5,5,5.74,63,52.6,33.7,NA,20.85,35.377588,-77.560359,6,13.4,268,4,8,7,NA,4.7,0.16,4.27,0.34,0.14,0.33,71.8,31.1,24.4,7.81,3,0.01,11,0.51,1.02,4.6,71,1.3,5.6,59,128,468,75,19,17.1,4.6,0.6,0.1,wheat_March,wheat,Yes,Yes
M22_16S_g19_F10,March,ROBVT,wheat,360,,M22_1845,Jointing,3/21/23,USG3640,bulk_NEW,newest_emerged,sample,19,5,5,NA,NA,NA,NA,NA,17,34.511645,-79.307161,20.54,14.7,239,3,5,0,NA,3.25,0.21,2.78,0.36,0.13,0.24,49.3,33.5,16.6,4.33,3.19,0,7.73,0.41,1.23,3.6,70,1.1,5.6,138,45,375,64,12,10.9,2.7,0.5,0.1,wheat_March,wheat,Yes,Yes
M22_16S_g19_G05,March,PERVT,wheat,282,,M22_1665,Jointing,3/28/23,Shirley,bulk_NEW,newest_emerged,sample,19,5,5,13.83,89,57.1,83.7,8.9,30.84,36.180025,-76.359025,25.9,12.8,295,2,4,0,NA,4.36,0.49,2.22,0.42,0.15,0.23,131,53,25.7,6.23,3.22,0.01,5.29,0.41,0.78,6.5,83,1.1,5.7,96,60,778,161,16,17.6,3.3,1.8,0.1,wheat_March,wheat,Yes,Yes
M22_16S_g20_C07,March,PERVT,wheat,374,,M22_1669,Jointing,3/28/23,Hilliard,bulk_NEW,newest_emerged,sample,20,5,5,15.73,101,59,94.5,9.4,30.14,36.180019,-76.359592,31.34,12.8,295,1,4,0,NA,4.11,0.36,2.2,0.41,0.18,0.23,76.6,35.2,22.3,6.16,3.8,0.01,6.26,0.27,0.77,6.9,85,1,6,76,56,859,172,16,12.8,2.4,1.2,0.1,wheat_March,wheat,Yes,Yes
M22_16S_g20_G04,March,WASVT,wheat,423,,M22_2605,Jointing,3/27/23,Shirley,bulk_NEW,newest_emerged,sample,20,5,5,12.43,64,55.5,76.3,NA,21.9,35.849465,-76.6575,19.64,13.2,293,0,0,0,NA,4.51,0.29,1.99,0.33,0.17,0.2,74.2,48.4,23.7,9.58,3.54,0.01,12.1,2.6,0.96,10.8,76,2.6,5.6,79,47,1147,281,16,3.3,1.2,1.1,0.1,wheat_March,wheat,Yes,Yes
M22_16S_g20_G12,March,ROWVT,wheat,257,,M22_2021,Jointing,3/15/23,Shirley,bulk_NEW,newest_emerged,sample,20,5,5,18.16,89,55.7,106.8,NA,35.7,35.696811,-80.623269,14.62,11.7,390,1,2,0,0,5.05,0.53,2.47,0.67,0.22,0.42,88.7,142,29.3,10.4,3.52,0.01,11.7,0.32,0.83,8,81,1.5,6,200,56,861,247,32,247.8,9.2,4.4,0.1,wheat_March,wheat,Yes,Yes
M22_16S_g20_H04,March,UNIVT,wheat,554,,M22_2219,Jointing,3/20/23,Shirley,bulk_NEW,newest_emerged,sample,20,5,0.1,16.51,89,59.3,97.88548051,NA,38.38,34.947655,-80.424479,13.6,13.1,313,0,2,0,0,3.67,0.32,2.03,0.4,0.08,0.22,84.9,66.7,15.4,5.42,5.44,0.01,7.63,0.46,0.8,11.7,91,1,6.5,172,69,1966,86,30,83.5,9.2,9,0.1,wheat_March,wheat,Yes,Yes
M22_16S_g21_A03,March,WAKMP,wheat,B06,,M22_2367,Jointing,3/10/23,Hilliard,bulk_NEW,newest_emerged,sample,21,6,5,NA,NA,NA,NA,NA,25.14,35.732944,-78.701535,14.74,12.7,324,3,5,0,0,3.82,0.43,2.63,0.5,0.1,0.23,63.9,64.3,25.1,4.4,2.68,0.01,11.3,0.76,1.19,6.8,72,1.9,5.1,570,86,868,48,17,32.3,13.7,1.1,0.1,wheat_March,wheat,Yes,Yes
M22_16S_g21_G02,March,PERVT,wheat,553,,M22_1675,Jointing,3/28/23,Hilliard,bulk_NEW,newest_emerged,sample,21,6,5,14.67,93,58.5,88.2,NA,27.58,36.180444,-76.359931,29.94,12.8,295,2,5,0,NA,4.09,0.27,2.27,0.47,0.17,0.24,69.6,51.3,24.8,6.23,2.84,0.01,8.8,0.36,0.81,4.8,67,1.6,5.3,60,52,453,99,14,7.7,1.9,1,0.1,wheat_March,wheat,Yes,Yes
M22_16S_g22_A11,March,WAKMP,wheat,B03,,M22_2365,Jointing,3/10/23,Catawba,bulk_NEW,newest_emerged,sample,22,6,5,NA,NA,NA,NA,NA,25.8,35.733357,-78.701549,16.6,12.7,324,4,4,0,0,3.53,0.53,3.36,0.38,0.09,0.22,100,54.6,21.2,4.18,2.92,0.01,11.7,0.36,1.19,7.9,78,1.7,5.3,632,95,1085,60,18,34,14.6,1.5,0.1,wheat_March,wheat,Yes,Yes
M22_16S_g22_D05,March,WASVT,wheat,260,,M22_2599,Jointing,3/27/23,USG3640,bulk_NEW,newest_emerged,sample,22,6,5,13.07,77,57.2,80,NA,18.44,35.849562,-76.656788,33.68,13.2,293,0,2,0,NA,3.8,0.31,2.88,0.29,0.15,0.2,64.5,39.6,20.3,7.81,3.23,0.01,11.2,3.87,0.92,11.6,78,2.6,5.6,88,136,1209,316,21,3.6,1.2,0.8,0.2,wheat_March,wheat,Yes,Yes
M22_16S_g23_D01,March,UNIVT,wheat,455,,M22_2215,Jointing,3/20/23,Shirley,bulk_NEW,newest_emerged,sample,23,6,5,17.33,84,59.6,102.5144229,9.2,37.34,34.947966,-80.424609,12.4,13.1,313,0,3,0,0,3.91,0.34,2.3,0.57,0.09,0.21,83.1,74,17.9,6.14,4.66,0.01,8.76,0.41,0.8,12.4,91,1.1,6.4,199,64,2051,106,25,52.5,13.5,9.4,0.1,wheat_March,wheat,Yes,Yes
M22_16S_g24_D12,March,WASVT,wheat,275,,M22_2600,Jointing,3/27/23,Shirley,bulk_NEW,newest_emerged,sample,24,6,5,11.06,62,53.8,66.8,NA,18.68,35.84935,-76.656894,19.1,13.2,293,0,2,8,NA,4.62,0.28,3.22,0.31,0.16,0.22,82.5,67.8,27.5,9.3,3.72,0.01,15.4,3.67,0.89,11,76,2.6,5.5,70,88,1139,294,26,3.9,1.1,0.8,0.3,wheat_March,wheat,Yes,Yes
M22_16S_g24_F05,March,LENVT,wheat,529,,M22_1516,Jointing,3/14/23,Shirley,bulk_NEW,newest_emerged,sample,24,6,5,5.45,54,50.9,32.1,NA,22.86,35.376828,-77.55993,8.4,13.4,268,4,7,8,NA,4.55,0.17,3.76,0.31,0.13,0.31,67.6,61.1,38,8.12,3.29,0.01,10.2,0.46,1.06,4.2,70,1.2,5.5,72,119,405,73,25,16,5.5,0.8,0.1,wheat_March,wheat,Yes,Yes
M22_16S_g26_C09,March,UNIVT,wheat,360,,M22_2212,Jointing,3/20/23,USG3640,bulk_NEW,newest_emerged,sample,26,7,5,12.49,89,61.1,73.71600888,9.3,31.76,34.948183,-80.42476,20,13.1,313,1,4,0,3,3.31,0.27,2.09,0.52,0.09,0.23,64.8,44.5,11.2,3.88,5,0.01,5.44,0.56,0.87,10.6,88,1.2,6.3,178,82,1714,70,26,57.9,7.8,7.2,0.1,wheat_March,wheat,Yes,Yes
M22_16S_g26_E01,March,ROBVT,wheat,510,,M22_1853,Jointing,3/21/23,Catawba,bulk_NEW,newest_emerged,sample,26,7,5,NA,NA,NA,NA,NA,19.52,34.511989,-79.307717,20.76,14.7,239,1,4,1,NA,4.14,0.31,2.92,0.33,0.16,0.25,62.1,28.6,20.8,5.1,3.93,0.01,3.18,0.36,1.1,6.1,85,0.9,6.3,117,56,785,140,14,14,7.8,0.7,0.1,wheat_March,wheat,Yes,Yes
M22_16S_g26_H11,March,WASVT,wheat,535,,M22_2609,Jointing,3/27/23,USG3640,bulk_NEW,newest_emerged,sample,26,7,5,13.58,85,55.2,81.4,NA,19.94,35.849241,-76.658006,36.14,13.2,293,0,0,0,NA,3.7,0.24,2.25,0.35,0.17,0.19,61,38.8,20.6,8.55,4.11,0.01,15,3.01,0.86,9.4,76,2.2,5.4,69,63,1005,246,20,2.8,1.5,0.8,0.2,wheat_March,wheat,Yes,Yes
M22_16S_g27_C12,March,WAKMP,wheat,B11,,M22_2371,Jointing,3/10/23,Catawba,bulk_NEW,newest_emerged,sample,27,7,5,NA,NA,NA,NA,NA,23.1,35.732396,-78.701534,12.86,12.7,324,5,5,0,0,3.88,0.36,2.44,0.39,0.11,0.22,63.3,55.5,20.4,2.04,2.49,0.01,9.24,0.66,1.02,4.1,50,2,4.8,269,66,319,35,18,19.2,6.8,0.6,0,wheat_March,wheat,Yes,Yes
M22_16S_g27_E02,March,ROWVT,wheat,360,,M22_2024,Jointing,3/15/23,Hilliard,bulk_NEW,newest_emerged,sample,27,7,5,14.35,90,56,83.7,NA,33.74,35.697066,-80.623263,17.96,11.7,390,0,2,0,1,4.67,0.48,1.87,0.72,0.26,0.34,71.3,148,22.5,8.03,3.58,0.01,3.27,0.32,0.94,7.8,76,1.9,5.8,238,62,803,217,28,363.7,10.5,4,0.1,wheat_March,wheat,Yes,Yes
M22_16S_g27_E03,March,WAKMP,wheat,B02,,M22_2364,Jointing,3/10/23,Shirley,bulk_NEW,newest_emerged,sample,27,7,5,NA,NA,NA,NA,NA,23.63,35.733491,-78.701557,9.74,12.7,324,3,3,0,0,2.87,0.51,2.77,0.41,0.07,0.19,203,63.9,32.7,7.9,2.85,0,46.4,0.41,1.18,7.9,79,1.6,5.4,655,98,1104,57,17,31.7,14.5,1.4,0.1,wheat_March,wheat,Yes,Yes
M22_16S_g29_D03,March,WAKMP,wheat,B09,,M22_2370,Jointing,3/10/23,Hilliard,bulk_NEW,newest_emerged,sample,29,8,5,NA,NA,NA,NA,NA,23.1,35.732532,-78.701518,15.56,12.7,324,2,5,0,0,3.86,0.4,3.31,0.43,0.1,0.25,65.1,65.1,27.4,2.93,2.91,0,12.8,0.56,1.16,4.6,55,2.1,4.7,355,86,388,44,17,23.6,7.9,0.7,0.1,wheat_March,wheat,Yes,Yes
M22_16S_g29_E03,March,ROWVT,wheat,429,,M22_2027,Jointing,3/15/23,Hilliard,bulk_NEW,newest_emerged,sample,29,8,5,12.99,94,56.6,76,NA,30.4,35.697219,-80.623181,17.38,11.7,390,0,5,0,2,4.84,0.46,1.83,0.63,0.23,0.33,66.5,138,23.6,8.4,3.42,0.01,3.88,0.32,0.89,7.8,70,2.3,5.5,332,66,708,213,30,369.6,10.5,3.8,0.1,wheat_March,wheat,Yes,Yes
M22_16S_g29_G06,March,PERVT,wheat,332,,M22_1668,Jointing,3/28/23,Shirley,bulk_NEW,newest_emerged,sample,29,8,5,12.31,84,58.2,74,9.5,27.74,36.179869,-76.359202,24.32,12.8,295,1,3,0,NA,4.68,0.39,2.29,0.45,0.16,0.26,86.9,51.9,28.7,7.9,3.56,0.01,7.22,0.27,0.87,5.5,78,1.2,5.7,78,54,613,138,15,10.5,3,1.2,0.1,wheat_March,wheat,Yes,Yes
M22_16S_g30_D04,March,UNIVT,wheat,236,,M22_2200,Jointing,3/20/23,Catawba,bulk_NEW,newest_emerged,sample,30,8,5,12.6,74,58,75.46505618,9.5,28.52,34.948747,-80.424663,21.6,13.1,313,1,2,0,0,3.5,0.36,2.38,0.47,0.1,0.2,59.5,45.5,15.1,3.59,5.27,0.01,12,0.66,0.78,13.1,87,1.8,6,334,88,2059,104,29,41.7,16.3,10.5,0.2,wheat_March,wheat,Yes,Yes
M22_16S_g30_D06,March,ROBVT,wheat,502,,M22_1852,Jointing,3/21/23,Shirley,bulk_NEW,newest_emerged,sample,30,8,5,NA,NA,NA,NA,NA,19.62,34.511846,-79.307734,11.16,14.7,239,2,4,0,NA,4.47,0.37,3.26,0.28,0.12,0.23,58.9,57.4,31.4,6.72,3.31,0,5.9,0.56,1.17,4.1,53,1.9,5,160,55,317,51,15,11,3.9,0.7,0.1,wheat_March,wheat,Yes,Yes
M22_16S_g30_E03,March,LENVT,wheat,566,,M22_1518,Jointing,3/14/23,Hilliard,bulk_NEW,newest_emerged,sample,30,8,5,7.35,55,58.7,43.7,NA,22.86,35.376646,-77.559983,14.2,13.4,268,2,5,0,NA,4.23,0.16,4.11,0.34,0.12,0.25,59.3,18.2,19.7,6.63,2.97,0.01,6.73,0.97,0.91,7.4,86,1,6.1,84,233,898,156,34,17.1,8.4,0.9,0.1,wheat_March,wheat,Yes,Yes
M22_16S_g30_G03,March,WASVT,wheat,318,,M22_2601,Jointing,3/27/23,Hilliard,bulk_NEW,newest_emerged,sample,30,8,5,14.19,79,57.4,86.7,NA,24.9,35.849584,-76.657093,34.22,13.2,293,0,0,0,NA,4.06,0.32,2.75,0.28,0.15,0.19,66.4,73.7,21,7.81,3.37,0.01,9.34,3.67,0.9,11.2,75,2.8,5.5,104,103,1138,294,21,3.8,1.2,0.9,0.2,wheat_March,wheat,Yes,Yes
M22_16S_g31_A02,March,UNIVT,wheat,453,,M22_2214,Jointing,3/20/23,Catawba,bulk_NEW,newest_emerged,sample,31,8,5,11.63,86,59,69.10882127,10.4,37.04,34.947981,-80.424569,18.2,13.1,313,0,4,0,0,3.89,0.36,1.99,0.47,0.1,0.21,71.6,45.4,16,4.31,6.19,0.01,12.2,0.46,0.84,12.8,89,1.4,6.1,253,71,2141,73,26,47.1,16.7,11.2,0.2,wheat_March,wheat,Yes,Yes
M22_16S_g31_A03,March,ROWVT,wheat,581,,M22_2033,Jointing,3/15/23,USG3640,bulk_NEW,newest_emerged,sample,31,8,5,9.31,87,55.6,52.3,NA,29.6,35.697661,-80.623219,23.06,11.7,390,0,2,0,1,4.5,0.45,3.38,0.64,0.23,0.41,69.6,153,23.4,8.03,3.99,0.01,10.1,0.32,0.87,6.4,66,2.2,5.3,282,105,509,170,32,318.4,5.6,4.1,0,wheat_March,wheat,Yes,Yes
M22_16S_g01_B06,March,LENVT,wheat,239,,M22_1521,Jointing,3/14/23,Catawba,bulk_OLD,oldest_healthy,sample,1,1,5,6.1,63,57.2,36.4,NA,20.45,35.377805,-77.560158,14.3,13.4,268,5,4,8,NA,4.34,0.16,3.82,0.3,0.12,0.25,60.7,30.3,18,6.94,3.45,0.01,9.7,0.51,1.09,4.9,70,1.4,5.5,64,148,470,87,24,17.5,4.7,0.7,0.1,wheat_March,wheat,Yes,Yes
M22_16S_g01_D04,March,ROWVT,wheat,227,,M22_2035,Jointing,3/15/23,Hilliard,bulk_OLD,oldest_healthy,sample,1,1,5,12.59,92,55,71.5,NA,37.32,35.696813,-80.623607,20.22,11.7,390,2,5,0,2,4.68,0.44,1.65,0.82,0.3,0.34,74.3,126,25.2,10.6,3.83,0.01,7.32,0.36,0.82,8.5,83,1.4,6.1,225,58,943,269,28,227.9,13.2,4.1,0.1,wheat_March,wheat,Yes,Yes
M22_16S_g02_A01,March,ROWVT,wheat,422,,M22_2042,Jointing,3/15/23,Catawba,bulk_OLD,oldest_healthy,sample,2,1,5,9.53,96,52.1,53.8,NA,28.24,35.697254,-80.623328,22.64,11.7,390,0,1,0,0,5.33,0.47,2.36,0.69,0.29,0.32,67.4,189,21.1,8.61,4.13,0.02,4.88,0.22,0.94,8.6,74,2.2,5.5,387,70,827,247,36,340.1,13.3,4.3,0.1,wheat_March,wheat,Yes,Yes
M22_16S_g02_D11,March,UNIVT,wheat,566,,M22_2236,Jointing,3/20/23,Catawba,bulk_OLD,oldest_healthy,sample,2,1,5,12.85,86,58,76.61725595,NA,31.26,34.947637,-80.424261,23,13.1,313,0,2,0,0,3.5,0.34,2.4,0.35,0.09,0.2,71.7,37.8,12.8,3.54,5.22,0.02,5.43,0.51,0.87,12.1,90,1.2,6.4,214,102,1968,102,22,57.6,7.9,8.2,0.1,wheat_March,wheat,Yes,Yes
M22_16S_g02_E01,March,LENVT,wheat,222,,M22_1520,Jointing,3/14/23,USG3640,bulk_OLD,oldest_healthy,sample,2,1,1.39,6.54,64,58.5,38.9,NA,19.12,35.377728,-77.560512,29,13.4,268,2,5,0,NA,3.92,0.16,4.11,0.33,0.13,0.28,57,40.2,21.4,6.09,3.57,0.01,17.3,0.46,1.13,4.5,62,1.7,5.3,68,123,390,64,23,16.7,3.4,0.7,0.1,wheat_March,wheat,Yes,Yes
M22_16S_g02_E07,March,ROBVT,wheat,251,,M22_1857,Jointing,3/21/23,Hilliard,bulk_OLD,oldest_healthy,sample,2,1,5,NA,NA,NA,NA,NA,20.32,34.511764,-79.306745,9.46,14.7,239,1,3,0,NA,4.25,0.29,2.63,0.27,0.13,0.15,46.7,35.2,24.8,6.6,3.21,0,7.47,0.41,1.21,3.4,71,1,5.7,115,65,339,64,12,7.2,2.7,2.7,0.1,wheat_March,wheat,Yes,Yes
M22_16S_g03_B02,March,WAKMP,wheat,B11,,M22_2387,Jointing,3/10/23,Catawba,bulk_OLD,oldest_healthy,sample,3,1,5,NA,NA,NA,NA,NA,23.1,35.732396,-78.701534,12.86,12.7,324,5,5,0,0,3.88,0.36,2.44,0.39,0.11,0.22,63.3,55.5,20.4,2.04,2.49,0.01,9.24,0.66,1.02,4.1,50,2,4.8,269,66,319,35,18,19.2,6.8,0.6,0,wheat_March,wheat,Yes,Yes
M22_16S_g03_E07,March,UNIVT,wheat,338,,M22_2227,Jointing,3/20/23,Catawba,bulk_OLD,oldest_healthy,sample,3,1,5,13.7,89,57.4,82.05327538,10.8,34.24,34.948465,-80.424435,19.6,13.1,313,0,2,0,0,3.69,0.37,2.31,0.43,0.09,0.2,67.3,43.4,14.7,3.6,5.53,0.01,5.24,0.51,0.76,11.9,90,1.2,6.3,270,69,1979,74,26,47.3,12.2,10,0.2,wheat_March,wheat,Yes,Yes
M22_16S_g03_F03,March,PERVT,wheat,436,,M22_1687,Jointing,3/28/23,Shirley,bulk_OLD,oldest_healthy,sample,3,1,5,14.88,84,58,89.4,9.8,27.54,36.180131,-76.35974,29.14,12.8,295,3,3,0,NA,3.96,0.41,2.7,0.43,0.15,0.22,85.6,37.2,21.3,6.23,3.05,0.01,6.18,0.32,0.79,6.3,86,0.9,6.1,72,52,800,159,18,10.5,2.3,1.1,0.2,wheat_March,wheat,Yes,Yes
M22_16S_g03_F05,March,ROBVT,wheat,384,,M22_1863,Jointing,3/21/23,Catawba,bulk_OLD,oldest_healthy,sample,3,1,5,NA,NA,NA,NA,NA,17.26,34.511702,-79.307358,16.32,14.7,239,1,2,0,NA,3.72,0.29,2.89,0.27,0.12,0.23,51.7,37.5,22.7,3.91,3.49,0,4.85,0.32,1.18,4,64,1.4,5.4,136,72,366,65,11,11.4,3.6,0.6,0.1,wheat_March,wheat,Yes,Yes
M22_16S_g03_G03,March,WAKMP,wheat,B13,,M22_2389,Jointing,3/10/23,Catawba,bulk_OLD,oldest_healthy,sample,3,1,5,NA,NA,NA,NA,NA,24.7,35.732666,-78.701547,16.88,12.7,324,5,4,0,0,4.17,0.42,2.76,0.49,0.11,0.24,65.4,65.9,22.2,2.51,2.77,0.01,12.7,0.56,1.21,4.6,59,1.9,4.8,373,67,445,34,18,23.4,8.1,0.6,0,wheat_March,wheat,Yes,Yes
M22_16S_g04_A04,March,ROBVT,wheat,478,,M22_1867,Jointing,3/21/23,Shirley,bulk_OLD,oldest_healthy,sample,4,1,5,NA,NA,NA,NA,NA,13.8,34.51168,-79.307665,14.72,14.7,239,1,3,0,NA,4.31,0.38,2.84,0.29,0.12,0.2,56.5,72.5,28.1,5.83,3.17,0,5.44,0.46,1.2,4,66,1.4,5.5,164,48,388,65,16,14,2.5,0.7,0.1,wheat_March,wheat,Yes,Yes
M22_16S_g04_E02,March,WASVT,wheat,483,,M22_2624,Jointing,3/27/23,Catawba,bulk_OLD,oldest_healthy,sample,4,1,5,6.86,65,52.4,41.6,NA,20.18,35.849309,-76.657802,31.08,13.2,293,0,0,0,NA,4.03,0.27,2.17,0.27,0.15,0.18,61.8,34.2,18.6,7.15,4.19,0.01,13.8,3.1,0.96,10.3,76,2.4,5.7,64,58,1099,267,16,2.6,1,0.8,0.1,wheat_March,wheat,Yes,Yes
M22_16S_g04_G09,March,PERVT,wheat,317,,M22_1682,Jointing,3/28/23,Catawba,bulk_OLD,oldest_healthy,sample,4,1,5,12.72,90,58.8,75.4,10,27.92,36.179823,-76.359396,38.42,12.8,295,6,5,0,NA,3.74,0.38,1.95,0.22,0.13,0.18,68.9,31.4,20.9,4.67,3.15,0.01,4.78,0.36,0.84,6.1,80,1.2,5.7,88,72,686,150,15,10.5,2.7,1.3,0.1,wheat_March,wheat,Yes,Yes
M22_16S_g05_D02,March,PERVT,wheat,277,,M22_1680,Jointing,3/28/23,Catawba,bulk_OLD,oldest_healthy,sample,5,2,5,13.19,96,59.1,79.5,10.2,29.26,36.179966,-76.359101,36.16,12.8,295,5,4,0,NA,4.16,0.39,1.66,0.26,0.14,0.22,77.3,35.8,22.9,5.3,4.28,0.02,9.23,0.41,0.76,5.7,80,1.1,5.7,96,51,641,148,16,11.8,3.1,1.4,0.1,wheat_March,wheat,Yes,Yes
M22_16S_g05_H04,March,WASVT,wheat,318,,M22_2617,Jointing,3/27/23,Hilliard,bulk_OLD,oldest_healthy,sample,5,2,5,14.19,79,57.4,86.7,NA,24.9,35.849584,-76.657093,34.22,13.2,293,0,0,0,NA,4.06,0.32,2.75,0.28,0.15,0.19,66.4,73.7,21,7.81,3.37,0.01,9.34,3.67,0.9,11.2,75,2.8,5.5,104,103,1138,294,21,3.8,1.2,0.9,0.2,wheat_March,wheat,Yes,Yes
M22_16S_g05_H07,March,UNIVT,wheat,360,,M22_2228,Jointing,3/20/23,USG3640,bulk_OLD,oldest_healthy,sample,5,2,5,12.49,89,61.1,73.71600888,9.3,31.76,34.948183,-80.42476,20,13.1,313,1,4,0,3,3.31,0.27,2.09,0.52,0.09,0.23,64.8,44.5,11.2,3.88,5,0.01,5.44,0.56,0.87,10.6,88,1.2,6.3,178,82,1714,70,26,57.9,7.8,7.2,0.1,wheat_March,wheat,Yes,Yes
M22_16S_g06_B04,March,ROWVT,wheat,429,,M22_2043,Jointing,3/15/23,Hilliard,bulk_OLD,oldest_healthy,sample,6,2,5,12.99,94,56.6,76,NA,30.4,35.697219,-80.623181,17.38,11.7,390,0,5,0,2,4.84,0.46,1.83,0.63,0.23,0.33,66.5,138,23.6,8.4,3.42,0.01,3.88,0.32,0.89,7.8,70,2.3,5.5,332,66,708,213,30,369.6,10.5,3.8,0.1,wheat_March,wheat,Yes,Yes
M22_16S_g06_D03,March,ROWVT,wheat,456,,M22_2044,Jointing,3/15/23,Shirley,bulk_OLD,oldest_healthy,sample,6,2,5,14.15,86,52.3,82.8,NA,28.62,35.697332,-80.623274,15.24,11.7,390,0,4,0,0,5.05,0.53,2.94,0.63,0.2,0.4,75.3,216,27.8,9.21,3.44,0.01,5.1,0.22,0.92,8.4,77,1.9,5.8,305,69,846,252,32,246.9,9.4,3.7,0.1,wheat_March,wheat,Yes,Yes
M22_16S_g06_E08,March,UNIVT,wheat,213,,M22_2222,Jointing,3/20/23,Shirley,bulk_OLD,oldest_healthy,sample,6,2,5,15.64,79,58.9,93.14742825,8.3,31.78,34.948753,-80.424902,13.8,13.1,313,0,1,0,0,3.12,0.36,2.1,0.44,0.08,0.16,75.7,53.2,15.5,4.4,4.41,0.01,4.6,0.56,0.85,11.6,87,1.5,6.1,273,77,1843,92,25,45.3,12.7,9.2,0.1,wheat_March,wheat,Yes,Yes
M22_16S_g06_F05,March,WASVT,wheat,331,,M22_2619,Jointing,3/27/23,USG3640,bulk_OLD,oldest_healthy,sample,6,2,5,16.02,73,56.6,96.5,NA,23.52,35.849352,-76.657095,35.52,13.2,293,0,0,0,NA,3.84,0.3,2.54,0.3,0.16,0.2,65.7,45.4,19.4,7.94,3.66,0.01,10.3,3.01,0.95,11.2,77,2.6,5.6,78,95,1167,312,14,3.4,1.1,0.9,0.1,wheat_March,wheat,Yes,Yes
M22_16S_g06_F12,March,PERVT,wheat,562,,M22_1692,Jointing,3/28/23,USG3640,bulk_OLD,oldest_healthy,sample,6,2,5,9.85,88,56.8,60.5,NA,25.44,36.180561,-76.359796,38.76,12.8,295,6,6,0,1,3.59,0.28,2.17,0.56,0.22,0.24,64.7,41.9,18.5,5.08,3.52,0.01,7.89,0.32,0.81,7.4,82,1.4,5.6,57,54,952,139,242,8.4,2.5,1.2,0.1,wheat_March,wheat,Yes,Yes
M22_16S_g06_H08,March,UNIVT,wheat,201,,M22_2221,Jointing,3/20/23,Hilliard,bulk_OLD,oldest_healthy,sample,6,2,5,17.55,86,60,102.6374317,9,31.94,34.948831,-80.424662,17.6,13.1,313,0,2,0,0,3.7,0.36,2.5,0.59,0.1,0.21,68.6,47.1,13.9,4.23,5.5,0.01,7.54,0.6,0.8,13.6,90,1.3,6.3,317,87,2255,102,27,43.9,13.8,10,0.1,wheat_March,wheat,Yes,Yes
M22_16S_g06_H10,March,PERVT,wheat,374,,M22_1685,Jointing,3/28/23,Hilliard,bulk_OLD,oldest_healthy,sample,6,2,5,15.73,101,59,94.5,9.4,30.14,36.180019,-76.359592,31.34,12.8,295,1,4,0,NA,4.11,0.36,2.2,0.41,0.18,0.23,76.6,35.2,22.3,6.16,3.8,0.01,6.26,0.27,0.77,6.9,85,1,6,76,56,859,172,16,12.8,2.4,1.2,0.1,wheat_March,wheat,Yes,Yes
M22_16S_g07_A01,March,PERVT,wheat,570,,M22_1693,Jointing,3/28/23,Catawba,bulk_OLD,oldest_healthy,sample,7,2,5,11.43,93,59.2,68.9,NA,27.22,36.180583,-76.35992,40.84,12.8,295,4,4,0,NA,3.46,0.36,2.35,0.33,0.16,0.2,64.9,39.3,18.1,5.55,3.53,0.01,6.18,0.32,0.77,5.5,76,1.3,5.7,72,60,577,134,12,8.4,1.9,1.1,0.1,wheat_March,wheat,Yes,Yes
M22_16S_g07_E04,March,WASVT,wheat,251,,M22_2614,Jointing,3/27/23,Hilliard,bulk_OLD,oldest_healthy,sample,7,2,5,11.83,69,55.9,71.4,NA,20.18,35.849402,-76.656793,21,13.2,293,0,0,0,NA,4.18,0.22,3.16,0.31,0.15,0.2,73.9,63.3,23.9,8.82,3.6,0.01,32.3,3.87,0.93,10.6,72,2.9,5.3,65,87,1092,240,18,3.9,1.5,0.7,0.1,wheat_March,wheat,Yes,Yes
M22_16S_g07_F11,March,WAKMP,wheat,B02,,M22_2380,Jointing,3/10/23,Shirley,bulk_OLD,oldest_healthy,sample,7,2,5,NA,NA,NA,NA,NA,23.63,35.733491,-78.701557,9.74,12.7,324,3,3,0,0,2.87,0.51,2.77,0.41,0.07,0.19,203,63.9,32.7,7.9,2.85,0,46.4,0.41,1.18,7.9,79,1.6,5.4,655,98,1104,57,17,31.7,14.5,1.4,0.1,wheat_March,wheat,Yes,Yes
M22_16S_g08_A09,March,LENVT,wheat,581,,M22_1543,Jointing,3/14/23,Catawba,bulk_OLD,oldest_healthy,sample,8,2,5,4.24,66,55.9,25,NA,26.52,35.376599,-77.559831,10.6,13.4,268,6,6,2,NA,4.59,0.22,4.12,0.36,0.14,0.34,67.7,35.1,23.2,7.42,3.22,0.01,19.9,0.97,1,6.9,76,1.7,5.6,91,214,713,141,35,13.5,5.7,0.9,0.1,wheat_March,wheat,Yes,Yes
M22_16S_g08_B06,March,ROWVT,wheat,360,,M22_2040,Jointing,3/15/23,Hilliard,bulk_OLD,oldest_healthy,sample,8,2,5,14.35,90,56,83.7,NA,33.74,35.697066,-80.623263,17.96,11.7,390,0,2,0,1,4.67,0.48,1.87,0.72,0.26,0.34,71.3,148,22.5,8.03,3.58,0.01,3.27,0.32,0.94,7.8,76,1.9,5.8,238,62,803,217,28,363.7,10.5,4,0.1,wheat_March,wheat,Yes,Yes
M22_16S_g08_C11,March,PERVT,wheat,282,,M22_1681,Jointing,3/28/23,Shirley,bulk_OLD,oldest_healthy,sample,8,2,5,13.83,89,57.1,83.7,8.9,30.84,36.180025,-76.359025,25.9,12.8,295,2,4,0,NA,4.36,0.49,2.22,0.42,0.15,0.23,131,53,25.7,6.23,3.22,0.01,5.29,0.41,0.78,6.5,83,1.1,5.7,96,60,778,161,16,17.6,3.3,1.8,0.1,wheat_March,wheat,Yes,Yes
M22_16S_g08_C12,March,UNIVT,wheat,453,,M22_2230,Jointing,3/20/23,Catawba,bulk_OLD,oldest_healthy,sample,8,2,5,11.63,86,59,69.10882127,10.4,37.04,34.947981,-80.424569,18.2,13.1,313,0,4,0,0,3.89,0.36,1.99,0.47,0.1,0.21,71.6,45.4,16,4.31,6.19,0.01,12.2,0.46,0.84,12.8,89,1.4,6.1,253,71,2141,73,26,47.1,16.7,11.2,0.2,wheat_March,wheat,Yes,Yes
M22_16S_g08_G12,March,LENVT,wheat,555,,M22_1541,Jointing,3/14/23,USG3640,bulk_OLD,oldest_healthy,sample,8,2,5,7.96,58,59,47.2,NA,23.82,35.376687,-77.560219,34.2,13.4,268,3,6,0,NA,4.09,0.24,3.88,0.38,0.13,0.3,61.4,47.3,19.3,5.94,3.15,0.01,10.7,1.19,1.01,6.9,78,1.6,5.8,109,204,727,149,30,15.7,4.8,0.7,0.1,wheat_March,wheat,Yes,Yes
M22_16S_g09_D06,March,ROWVT,wheat,506,,M22_2046,Jointing,3/15/23,Catawba,bulk_OLD,oldest_healthy,sample,9,3,5,8.66,93,56.3,50.6,NA,32.24,35.697332,-80.622931,20.66,11.7,390,0,5,0,0,5,0.48,2.04,0.64,0.29,0.33,74.2,143,22,8.47,4.11,0.01,9.67,0.41,0.84,9.4,80,1.9,5.9,293,72,995,284,33,350.4,12.2,4.2,0.2,wheat_March,wheat,Yes,Yes
M22_16S_g09_D08,March,UNIVT,wheat,331,,M22_2226,Jointing,3/20/23,Shirley,bulk_OLD,oldest_healthy,sample,9,3,5,16.72,81,58.2,99.01827551,8.6,39.34,34.948415,-80.424576,13.8,13.1,313,0,1,0,0,3.38,0.34,1.85,0.41,0.07,0.17,75.3,49,15.3,4.68,4.96,0.02,2.59,0.56,0.85,11.7,89,1.3,6.2,289,73,1907,86,26,49.9,13.1,9.5,0.1,wheat_March,wheat,Yes,Yes
M22_16S_g09_H02,March,UNIVT,wheat,455,,M22_2231,Jointing,3/20/23,Shirley,bulk_OLD,oldest_healthy,sample,9,3,5,17.33,84,59.6,102.5144229,9.2,37.34,34.947966,-80.424609,12.4,13.1,313,0,3,0,0,3.91,0.34,2.3,0.57,0.09,0.21,83.1,74,17.9,6.14,4.66,0.01,8.76,0.41,0.8,12.4,91,1.1,6.4,199,64,2051,106,25,52.5,13.5,9.4,0.1,wheat_March,wheat,Yes,Yes
M22_16S_g09_H07,March,ROBVT,wheat,314,,M22_1860,Jointing,3/21/23,Shirley,bulk_OLD,oldest_healthy,sample,9,3,5,NA,NA,NA,NA,NA,14.38,34.511908,-79.306925,13.68,14.7,239,1,1,0,NA,3.91,0.28,2.49,0.29,0.13,0.18,43.3,17.4,21.3,4.36,3.38,0,5.02,0.27,1.17,5.3,95,0.2,6.9,110,44,717,162,13,13.3,5.7,0.5,0.1,wheat_March,wheat,Yes,Yes
M22_16S_g10_C03,March,ROBVT,wheat,422,,M22_1865,Jointing,3/21/23,Catawba,bulk_OLD,oldest_healthy,sample,10,3,5,NA,NA,NA,NA,NA,19.64,34.511903,-79.307422,13.54,14.7,239,3,4,1,NA,4.24,0.31,2.51,0.27,0.12,0.21,48.8,55.3,24.8,4.79,3.47,0.01,9.44,0.22,1.28,3,53,1.4,5.1,125,51,232,36,11,7.1,2.6,0.4,0.1,wheat_March,wheat,Yes,Yes
M22_16S_g10_D06,March,UNIVT,wheat,554,,M22_2235,Jointing,3/20/23,Shirley,bulk_OLD,oldest_healthy,sample,10,3,5,16.51,89,59.3,97.88548051,NA,38.38,34.947655,-80.424479,13.6,13.1,313,0,2,0,0,3.67,0.32,2.03,0.4,0.08,0.22,84.9,66.7,15.4,5.42,5.44,0.01,7.63,0.46,0.8,11.7,91,1,6.5,172,69,1966,86,30,83.5,9.2,9,0.1,wheat_March,wheat,Yes,Yes
M22_16S_g10_F04,March,UNIVT,wheat,510,,M22_2233,Jointing,3/20/23,Hilliard,bulk_OLD,oldest_healthy,sample,10,3,5,17.38,94,60.4,102.5768002,NA,37.54,34.947817,-80.424514,16.4,13.1,313,0,2,0,0,3.62,0.35,1.92,0.63,0.11,0.21,78.4,60.1,15,6.12,5.22,0.01,10.7,0.36,0.81,13.1,92,1,6.5,239,56,2260,83,27,74.4,13.4,10.8,0.2,wheat_March,wheat,Yes,Yes
M22_16S_g10_G01,March,ROWVT,wheat,370,,M22_2041,Jointing,3/15/23,Catawba,bulk_OLD,oldest_healthy,sample,10,3,0.57,9.01,98,56.6,52.5,NA,30.28,35.697019,-80.623048,20.92,11.7,390,1,1,0,0,4.89,0.48,1.72,0.62,0.25,0.26,67.6,97.3,19.7,6.69,3.69,0.01,4.7,0.27,0.87,8.9,76,2.1,5.6,308,57,892,269,30,200.4,9,3.6,0.1,wheat_March,wheat,Yes,Yes
M22_16S_g10_G10,March,WASVT,wheat,275,,M22_2616,Jointing,3/27/23,Shirley,bulk_OLD,oldest_healthy,sample,10,3,5,11.06,62,53.8,66.8,NA,18.68,35.84935,-76.656894,19.1,13.2,293,0,2,8,NA,4.62,0.28,3.22,0.31,0.16,0.22,82.5,67.8,27.5,9.3,3.72,0.01,15.4,3.67,0.89,11,76,2.6,5.5,70,88,1139,294,26,3.9,1.1,0.8,0.3,wheat_March,wheat,Yes,Yes
M22_16S_g10_H08,March,PERVT,wheat,434,,M22_1686,Jointing,3/28/23,Hilliard,bulk_OLD,oldest_healthy,sample,10,3,5,14.7,96,58.2,87.5,9,28.84,36.180107,-76.359772,34.54,12.8,295,1,5,0,NA,3.43,0.41,3,0.39,0.16,0.2,82.3,63.9,22,5.89,3.27,0.01,7.23,0.32,0.75,5.7,80,1.1,5.7,81,83,652,141,17,11.2,2.5,1.2,0.2,wheat_March,wheat,Yes,Yes
M22_16S_g10_H09,March,ROBVT,wheat,567,,M22_1871,Jointing,3/21/23,USG3640,bulk_OLD,oldest_healthy,sample,10,3,5,NA,NA,NA,NA,NA,17.34,34.511876,-79.308029,22.8,14.7,239,1,5,0,NA,3.23,0.29,2.77,0.4,0.13,0.18,49.9,72.9,19.2,4.6,3.42,0.01,14.6,1.14,1.11,5.7,61,2.2,5.2,328,78,539,72,18,19.8,5.2,1.3,0.1,wheat_March,wheat,Yes,Yes
M22_16S_g11_D08,March,LENVT,wheat,566,,M22_1542,Jointing,3/14/23,Hilliard,bulk_OLD,oldest_healthy,sample,11,3,5,7.35,55,58.7,43.7,NA,22.86,35.376646,-77.559983,14.2,13.4,268,2,5,0,NA,4.23,0.16,4.11,0.34,0.12,0.25,59.3,18.2,19.7,6.63,2.97,0.01,6.73,0.97,0.91,7.4,86,1,6.1,84,233,898,156,34,17.1,8.4,0.9,0.1,wheat_March,wheat,Yes,Yes
M22_16S_g11_G02,March,ROWVT,wheat,257,,M22_2037,Jointing,3/15/23,Shirley,bulk_OLD,oldest_healthy,sample,11,3,5,18.16,89,55.7,106.8,NA,35.7,35.696811,-80.623269,14.62,11.7,390,1,2,0,0,5.05,0.53,2.47,0.67,0.22,0.42,88.7,142,29.3,10.4,3.52,0.01,11.7,0.32,0.83,8,81,1.5,6,200,56,861,247,32,247.8,9.2,4.4,0.1,wheat_March,wheat,Yes,Yes
M22_16S_g11_H03,March,UNIVT,wheat,309,,M22_2225,Jointing,3/20/23,Hilliard,bulk_OLD,oldest_healthy,sample,11,3,5,16.39,89,59.6,96.7338179,8.6,33.68,34.94846,-80.424713,16.6,13.1,313,0,1,0,0,3.55,0.34,2.25,0.7,0.11,0.21,77.7,65.3,17.8,4.8,5.22,0.01,8.06,0.6,0.87,10.9,89,1.2,6.3,207,62,1781,90,23,49.5,9.1,8.8,0.1,wheat_March,wheat,Yes,Yes
M22_16S_g11_H07,March,PERVT,wheat,456,,M22_1689,Jointing,3/28/23,Catawba,bulk_OLD,oldest_healthy,sample,11,3,5,12.46,94,60.5,75.6,10.6,27.12,36.180408,-76.35956,40.08,12.8,295,4,4,0,NA,4.17,0.32,1.86,0.25,0.15,0.22,63,25.7,21.7,5.59,3.36,0.02,4.57,0.32,0.81,5.8,77,1.3,5.6,45,49,645,141,15,7.2,2.6,1.4,0.2,wheat_March,wheat,Yes,Yes
M22_16S_g12_A10,March,LENVT,wheat,365,,M22_1526,Jointing,3/14/23,USG3640,bulk_OLD,oldest_healthy,sample,12,3,5,5.58,63,59.2,33.2,NA,17.9,35.377259,-77.560297,20.2,13.4,268,2,3,0,NA,4.02,0.14,3.81,0.33,0.13,0.28,57.8,37.5,22.9,6.63,3.23,0.01,13.9,0.46,1.15,3.9,59,1.6,5,48,133,305,56,26,18.6,3.8,0.5,0.1,wheat_March,wheat,Yes,Yes
M22_16S_g13_A03,March,ROBVT,wheat,452,,M22_1866,Jointing,3/21/23,USG3640,bulk_OLD,oldest_healthy,sample,13,4,5,NA,NA,NA,NA,NA,17.44,34.511935,-79.307527,24.44,14.7,239,2,3,0,NA,3.04,0.23,2.64,0.29,0.12,0.2,45.7,44,15.7,3.53,3.32,0,6.35,0.32,1.26,3.4,61,1.3,5.4,117,62,299,52,14,8.5,2.8,0.4,0.1,wheat_March,wheat,Yes,Yes
M22_16S_g13_C05,March,ROWVT,wheat,562,,M22_2047,Jointing,3/15/23,Shirley,bulk_OLD,oldest_healthy,sample,13,4,5,17.03,89,56.8,99.8,NA,25,35.697562,-80.622822,12.1,11.7,390,0,4,0,0,4.89,0.53,1.8,0.77,0.25,0.38,82.5,194,22.7,9.28,3.45,0.01,9.22,0.32,0.83,9.1,82,1.6,6,250,83,946,303,36,307.1,8.8,4.6,0.1,wheat_March,wheat,Yes,Yes
M22_16S_g14_C06,March,LENVT,wheat,529,,M22_1540,Jointing,3/14/23,Shirley,bulk_OLD,oldest_healthy,sample,14,4,5,5.45,54,50.9,32.1,NA,22.86,35.376828,-77.55993,8.4,13.4,268,4,7,8,NA,4.55,0.17,3.76,0.31,0.13,0.31,67.6,61.1,38,8.12,3.29,0.01,10.2,0.46,1.06,4.2,70,1.2,5.5,72,119,405,73,25,16,5.5,0.8,0.1,wheat_March,wheat,Yes,Yes
M22_16S_g14_F01,March,ROWVT,wheat,205,,M22_2034,Jointing,3/15/23,USG3640,bulk_OLD,oldest_healthy,sample,14,4,0.61,6.24,94,46.6,33.4,NA,38.06,35.696667,-80.623368,28.36,11.7,390,1,5,0,3,4.31,0.49,2.52,0.82,0.28,0.35,66.7,113,22.6,9.65,3.61,0.01,6.71,0.36,0.8,7.8,83,1.3,6,222,53,870,245,26,177.9,9.1,4.2,0.1,wheat_March,wheat,Yes,Yes
M22_16S_g14_F12,March,WAKMP,wheat,B15,,M22_2391,Jointing,3/10/23,USG3540,bulk_OLD,oldest_healthy,sample,14,4,5,NA,NA,NA,NA,NA,22.32,35.732941,-78.701558,30.72,12.7,324,6,4,0,3,4.55,0.52,3.12,0.57,0.13,0.3,71.8,47.4,25.6,3.73,3.51,0.01,10.8,0.41,1.19,6,66,2,4.9,538,83,673,42,19,29.4,12.4,0.9,0.1,wheat_March,wheat,Yes,Yes
M22_16S_g15_G03,March,PERVT,wheat,530,,M22_1690,Jointing,3/28/23,Shirley,bulk_OLD,oldest_healthy,sample,15,4,5,11.22,90,58.3,67.5,NA,25.88,36.180367,-76.359891,25.7,12.8,295,2,3,0,NA,4.33,0.41,2.72,0.36,0.14,0.25,85.6,58.7,26.5,7.53,3.29,0.01,4.79,0.32,0.76,6.1,80,1.2,5.9,98,74,677,156,15,8.8,2.4,1.1,0.1,wheat_March,wheat,Yes,Yes
M22_16S_g16_A07,March,WAKMP,wheat,B06,,M22_2383,Jointing,3/10/23,Hilliard,bulk_OLD,oldest_healthy,sample,16,4,5,NA,NA,NA,NA,NA,25.14,35.732944,-78.701535,14.74,12.7,324,3,5,0,0,3.82,0.43,2.63,0.5,0.1,0.23,63.9,64.3,25.1,4.4,2.68,0.01,11.3,0.76,1.19,6.8,72,1.9,5.1,570,86,868,48,17,32.3,13.7,1.1,0.1,wheat_March,wheat,Yes,Yes
M22_16S_g16_D01,March,WAKMP,wheat,B05,,M22_2382,Jointing,3/10/23,USG3640,bulk_OLD,oldest_healthy,sample,16,4,4.96,NA,NA,NA,NA,NA,24.22,35.73308,-78.701541,31.28,12.7,324,7,7,0,3,3.74,0.65,3.63,0.78,0.11,0.3,97,44.2,22.6,5.37,3.33,0.01,15,0.36,0.99,8.4,79,1.8,5.3,668,76,1189,63,17,32,16.6,1.3,0.1,wheat_March,wheat,Yes,Yes
M22_16S_g16_D08,March,UNIVT,wheat,430,,M22_2229,Jointing,3/20/23,Hilliard,bulk_OLD,oldest_healthy,sample,16,4,5,17.46,102,59.1,102.8144917,8.8,36.14,34.948124,-80.424406,17,13.1,313,0,3,0,0,3.86,0.39,2.17,0.66,0.1,0.21,95.4,73,18.8,5.82,5.48,0.01,32.6,0.56,0.83,11.4,88,1.3,6.1,246,64,1863,78,23,66.7,12.3,8.5,0.1,wheat_March,wheat,Yes,Yes
M22_16S_g16_F07,March,UNIVT,wheat,224,,M22_2223,Jointing,3/20/23,USG3640,bulk_OLD,oldest_healthy,sample,16,4,5,10.16,84,61.3,60.23721877,11,37.82,34.948662,-80.424906,32.6,13.1,313,5,5,0,3,3.37,0.35,2.2,0.49,0.11,0.23,64.7,42.7,15.1,4.15,5.61,0.04,5.23,0.56,0.78,11.8,90,1.2,6.3,220,69,1927,97,21,35.6,12.4,7.9,0.1,wheat_March,wheat,Yes,Yes
M22_16S_g16_H09,March,WAKMP,wheat,B14,,M22_2390,Jointing,3/10/23,Hilliard,bulk_OLD,oldest_healthy,sample,16,4,5,NA,NA,NA,NA,NA,25.16,35.732807,-78.701551,17.66,12.7,324,3,5,0,0,3.47,0.43,2.35,0.56,0.11,0.21,64.1,74.6,23.7,3.27,2.69,0,9.63,0.56,1.18,5.4,64,2,4.9,487,61,611,33,17,28.9,10.6,0.8,0,wheat_March,wheat,Yes,Yes
M22_16S_g17_C03,March,WASVT,wheat,340,,M22_2620,Jointing,3/27/23,Catawba,bulk_OLD,oldest_healthy,sample,17,5,5,9.4,72,51.9,57.5,NA,19.84,35.849247,-76.657195,33.56,13.2,293,0,0,0,NA,4.55,0.28,2.34,0.28,0.17,0.24,70,67.2,20.4,7.06,4.44,0.01,20.4,3.01,0.96,11.8,75,3,5.5,91,73,1203,321,14,3.3,1.5,0.8,0.1,wheat_March,wheat,Yes,Yes
M22_16S_g18_B06,March,ROBVT,wheat,217,,M22_1856,Jointing,3/21/23,Catawba,bulk_OLD,oldest_healthy,sample,18,5,5,NA,NA,NA,NA,NA,15.16,34.511888,-79.306529,19.48,14.7,239,3,3,1,NA,3.46,0.27,2.58,0.29,0.15,0.21,49.7,20.2,15.5,4.12,4.14,0,10.8,0.32,1.18,5.9,90,0.6,6.5,111,56,774,159,10,12.1,5.6,0.6,0.1,wheat_March,wheat,Yes,Yes
M22_16S_g18_C09,March,WASVT,wheat,260,,M22_2615,Jointing,3/27/23,USG3640,bulk_OLD,oldest_healthy,sample,18,5,5,13.07,77,57.2,80,NA,18.44,35.849562,-76.656788,33.68,13.2,293,0,2,0,NA,3.8,0.31,2.88,0.29,0.15,0.2,64.5,39.6,20.3,7.81,3.23,0.01,11.2,3.87,0.92,11.6,78,2.6,5.6,88,136,1209,316,21,3.6,1.2,0.8,0.2,wheat_March,wheat,Yes,Yes
M22_16S_g18_E02,March,WASVT,wheat,423,,M22_2621,Jointing,3/27/23,Shirley,bulk_OLD,oldest_healthy,sample,18,5,5,12.43,64,55.5,76.3,NA,21.9,35.849465,-76.6575,19.64,13.2,293,0,0,0,NA,4.51,0.29,1.99,0.33,0.17,0.2,74.2,48.4,23.7,9.58,3.54,0.01,12.1,2.6,0.96,10.8,76,2.6,5.6,79,47,1147,281,16,3.3,1.2,1.1,0.1,wheat_March,wheat,Yes,Yes
M22_16S_g18_G01,March,UNIVT,wheat,236,,M22_2224,Jointing,3/20/23,Catawba,bulk_OLD,oldest_healthy,sample,18,5,5,12.6,74,58,75.46505618,9.5,28.52,34.948747,-80.424663,21.6,13.1,313,1,2,0,0,3.5,0.36,2.38,0.47,0.1,0.2,59.5,45.5,15.1,3.59,5.27,0.01,12,0.66,0.78,13.1,87,1.8,6,334,88,2059,104,29,41.7,16.3,10.5,0.2,wheat_March,wheat,Yes,Yes
M22_16S_g18_G07,March,ROBVT,wheat,510,,M22_1869,Jointing,3/21/23,Catawba,bulk_OLD,oldest_healthy,sample,18,5,5,NA,NA,NA,NA,NA,19.52,34.511989,-79.307717,20.76,14.7,239,1,4,1,NA,4.14,0.31,2.92,0.33,0.16,0.25,62.1,28.6,20.8,5.1,3.93,0.01,3.18,0.36,1.1,6.1,85,0.9,6.3,117,56,785,140,14,14,7.8,0.7,0.1,wheat_March,wheat,Yes,Yes
M22_16S_g19_A05,March,PERVT,wheat,553,,M22_1691,Jointing,3/28/23,Hilliard,bulk_OLD,oldest_healthy,sample,19,5,5,14.67,93,58.5,88.2,NA,27.58,36.180444,-76.359931,29.94,12.8,295,2,5,0,NA,4.09,0.27,2.27,0.47,0.17,0.24,69.6,51.3,24.8,6.23,2.84,0.01,8.8,0.36,0.81,4.8,67,1.6,5.3,60,52,453,99,14,7.7,1.9,1,0.1,wheat_March,wheat,Yes,Yes
M22_16S_g19_F03,March,LENVT,wheat,483,,M22_1539,Jointing,3/14/23,USG3640,bulk_OLD,oldest_healthy,sample,19,5,5,5.94,60,58.6,35.6,NA,21.22,35.376918,-77.559935,20,13.4,268,2,6,0,NA,3.77,0.12,3.19,0.27,0.1,0.27,49.1,52.5,24.1,5.79,3.04,0.01,11.2,0.41,1.15,3.6,62,1.4,5.2,57,111,299,53,22,12.9,3.9,0.7,0.1,wheat_March,wheat,Yes,Yes
M22_16S_g20_B01,March,ROWVT,wheat,482,,M22_2045,Jointing,3/15/23,USG3640,bulk_OLD,oldest_healthy,sample,20,5,5,7.45,88,52.8,42.6,NA,31,35.697383,-80.623142,21.08,11.7,390,0,4,0,2,4.66,0.39,2.84,0.7,0.24,0.38,70.9,140,22.2,8.22,3.86,0.01,7.82,0.32,0.87,7.3,70,2.2,5.5,290,78,673,189,28,314.2,9.6,3.6,0.1,wheat_March,wheat,Yes,Yes
M22_16S_g20_B06,March,WASVT,wheat,319,,M22_2618,Jointing,3/27/23,Shirley,bulk_OLD,oldest_healthy,sample,20,5,5,11.79,72,55.4,71.7,NA,20.98,35.849565,-76.657088,22.12,13.2,293,0,1,0,NA,4.43,0.41,3.2,0.26,0.14,0.21,79.5,62.2,24.7,8.93,3.7,0.01,9.44,3.37,0.83,11.2,78,2.5,5.6,107,106,1163,322,19,3.2,1,0.8,0.2,wheat_March,wheat,Yes,Yes
M22_16S_g20_G02,March,WASVT,wheat,546,,M22_2626,Jointing,3/27/23,Catawba,bulk_OLD,oldest_healthy,sample,20,5,5,10.32,73,55.3,62.6,NA,21.34,35.849437,-76.65801,30.48,13.2,293,0,0,0,NA,3.88,0.31,2.29,0.24,0.14,0.18,60.6,31.7,17.5,6.71,4.14,0.01,13.3,3.19,0.9,11.1,81,2.1,5.8,74,61,1211,336,16,2.4,1.1,0.9,0.2,wheat_March,wheat,Yes,Yes
M22_16S_g20_H05,March,PERVT,wheat,318,,M22_1683,Jointing,3/28/23,USG3640,bulk_OLD,oldest_healthy,sample,20,5,5,9.8,90,55.2,59.3,10.3,27.84,36.179812,-76.359413,38.6,12.8,295,5,5,0,3,4.15,0.3,1.53,0.45,0.19,0.22,74.4,33.6,21.4,6.89,3.19,0.01,5.73,0.32,0.76,6.1,80,1.2,5.6,63,65,695,158,15,9.7,2.7,1.5,0.1,wheat_March,wheat,Yes,Yes
M22_16S_g21_C04,March,WAKMP,wheat,B08,,M22_2385,Jointing,3/10/23,Shirley,bulk_OLD,oldest_healthy,sample,21,6,5,NA,NA,NA,NA,NA,20.62,35.732671,-78.701523,9.8,12.7,324,3,4,0,0,3.64,0.42,2.53,0.58,0.11,0.24,64.5,86.1,26.2,3.62,2.71,0,9.8,0.51,1.18,4.6,59,1.9,4.8,401,68,467,31,18,25.9,8.4,0.7,0.1,wheat_March,wheat,Yes,Yes
M22_16S_g21_D06,March,ROBVT,wheat,407,,M22_1864,Jointing,3/21/23,Hilliard,bulk_OLD,oldest_healthy,sample,21,6,5,NA,NA,NA,NA,NA,17.36,34.511862,-79.307337,16.4,14.7,239,1,3,0,NA,4,0.26,3.09,0.34,0.14,0.23,56.3,26.3,21.3,5.68,2.98,0,6.67,0.22,1.18,4.4,83,0.8,6.4,94,46,528,106,9,11.9,4.9,0.5,0,wheat_March,wheat,Yes,Yes
M22_16S_g22_B02,March,WAKMP,wheat,B03,,M22_2381,Jointing,3/10/23,Catawba,bulk_OLD,oldest_healthy,sample,22,6,5,NA,NA,NA,NA,NA,25.8,35.733357,-78.701549,16.6,12.7,324,4,4,0,0,3.53,0.53,3.36,0.38,0.09,0.22,100,54.6,21.2,4.18,2.92,0.01,11.7,0.36,1.19,7.9,78,1.7,5.3,632,95,1085,60,18,34,14.6,1.5,0.1,wheat_March,wheat,Yes,Yes
M22_16S_g22_E09,March,ROWVT,wheat,359,,M22_2039,Jointing,3/15/23,Shirley,bulk_OLD,oldest_healthy,sample,22,6,5,15.74,91,53,92.3,NA,30.48,35.697076,-80.623279,14.26,11.7,390,0,2,0,0,4.96,0.45,1.21,0.73,0.25,0.35,76.5,167,24.7,8.97,3.41,0.01,7.38,0.32,0.89,7.1,74,1.9,5.7,274,42,686,210,31,306.7,12.7,3.7,0.1,wheat_March,wheat,Yes,Yes
M22_16S_g22_F05,March,LENVT,wheat,272,,M22_1523,Jointing,3/14/23,Hilliard,bulk_OLD,oldest_healthy,sample,22,6,5,7.25,62,59.3,43.1,NA,19.82,35.3776,-77.560296,13.1,13.4,268,2,4,2,NA,3.99,0.12,4,0.33,0.12,0.24,56.1,25,17.9,6.44,2.97,0.01,7.47,0.56,1.14,5.3,75,1.3,5.6,54,130,565,94,29,18.6,4.4,0.6,0.1,wheat_March,wheat,Yes,Yes
M22_16S_g22_H05,March,WAKMP,wheat,B09,,M22_2386,Jointing,3/10/23,Hilliard,bulk_OLD,oldest_healthy,sample,22,6,5,NA,NA,NA,NA,NA,23.1,35.732532,-78.701518,15.56,12.7,324,2,5,0,0,3.86,0.4,3.31,0.43,0.1,0.25,65.1,65.1,27.4,2.93,2.91,0,12.8,0.56,1.16,4.6,55,2.1,4.7,355,86,388,44,17,23.6,7.9,0.7,0.1,wheat_March,wheat,Yes,Yes
M22_16S_g23_D11,March,WASVT,wheat,535,,M22_2625,Jointing,3/27/23,USG3640,bulk_OLD,oldest_healthy,sample,23,6,5,13.58,85,55.2,81.4,NA,19.94,35.849241,-76.658006,36.14,13.2,293,0,0,0,NA,3.7,0.24,2.25,0.35,0.17,0.19,61,38.8,20.6,8.55,4.11,0.01,15,3.01,0.86,9.4,76,2.2,5.4,69,63,1005,246,20,2.8,1.5,0.8,0.2,wheat_March,wheat,Yes,Yes
M22_16S_g23_F07,March,LENVT,wheat,471,,M22_1538,Jointing,3/14/23,Hilliard,bulk_OLD,oldest_healthy,sample,23,6,5,5.68,51,59.2,33.9,NA,20.24,35.376978,-77.560024,9.4,13.4,268,2,4,0,NA,3.99,0.12,3.58,0.29,0.1,0.28,55.9,67.4,35.8,7.49,2.74,0,12.5,0.36,1.17,3.3,51,1.6,4.8,42,114,219,33,23,13.7,4.6,0.6,0.1,wheat_March,wheat,Yes,Yes
M22_16S_g23_F12,March,ROBVT,wheat,373,,M22_1862,Jointing,3/21/23,Hilliard,bulk_OLD,oldest_healthy,sample,23,6,5,NA,NA,NA,NA,NA,14.64,34.511761,-79.307246,17.2,14.7,239,1,3,0,NA,3.58,0.26,2.9,0.28,0.12,0.2,53.5,27.7,19.7,4.53,2.83,0,5.82,0.32,1.2,3.5,72,1,5.6,104,39,378,65,10,11.7,4.2,0.5,0.1,wheat_March,wheat,Yes,Yes
M22_16S_g23_G10,March,PERVT,wheat,445,,M22_1688,Jointing,3/28/23,USG3640,bulk_OLD,oldest_healthy,sample,23,6,5,11.54,92,59.2,69.9,NA,27.72,36.180252,-76.359609,43.5,12.8,295,4,8,0,1,3.57,0.36,2.37,0.41,0.19,0.21,71.1,28.7,17.6,6.06,3.16,0.02,7.31,0.32,0.74,6.3,89,0.7,6.4,58,68,801,176,16,10.5,2.4,1.3,0.2,wheat_March,wheat,Yes,Yes
M22_16S_g23_H12,March,ROWVT,wheat,333,,M22_2038,Jointing,3/15/23,USG3640,bulk_OLD,oldest_healthy,sample,23,6,5,9.44,88,49.5,51.3,NA,27.64,35.69701,-80.623374,20.2,11.7,390,1,4,0,2,4.92,0.36,1.95,0.86,0.3,0.35,72.6,132,20.2,8.5,3.99,0.02,11.7,0.32,0.88,7.9,78,1.8,5.8,221,68,826,227,33,377.2,9.7,4.1,0.1,wheat_March,wheat,Yes,Yes
M22_16S_g24_B12,March,WASVT,wheat,228,,M22_2613,Jointing,3/27/23,Catawba,bulk_OLD,oldest_healthy,sample,24,6,5,6.26,70,53.4,38.2,NA,18.94,35.849434,-76.656682,26.14,13.2,293,0,0,0,NA,3.92,0.23,2.4,0.25,0.15,0.21,66.9,43.7,19.7,7.74,3.92,0.01,24.9,3.98,0.87,10.3,72,2.9,5.3,63,75,1051,246,19,3.9,1.5,0.8,0.1,wheat_March,wheat,Yes,Yes
M22_16S_g24_G09,March,LENVT,wheat,420,,M22_1537,Jointing,3/14/23,Shirley,bulk_OLD,oldest_healthy,sample,24,6,5,6.96,52,55.7,41.3,NA,20.88,35.377099,-77.560266,6.6,13.4,268,3,7,2,NA,4.99,0.16,3.73,0.29,0.13,0.38,73.7,92.6,42.5,9.27,3.28,0.01,26.4,0.41,1.14,3.5,54,1.6,4.9,49,127,250,39,27,19.1,3.7,0.6,0.1,wheat_March,wheat,Yes,Yes
M22_16S_g24_H03,March,PERVT,wheat,225,,M22_1679,Jointing,3/28/23,USG3640,bulk_OLD,oldest_healthy,sample,24,6,5,9.13,88,56.9,55.6,10,30.08,36.179798,-76.359011,38.34,12.8,295,3,7,0,1,3.5,0.35,1.91,0.36,0.16,0.19,71.8,24.1,19.4,6.82,2.92,0.01,7.79,0.36,0.78,6.7,89,0.7,6.4,52,63,866,179,15,11.3,3.1,1.4,0.1,wheat_March,wheat,Yes,Yes
M22_16S_g25_C05,March,ROBVT,wheat,360,,M22_1861,Jointing,3/21/23,USG3640,bulk_OLD,oldest_healthy,sample,25,7,5,NA,NA,NA,NA,NA,17,34.511645,-79.307161,20.54,14.7,239,3,5,0,NA,3.25,0.21,2.78,0.36,0.13,0.24,49.3,33.5,16.6,4.33,3.19,0,7.73,0.41,1.23,3.6,70,1.1,5.6,138,45,375,64,12,10.9,2.7,0.5,0.1,wheat_March,wheat,Yes,Yes
M22_16S_g25_C12,March,WAKMP,wheat,B12,,M22_2388,Jointing,3/10/23,Shirley,bulk_OLD,oldest_healthy,sample,25,7,5,NA,NA,NA,NA,NA,23.88,35.732535,-78.701539,12.2,12.7,324,4,4,0,0,4.24,0.42,3.3,0.34,0.09,0.26,78,56.4,29.4,3.44,2.6,0,8.08,0.6,1.09,4.7,59,1.9,5,319,90,431,50,17,22.6,9.4,0.7,0,wheat_March,wheat,Yes,Yes
M22_16S_g25_D07,March,WASVT,wheat,461,,M22_2622,Jointing,3/27/23,Hilliard,bulk_OLD,oldest_healthy,sample,25,7,5,15.02,77,56.2,92.1,NA,22.6,35.849539,-76.657698,32.54,13.2,293,0,0,0,NA,4.03,0.31,1.93,0.41,0.21,0.2,64.5,41.7,17.5,8.98,4,0.01,9.16,2.44,0.96,11.4,81,2.1,5.9,93,55,1235,360,18,2.9,0.9,0.9,0.2,wheat_March,wheat,Yes,Yes
M22_16S_g25_E04,March,WASVT,wheat,477,,M22_2623,Jointing,3/27/23,USG3640,bulk_OLD,oldest_healthy,sample,25,7,5,14,83,53.4,84.9,NA,20.36,35.849255,-76.657706,35.98,13.2,293,0,0,0,NA,3.41,0.2,1.76,0.38,0.2,0.18,58.1,34.2,18.1,7.98,4.41,0.01,11.9,2.68,0.93,10.4,77,2.4,5.7,60,50,1109,280,19,2.9,1.3,0.8,0.2,wheat_March,wheat,Yes,Yes
M22_16S_g26_A10,March,WASVT,wheat,558,,M22_2628,Jointing,3/27/23,Hilliard,bulk_OLD,oldest_healthy,sample,26,7,5,12.96,67,56.2,79.5,NA,22.84,35.849563,-76.65811,28.02,13.2,293,0,1,0,NA,4.26,0.28,2.55,0.34,0.19,0.22,67.5,43,18.3,7.7,3.82,0.01,7.61,2.84,0.97,11.5,81,2.2,5.8,107,68,1226,363,16,2,1,0.9,0.1,wheat_March,wheat,Yes,Yes
M22_16S_g26_C02,March,PERVT,wheat,219,,M22_1678,Jointing,3/28/23,Hilliard,bulk_OLD,oldest_healthy,sample,26,7,5,14.95,97,58.6,89.5,8.9,29.86,36.179719,-76.359099,28.86,12.8,295,1,6,0,NA,3.87,0.32,2.34,0.35,0.15,0.19,68.6,28.6,20.7,6.75,2.9,0.01,6,0.36,0.88,5.9,84,1,6,61,55,710,151,13,9.6,2.9,1.4,0.1,wheat_March,wheat,Yes,Yes
M22_16S_g26_H12,March,ROBVT,wheat,502,,M22_1868,Jointing,3/21/23,Shirley,bulk_OLD,oldest_healthy,sample,26,7,5,NA,NA,NA,NA,NA,19.62,34.511846,-79.307734,11.16,14.7,239,2,4,0,NA,4.47,0.37,3.26,0.28,0.12,0.23,58.9,57.4,31.4,6.72,3.31,0,5.9,0.56,1.17,4.1,53,1.9,5,160,55,317,51,15,11,3.9,0.7,0.1,wheat_March,wheat,Yes,Yes
M22_16S_g27_A04,March,PERVT,wheat,332,,M22_1684,Jointing,3/28/23,Shirley,bulk_OLD,oldest_healthy,sample,27,7,5,12.31,84,58.2,74,9.5,27.74,36.179869,-76.359202,24.32,12.8,295,1,3,0,NA,4.68,0.39,2.29,0.45,0.16,0.26,86.9,51.9,28.7,7.9,3.56,0.01,7.22,0.27,0.87,5.5,78,1.2,5.7,78,54,613,138,15,10.5,3,1.2,0.1,wheat_March,wheat,Yes,Yes
M22_16S_g27_A09,March,UNIVT,wheat,465,,M22_2232,Jointing,3/20/23,USG3640,bulk_OLD,oldest_healthy,sample,27,7,5,10.58,81,61.5,62.23006779,9.7,36.2,34.947925,-80.424471,20.2,13.1,313,1,5,0,1,3.21,0.28,1.97,0.68,0.11,0.22,73,48.3,11.9,4.36,5.39,0.01,14.3,0.36,0.79,13.4,92,1,6.4,236,64,2296,89,26,70.2,14.2,10,0.2,wheat_March,wheat,Yes,Yes
M22_16S_g27_C02,March,ROBVT,wheat,284,,M22_1859,Jointing,3/21/23,Shirley,bulk_OLD,oldest_healthy,sample,27,7,5,NA,NA,NA,NA,NA,17.02,34.511624,-79.306964,15.92,14.7,239,1,2,0,NA,4.53,0.41,3.23,0.31,0.13,0.21,57.1,40,30.4,5.25,3.52,0,7.94,0.46,1.23,4,72,1.1,5.7,167,68,430,66,12,12.8,4.4,0.5,0.1,wheat_March,wheat,Yes,Yes
M22_16S_g27_E05,March,LENVT,wheat,334,,M22_1524,Jointing,3/14/23,Shirley,bulk_OLD,oldest_healthy,sample,27,7,5,2.63,44,NA,17.7,NA,21.16,35.377475,-77.560117,4.6,13.4,268,6,6,3,NA,5.21,0.17,4.09,0.28,0.13,0.38,77.3,69.4,47.3,9.91,3.3,0.01,16.4,0.41,1.17,3.7,54,1.7,4.9,45,132,264,44,26,15.8,3.8,0.6,0.1,wheat_March,wheat,Yes,Yes
M22_16S_g28_C03,March,ROBVT,wheat,562,,M22_1870,Jointing,3/21/23,Hilliard,bulk_OLD,oldest_healthy,sample,28,7,5,NA,NA,NA,NA,NA,20.86,34.511964,-79.308017,22.82,14.7,239,0,3,0,NA,4.06,0.33,3.09,0.35,0.12,0.23,58.5,49.3,24.7,4.84,3.3,0,9.87,0.92,1.05,6.2,69,2,5.3,271,74,684,81,19,22.9,7.6,1.4,0.1,wheat_March,wheat,Yes,Yes
M22_16S_g28_D05,March,ROWVT,wheat,581,,M22_2049,Jointing,3/15/23,USG3640,bulk_OLD,oldest_healthy,sample,28,7,5,9.31,87,55.6,52.3,NA,29.6,35.697661,-80.623219,23.06,11.7,390,0,2,0,1,4.5,0.45,3.38,0.64,0.23,0.41,69.6,153,23.4,8.03,3.99,0.01,10.1,0.32,0.87,6.4,66,2.2,5.3,282,105,509,170,32,318.4,5.6,4.1,0,wheat_March,wheat,Yes,Yes
M22_16S_g29_C09,March,LENVT,wheat,401,,M22_1528,Jointing,3/14/23,Catawba,bulk_OLD,oldest_healthy,sample,29,8,5,2.88,48,NA,19.3,NA,14.64,35.377221,-77.560081,10.8,13.4,268,4,4,2,NA,3.98,0.11,2.84,0.26,0.1,0.26,66.2,60.7,26.3,6.14,2.97,0.01,33.2,0.36,1.12,3.3,47,1.7,4.7,37,113,202,30,27,19.9,4,0.5,0.1,wheat_March,wheat,Yes,Yes
M22_16S_g29_E09,March,ROBVT,wheat,274,,M22_1858,Jointing,3/21/23,USG3640,bulk_OLD,oldest_healthy,sample,29,8,5,NA,NA,NA,NA,NA,14.36,34.511739,-79.30685,22.7,14.7,239,3,4,0,NA,3.29,0.28,2.48,0.34,0.16,0.18,47.3,29.2,16.9,4.85,3.59,0,11.7,0.32,1.25,4.8,90,0.5,6.6,153,43,629,129,15,11.4,3.6,0.6,0.1,wheat_March,wheat,Yes,Yes
M22_16S_g29_G03,March,LENVT,wheat,371,,M22_1527,Jointing,3/14/23,Catawba,bulk_OLD,oldest_healthy,sample,29,8,5,4.34,50,55.7,25.8,NA,15.32,35.377289,-77.560171,9.6,13.4,268,4,4,5,NA,4.19,0.11,3.49,0.27,0.12,0.25,55.3,27.6,20.4,5.98,2.94,0.01,15.4,0.41,1.15,3.9,62,1.5,5.2,43,131,331,55,23,16.1,3.1,0.5,0.1,wheat_March,wheat,Yes,Yes
M22_16S_g29_G12,March,ROWVT,wheat,235,,M22_2036,Jointing,3/15/23,Catawba,bulk_OLD,oldest_healthy,sample,29,8,5,8.98,98,52.6,51.6,NA,32.2,35.69677,-80.623442,17.84,11.7,390,0,0,0,0,5.22,0.35,1.65,0.71,0.31,0.29,65.9,99.4,20.5,8.26,3.97,0.03,15.7,0.32,0.81,7.8,81,1.4,5.9,181,47,859,233,32,202.2,13.2,3.7,0.1,wheat_March,wheat,Yes,Yes
M22_16S_g30_C04,March,WASVT,wheat,554,,M22_2627,Jointing,3/27/23,Shirley,bulk_OLD,oldest_healthy,sample,30,8,5,12.63,75,55.6,77,NA,20.8,35.849579,-76.658005,20.3,13.2,293,0,0,0,NA,4.4,0.3,2.76,0.29,0.14,0.22,75.9,52.5,21.6,8.42,3.53,0.01,11.7,3.01,0.89,11.4,80,2.3,5.7,102,88,1187,351,15,2.2,0.9,0.9,0.1,wheat_March,wheat,Yes,Yes
M22_16S_g30_D08,March,ROWVT,wheat,577,,M22_2048,Jointing,3/15/23,Hilliard,bulk_OLD,oldest_healthy,sample,30,8,5,10.87,90,54.5,63.8,NA,27.66,35.697639,-80.623136,18.92,11.7,390,0,4,0,2,4.48,0.43,2.35,0.56,0.2,0.32,71,128,22.1,8.49,3.48,0.01,5.61,0.27,0.83,7.6,78,1.6,5.8,224,72,768,236,25,279,11.6,4.3,0.1,wheat_March,wheat,Yes,Yes
M22_16S_g30_E12,March,WAKMP,wheat,B07,,M22_2384,Jointing,3/10/23,USG3640,bulk_OLD,oldest_healthy,sample,30,8,5,NA,NA,NA,NA,NA,21.94,35.732811,-78.701528,29.46,12.7,324,5,6,0,3,3.39,0.71,3.04,0.8,0.13,0.3,60.9,109,31.3,4.07,3.09,0,18.9,0.51,1.15,5.9,63,2.2,4.7,528,69,647,41,21,31.1,10.9,0.9,0.1,wheat_March,wheat,Yes,Yes
M22_16S_g31_A09,March,LENVT,wheat,269,,M22_1522,Jointing,3/14/23,Shirley,bulk_OLD,oldest_healthy,sample,31,8,5,5.74,63,52.6,33.7,NA,20.85,35.377588,-77.560359,6,13.4,268,4,8,7,NA,4.7,0.16,4.27,0.34,0.14,0.33,71.8,31.1,24.4,7.81,3,0.01,11,0.51,1.02,4.6,71,1.3,5.6,59,128,468,75,19,17.1,4.6,0.6,0.1,wheat_March,wheat,Yes,Yes
M22_16S_g31_C04,March,LENVT,wheat,363,,M22_1525,Jointing,3/14/23,Hilliard,bulk_OLD,oldest_healthy,sample,31,8,5,7.25,66,58.9,43.1,NA,19.34,35.377256,-77.560338,13.6,13.4,268,2,3,1,NA,4.1,0.13,3.95,0.25,0.1,0.25,54.8,58,25.4,6.84,2.92,0.01,11.5,0.46,1.14,3.9,59,1.6,5.2,50,129,304,54,22,14.6,3.2,0.5,0.1,wheat_March,wheat,Yes,Yes
M22_16S_g01_G04,April,WAKMP,wheat,B19,,,Heading,4/19/23,Hilliard,bulk_PENULT,penultimate_leaf,sample,1,1,0.53,NA,NA,NA,NA,NA,19.34,35.733493,-78.701575,92.2,16,419,3,3,0,0,3.68,0.29,1.66,0.86,0.16,0.22,67.9,82.4,23.6,5.26,4.58,0,4.69,0.32,1.06,8.8,79,1.8,5.3,725,59,1259,62,21,32.9,16.7,1.6,0.1,wheat_April,wheat,Yes,Yes
M22_16S_g01_H11,April,UNIVT,wheat,360,,M22_0909,Heading,4/28/23,USG3640,bulk_PENULT,penultimate_leaf,sample,1,1,5,12.49,89,61.1,73.71600888,9.3,11.4,34.948183,-80.42476,85.2,16.4,407,1,4,0,3,3.42,0.3,1.71,0.57,0.12,0.22,74.2,37.9,15.7,7.75,8.62,0.01,8.29,0.41,0.88,12.4,87,1.6,6.2,209,78,1990,80,28,50.8,11,9.1,0.1,wheat_April,wheat,Yes,Yes
M22_16S_g02_A08,April,UNIVT,wheat,331,,M22_0907,Heading,4/28/23,Shirley,bulk_PENULT,penultimate_leaf,sample,2,1,5,16.72,81,58.2,99.01827551,8.6,12.06,34.948415,-80.424576,87,16.4,407,0,1,0,0,3.69,0.3,1.52,0.69,0.15,0.2,121,83.8,16.4,8.46,12.1,0,18.3,0.36,0.85,12.1,87,1.6,6.2,292,70,1932,85,22,48.6,14.9,9.7,0.1,wheat_April,wheat,Yes,Yes
M22_16S_g02_B04,April,WASVT,wheat,228,,M22_1360,Heading,5/9/23,Catawba,bulk_PENULT,penultimate_leaf,sample,2,1,5,6.26,70,53.4,38.2,NA,16.84,35.849434,-76.656682,76.6,16.2,364,0,0,0,NA,2.04,0.09,0.75,0.5,0.23,0.1,55.9,86.5,6.82,3.56,6.03,0.01,43.3,4.69,0.97,10.4,72,2.9,5.3,57,87,1050,246,15,3.6,1.4,0.8,0.1,wheat_April,wheat,Yes,Yes
M22_16S_g02_E03,April,WASVT,wheat,483,,M22_1371,Heading,5/9/23,Catawba,bulk_PENULT,penultimate_leaf,sample,2,1,5,6.86,65,52.4,41.6,NA,17.46,35.849309,-76.657802,81.6,16.2,364,0,0,0,NA,2.29,0.13,0.94,0.56,0.26,0.13,71.5,65.9,8.06,4.06,5.8,0.01,66.2,3.37,1.03,10.5,78,2.4,5.7,59,65,1143,280,13,2.2,0.9,0.8,0.1,wheat_April,wheat,Yes,Yes
M22_16S_g02_F10,April,WAKMP,wheat,B18,,M22_1124,Heading,4/19/23,USG3540,bulk_PENULT,penultimate_leaf,sample,2,1,5,NA,NA,NA,NA,NA,21.16,35.733358,-78.70157,95,16,419,5,4,0,1,3.56,0.37,1.9,0.8,0.12,0.27,69.4,37.8,19,4.61,4.7,0.01,6.47,0.32,1.03,8.2,76,2,5.2,639,74,1122,56,23,33.8,16.1,1.5,0.1,wheat_April,wheat,Yes,Yes
M22_16S_g02_G06,April,WAKMP,wheat,B17,,M22_2401,Heading,4/19/23,Shirley,bulk_PENULT,oldest_healthy,sample,2,1,1.72,NA,NA,NA,NA,NA,24.36,35.733219,-78.701567,81.4,16,419,4,4,0,0,4.15,0.42,1.81,0.89,0.14,0.25,82.2,103,27.8,6.09,6.28,0,14.4,0.41,1.13,9.4,82,1.7,5.5,692,60,1363,82,21,33.1,18.5,1.5,0.1,wheat_April,wheat,Yes,Yes
M22_16S_g05_B11,April,PERVT,wheat,553,,M22_0266,Heading,5/5/23,Hilliard,bulk_PENULT,penultimate_leaf,sample,5,2,5,14.67,93,58.5,88.2,NA,22.14,36.180444,-76.359931,96.8,15.7,361,2,5,0,NA,3.12,0.18,1.42,0.78,0.26,0.18,83,87,15.8,7.02,3.47,0,20.4,0.41,0.93,5,74,1.3,5.3,59,70,520,112,16,8.2,2.2,1.1,0.2,wheat_April,wheat,Yes,Yes
M22_16S_g06_B07,April,ROBVT,wheat,217,,M22_0465,Heading,4/24/23,Catawba,bulk_PENULT,penultimate_leaf,sample,6,2,5,NA,NA,NA,NA,NA,6.1,34.511888,-79.306529,70,18.1,296,3,3,1,NA,3.68,0.26,1.69,0.39,0.18,0.2,62.7,16.5,18.1,5.63,4.39,0,8.22,0.36,1.19,6.7,88,0.8,6.5,93,54,851,179,9,13.1,7.6,0.6,0,wheat_April,wheat,Yes,Yes
M22_16S_g06_D04,April,LENVT,wheat,483,,M22_0052,Heading,4/20/23,USG3640,bulk_PENULT,penultimate_leaf,sample,6,2,5,5.94,60,58.6,35.6,NA,10.14,35.376918,-77.559935,71,16.4,335,2,6,0,NA,3.48,0.13,1.46,0.44,0.13,0.31,74.6,28.1,15.8,8.23,3.28,0.01,23.3,0.51,1.17,3.5,69,1.1,5.5,54,112,330,61,18,12.5,3.8,0.7,0.1,wheat_April,wheat,Yes,Yes
M22_16S_g06_F04,April,WASVT,wheat,535,,M22_1372,Heading,5/9/23,USG3640,bulk_PENULT,penultimate_leaf,sample,6,2,5,13.58,85,55.2,81.4,NA,19.02,35.849241,-76.658006,87.6,16.2,364,0,0,0,NA,2.2,0.09,0.98,0.66,0.25,0.15,73.7,48.8,8.06,5.01,5.16,0.01,105,3.37,1.01,10.2,77,2.3,5.6,62,89,1051,287,14,2.1,1.8,0.7,0.1,wheat_April,wheat,Yes,Yes
M22_16S_g07_B05,April,WAKMP,wheat,B11,,M22_1117,Heading,4/19/23,Catawba,bulk_PENULT,penultimate_leaf,sample,7,2,5,NA,NA,NA,NA,NA,21.16,35.732396,-78.701534,88.6,16,419,5,5,0,0,3.28,0.25,1.53,0.73,0.16,0.21,61.1,60.5,16.8,2.83,5.1,0.01,13.9,0.51,1.15,4.3,49,2.2,4.8,249,42,333,38,19,20.4,7.2,0.7,0.1,wheat_April,wheat,Yes,Yes
M22_16S_g07_E06,April,PERVT,wheat,225,,M22_0254,Heading,5/5/23,USG3640,bulk_PENULT,penultimate_leaf,sample,7,2,5,9.13,88,56.9,55.6,10,20.62,36.179798,-76.359011,88,15.7,361,3,7,0,1,2.25,0.21,1.34,0.86,0.31,0.16,84.8,13.9,10.8,6.33,4.43,0.01,34.3,0.36,0.9,6.3,91,0.6,6.5,42,64,814,186,9,10.2,2.8,1.7,0.1,wheat_April,wheat,Yes,Yes
M22_16S_g07_G04,April,ROWVT,wheat,257,,M22_0678,Heading,4/27/23,Shirley,bulk_PENULT,penultimate_leaf,sample,7,2,5,18.16,89,55.7,106.8,NA,15.56,35.696811,-80.623269,91.4,15,469,1,2,0,0,3.87,0.3,1.28,1.06,0.24,0.26,98.7,243,23.9,9.17,4.99,0.01,8.37,0.32,0.87,6.8,82,1.2,6,101,45,747,214,27,186.7,6,4.2,0.1,wheat_April,wheat,Yes,Yes
M22_16S_g07_G10,April,WAKMP,wheat,B02,,M22_1110,Heading,4/19/23,Shirley,bulk_PENULT,penultimate_leaf,sample,7,2,5,NA,NA,NA,NA,NA,24.12,35.733491,-78.701557,77.6,16,419,3,3,0,0,3.72,0.33,1.83,0.53,0.11,0.21,80,60.5,23.5,9.78,4.9,0.01,7.4,0.56,1.19,7.1,71,2.1,5.1,579,75,877,52,19,33.2,14.6,1.1,0.1,wheat_April,wheat,Yes,Yes
M22_16S_g08_B05,April,ROBVT,wheat,251,,M22_0466,Heading,4/24/23,Hilliard,bulk_PENULT,penultimate_leaf,sample,8,2,5,NA,NA,NA,NA,NA,3.66,34.511764,-79.306745,75.8,18.1,296,1,3,0,NA,3.39,0.19,1.35,0.42,0.16,0.21,67.8,25.6,14.7,7.64,3.85,0.01,14.2,0.36,1.18,5.2,79,1.1,6,88,60,590,121,9,12.1,5.5,0.5,0,wheat_April,wheat,Yes,Yes
M22_16S_g08_F01,April,LENVT,wheat,365,,M22_0047,Heading,4/20/23,USG3640,bulk_PENULT,penultimate_leaf,sample,8,2,0.53,5.58,63,59.2,33.2,NA,10.82,35.377259,-77.560297,72.6,16.4,335,2,3,0,NA,3.99,0.13,1.3,0.34,0.12,0.25,76.3,23.5,16.3,7.75,3.62,0.01,15.2,0.36,1.19,4,71,1.2,5.3,51,104,438,52,20,19.6,4.2,0.7,0.1,wheat_April,wheat,Yes,Yes
M22_16S_g08_F03,April,WASVT,wheat,318,,M22_1364,Heading,5/9/23,Hilliard,bulk_PENULT,penultimate_leaf,sample,8,2,5,14.19,79,57.4,86.7,NA,19.82,35.849584,-76.657093,84.4,16.2,364,0,0,0,NA,2.82,0.18,1.21,0.51,0.29,0.15,91.7,149,12.2,5.57,3.83,0.01,38.4,3.28,0.99,11.5,77,2.7,5.6,81,100,1190,316,16,3.1,0.9,0.8,0.1,wheat_April,wheat,Yes,Yes
M22_16S_g08_F11,April,WASVT,wheat,275,,M22_1363,Heading,5/9/23,Shirley,bulk_PENULT,penultimate_leaf,sample,8,2,5,11.06,62,53.8,66.8,NA,16.66,35.84935,-76.656894,75.8,16.2,364,0,2,8,NA,3.82,0.18,1.18,0.45,0.2,0.2,85.4,107,15.2,6.67,4.93,0.01,24.7,4.32,0.99,11.1,77,2.6,5.6,58,95,1143,311,14,3.1,1,0.7,0.1,wheat_April,wheat,Yes,Yes
M22_16S_g09_B08,April,ROWVT,wheat,581,,M22_0690,Heading,4/27/23,USG3640,bulk_PENULT,penultimate_leaf,sample,9,3,5,9.31,87,55.6,52.3,NA,13.36,35.697661,-80.623219,72.2,15,469,0,2,0,1,3.28,0.31,1.58,0.84,0.22,0.26,69.2,232,18.2,7.72,4.43,0,8.61,0.36,0.98,7.9,75,2,5.6,335,109,759,225,24,319.9,8.2,4.4,0.1,wheat_April,wheat,Yes,Yes
M22_16S_g09_D07,April,PERVT,wheat,562,,M22_0267,Heading,5/5/23,USG3640,bulk_PENULT,penultimate_leaf,sample,9,3,5,9.85,88,56.8,60.5,NA,22.68,36.180561,-76.359796,89.8,15.7,361,6,6,0,1,2.18,0.17,1.37,0.76,0.26,0.16,61.8,34.2,9.56,5.27,4.19,0.01,23.4,0.36,0.94,6.4,80,1.3,5.7,52,77,733,158,13,8.2,2.8,1.3,0.1,wheat_April,wheat,Yes,Yes
M22_16S_g11_C10,April,LENVT,wheat,363,,M22_0046,Heading,4/20/23,Hilliard,bulk_PENULT,penultimate_leaf,sample,11,3,5,7.25,66,58.9,43.1,NA,10.34,35.377256,-77.560338,81.4,16.4,335,2,3,1,NA,4.05,0.13,1.34,0.36,0.15,0.23,69.7,43.6,22.2,8.65,3.64,0.01,17.5,0.32,1.16,3.7,70,1.1,5.5,47,117,350,63,16,15.4,3.5,0.6,0.1,wheat_April,wheat,Yes,Yes
M22_16S_g11_E03,April,UNIVT,wheat,309,,M22_0906,Heading,4/28/23,Hilliard,bulk_PENULT,penultimate_leaf,sample,11,3,5,16.39,89,59.6,96.7338179,8.6,12.24,34.94846,-80.424713,94,16.4,407,0,1,0,0,3.17,0.26,1.55,0.7,0.18,0.18,81,41.9,14.8,6.9,10.1,0.01,7.65,0.41,0.85,11.2,88,1.4,6.3,188,65,1784,89,22,47.8,9.6,8.5,0.1,wheat_April,wheat,Yes,Yes
M22_16S_g11_E05,April,UNIVT,wheat,213,,M22_0903,Heading,4/28/23,Shirley,bulk_PENULT,penultimate_leaf,sample,11,3,5,15.64,79,58.9,93.14742825,8.3,11,34.948753,-80.424902,83,16.4,407,0,1,0,0,3.51,0.29,1.48,0.58,0.14,0.17,133,60.4,14.5,8.37,13,0.01,4.12,0.41,0.87,11.7,87,1.5,6.1,253,69,1849,97,22,37,12.3,8.8,0.1,wheat_April,wheat,Yes,Yes
M22_16S_g11_E06,April,ROWVT,wheat,422,,M22_0683,Heading,4/27/23,Catawba,bulk_PENULT,penultimate_leaf,sample,11,3,5,9.53,96,52.1,53.8,NA,12.26,35.697254,-80.623328,69.2,15,469,0,1,0,0,4.2,0.32,1.23,0.79,0.28,0.33,78,172,22.6,7.77,5.99,0,9.25,0.36,0.95,7.8,76,1.9,5.8,373,90,770,224,18,229.9,12.8,3.7,0,wheat_April,wheat,Yes,Yes
M22_16S_g11_E11,April,ROBVT,wheat,502,,M22_0485,Heading,4/24/23,Shirley,bulk_PENULT,penultimate_leaf,sample,11,3,5,NA,NA,NA,NA,NA,7.56,34.511846,-79.307734,59.6,18.1,296,2,4,0,NA,3.7,0.26,1.6,0.36,0.1,0.19,72.1,61.6,18,7.59,4.17,0,9.66,0.51,1.17,4.9,75,1.2,5.8,143,75,527,103,10,12.1,5.2,0.6,0,wheat_April,wheat,Yes,Yes
M22_16S_g11_G08,April,UNIVT,wheat,224,,M22_0904,Heading,4/28/23,USG3640,bulk_PENULT,penultimate_leaf,sample,11,3,5,10.16,84,61.3,60.23721877,11,15.74,34.948662,-80.424906,79,16.4,407,5,5,0,3,4.04,0.37,1.85,0.52,0.13,0.23,78.1,25,21.1,8.03,7.51,0.01,5.59,0.46,0.86,11.8,89,1.3,6.3,207,66,1915,101,21,32.3,11.2,8.1,0.1,wheat_April,wheat,Yes,Yes
M22_16S_g11_H09,April,PERVT,wheat,570,,M22_0268,Heading,5/5/23,Catawba,bulk_PENULT,penultimate_leaf,sample,11,3,5,11.43,93,59.2,68.9,NA,19.28,36.180583,-76.35992,100,15.7,361,4,4,0,NA,2.51,0.25,1.62,0.51,0.23,0.16,118,51.4,11.2,5.37,4.49,0.01,21.3,0.27,0.96,5.8,81,1.1,5.8,64,79,639,155,12,7.3,1.9,1.2,0.1,wheat_April,wheat,Yes,Yes
M22_16S_g12_A04,April,LENVT,wheat,566,,M22_0055,Heading,4/20/23,Hilliard,bulk_PENULT,penultimate_leaf,sample,12,3,5,7.35,55,58.7,43.7,NA,11.08,35.376646,-77.559983,76.8,16.4,335,2,5,0,NA,3.81,0.18,1.69,0.44,0.15,0.24,76.4,15.5,18.9,7.82,3.25,0.01,19.1,0.81,1.1,7.3,87,0.9,6.4,75,194,929,157,23,16.1,8.9,1,0.1,wheat_April,wheat,Yes,Yes
M22_16S_g12_A07,April,WAKMP,wheat,B06,,M22_1113,Heading,4/19/23,Hilliard,bulk_PENULT,penultimate_leaf,sample,12,3,5,NA,NA,NA,NA,NA,22.42,35.732944,-78.701535,87.4,16,419,3,5,0,0,3.91,0.31,1.77,0.83,0.18,0.26,70.1,113,30.1,3.95,3.91,0.01,10.9,0.32,1.09,8.2,80,1.7,5.4,651,69,1175,63,20,32,16.8,1.5,0.1,wheat_April,wheat,Yes,Yes
M22_16S_g12_D03,April,LENVT,wheat,371,,M22_0048,Heading,4/20/23,Catawba,bulk_PENULT,penultimate_leaf,sample,12,3,5,4.34,50,55.7,25.8,NA,9.82,35.377289,-77.560171,65.2,16.4,335,4,4,5,NA,3.9,0.12,1,0.29,0.12,0.24,62,19.1,14,6.03,3.14,0.01,10.5,0.41,1.18,3.9,73,1.1,5.5,55,98,422,60,17,18,3.3,0.6,0,wheat_April,wheat,Yes,Yes
M22_16S_g12_E02,April,PERVT,wheat,445,,M22_0263,Heading,5/5/23,USG3640,bulk_PENULT,penultimate_leaf,sample,12,3,5,11.54,92,59.2,69.9,NA,21.08,36.180252,-76.359609,87.8,15.7,361,4,8,0,1,1.95,0.18,1.52,0.67,0.27,0.13,65.4,12.6,7.92,4.91,4.27,0,25.7,0.36,0.88,6.7,93,0.5,6.6,46,71,879,197,12,9.3,2.3,1.3,0.1,wheat_April,wheat,Yes,Yes
M22_16S_g12_F04,April,WASVT,wheat,260,,M22_1362,Heading,5/9/23,USG3640,bulk_PENULT,penultimate_leaf,sample,12,3,5,13.07,77,57.2,80,NA,17.78,35.849562,-76.656788,88,16.2,364,0,2,0,NA,2.41,0.14,1.36,0.44,0.19,0.13,71.2,43.8,9.3,5.26,4.62,0.01,49.6,4.32,0.97,11.5,78,2.5,5.6,79,131,1211,322,14,2.9,1.1,0.7,0.1,wheat_April,wheat,Yes,Yes
M22_16S_g12_G04,April,ROWVT,wheat,333,,M22_0679,Heading,4/27/23,USG3640,bulk_PENULT,penultimate_leaf,sample,12,3,5,9.44,88,49.5,51.3,NA,12.74,35.69701,-80.623374,77,15,469,1,4,0,2,3.61,0.27,0.86,1.22,0.32,0.34,91.6,212,17.4,8.19,4.03,0.01,11.4,0.36,0.95,7,82,1.3,6.1,159,58,781,208,20,312.9,7.7,3.8,0.1,wheat_April,wheat,Yes,Yes
M22_16S_g13_A01,April,ROWVT,wheat,235,,M22_0677,Heading,4/27/23,Catawba,bulk_PENULT,penultimate_leaf,sample,13,4,5,8.98,98,52.6,51.6,NA,14.36,35.69677,-80.623442,81,15,469,0,0,0,0,4.05,0.3,0.98,1.12,0.37,0.31,91.9,194,22.3,8.9,5.93,0.01,13.8,0.22,0.87,7.3,86,1,6.1,98,42,852,233,25,163.3,8.3,3.9,0.1,wheat_April,wheat,Yes,Yes
M22_16S_g13_A06,April,LENVT,wheat,334,,M22_0045,Heading,4/20/23,Shirley,bulk_PENULT,penultimate_leaf,sample,13,4,5,2.63,44,NA,17.7,NA,11.72,35.377475,-77.560117,52,16.4,335,6,6,3,NA,3.97,0.13,1.42,0.25,0.08,0.26,61.4,33.5,24.5,8.18,3.69,0.01,7.06,0.32,1.14,4,71,1.2,5.4,50,102,415,60,20,14.9,3.8,0.7,0.1,wheat_April,wheat,Yes,Yes
M22_16S_g13_B10,April,LENVT,wheat,239,,M22_0042,Heading,4/20/23,Catawba,bulk_PENULT,penultimate_leaf,sample,13,4,5,6.1,63,57.2,36.4,NA,11.52,35.377805,-77.560158,81,16.4,335,5,4,8,NA,3.54,0.17,1.16,0.44,0.15,0.24,67.9,22.4,16,6.35,4.13,0.01,18.7,0.6,1.1,4.3,82,0.8,5.9,58,131,496,93,19,16.8,4.7,0.8,0.1,wheat_April,wheat,Yes,Yes
M22_16S_g13_F03,April,ROBVT,wheat,314,,M22_0469,Heading,4/24/23,Shirley,bulk_PENULT,penultimate_leaf,sample,13,4,5,NA,NA,NA,NA,NA,3.16,34.511908,-79.306925,75,18.1,296,1,1,0,NA,3.79,0.23,1.33,0.37,0.15,0.21,69.1,17.2,14.6,5.36,4.38,0,5.84,0.32,1.25,6.3,96,0.2,7,107,66,810,221,10,14.4,6.3,0.6,0,wheat_April,wheat,Yes,Yes
M22_16S_g13_H07,April,WASVT,wheat,319,,M22_1365,Heading,5/9/23,Shirley,bulk_PENULT,penultimate_leaf,sample,13,4,5,11.79,72,55.4,71.7,NA,19.2,35.849565,-76.657088,78.4,16.2,364,0,1,0,NA,3.11,0.21,1.19,0.48,0.22,0.17,95.5,135,12.4,5.99,4.5,0.01,26.8,3.28,0.95,11.4,78,2.5,5.7,92,112,1190,331,15,2.8,1,0.8,0.1,wheat_April,wheat,Yes,Yes
M22_16S_g14_C11,April,WASVT,wheat,331,,M22_1366,Heading,5/9/23,USG3640,bulk_PENULT,penultimate_leaf,sample,14,4,5,16.02,73,56.6,96.5,NA,18.14,35.849352,-76.657095,91.2,16.2,364,0,0,0,NA,2.42,0.13,1.22,0.52,0.21,0.13,74,78.7,9.96,6.31,4.47,0.01,57.4,3.01,0.95,11.3,78,2.5,5.7,66,106,1187,310,13,3,1,0.8,0.1,wheat_April,wheat,Yes,Yes
M22_16S_g14_F08,April,ROWVT,wheat,456,,M22_0685,Heading,4/27/23,Shirley,bulk_PENULT,penultimate_leaf,sample,14,4,5,14.15,86,52.3,82.8,NA,9.82,35.697332,-80.623274,84.6,15,469,0,4,0,0,4.4,0.34,1.32,1.08,0.28,0.37,94,335,27.4,9.51,5.77,0.01,9.79,0.41,0.85,8,77,1.8,5.8,300,65,823,232,23,311.6,10.8,3.7,0.1,wheat_April,wheat,Yes,Yes
M22_16S_g14_G08,April,ROWVT,wheat,577,,M22_0689,Heading,4/27/23,Hilliard,bulk_PENULT,penultimate_leaf,sample,14,4,5,10.87,90,54.5,63.8,NA,10.94,35.697639,-80.623136,90,15,469,0,4,0,2,3.69,0.27,1.06,1.19,0.34,0.25,76,198,21.6,8.38,4.6,0.01,9.42,0.27,0.92,8,81,1.5,6,226,73,855,241,18,214.3,10.3,4,0.1,wheat_April,wheat,Yes,Yes
M22_16S_g14_G11,April,WAKMP,wheat,B14,,M22_1120,Heading,4/19/23,Hilliard,bulk_PENULT,penultimate_leaf,sample,14,4,1.34,NA,NA,NA,NA,NA,21.1,35.732807,-78.701551,85.8,16,419,3,5,0,0,3.68,0.29,1.67,0.81,0.17,0.22,67.3,120,28.5,4.35,3.78,0,18.7,0.51,1.11,5.5,64,2,4.9,451,52,619,38,20,29.2,11,0.8,0.1,wheat_April,wheat,Yes,Yes
M22_16S_g14_H02,April,UNIVT,wheat,430,,M22_0910,Heading,4/28/23,Hilliard,bulk_PENULT,penultimate_leaf,sample,14,4,5,17.46,102,59.1,102.8144917,8.8,13.96,34.948124,-80.424406,94.6,16.4,407,0,3,0,0,3.29,0.25,1.51,0.84,0.19,0.19,74.6,72.1,18.2,6.35,7.86,0.01,14.4,0.36,0.79,12.4,87,1.6,6.2,255,61,1990,81,24,55.9,15.1,9.1,0.1,wheat_April,wheat,Yes,Yes
M22_16S_g14_H09,April,LENVT,wheat,420,,M22_0050,Heading,4/20/23,Shirley,bulk_PENULT,penultimate_leaf,sample,14,4,5,6.96,52,55.7,41.3,NA,12.08,35.377099,-77.560266,61.6,16.4,335,3,7,2,NA,3.81,0.16,1.52,0.3,0.1,0.25,68.6,51.1,22.6,8.65,3.85,0.01,8.47,0.41,1.17,3.7,67,1.2,5.4,43,105,340,59,15,17.6,3.6,0.6,0.1,wheat_April,wheat,Yes,Yes
M22_16S_g15_A06,April,UNIVT,wheat,453,,M22_0911,Heading,4/28/23,Catawba,bulk_PENULT,penultimate_leaf,sample,15,4,5,11.63,86,59,69.10882127,10.4,16.3,34.947981,-80.424569,93.2,16.4,407,0,4,0,0,3.29,0.28,1.66,0.58,0.15,0.21,71,44.1,14.7,5.36,7.67,0.01,10.2,0.41,0.78,12.8,88,1.5,6.3,225,63,2102,73,24,36.7,16.1,10.5,0.1,wheat_April,wheat,Yes,Yes
M22_16S_g15_B10,April,WAKMP,wheat,B08,,M22_1115,Heading,4/19/23,Shirley,bulk_PENULT,penultimate_leaf,sample,15,4,5,NA,NA,NA,NA,NA,21.08,35.732671,-78.701523,74,16,419,3,4,0,0,3.88,0.35,1.79,0.63,0.14,0.28,71.9,150,28.2,4.03,5,0.01,12.3,0.41,1.22,4.8,58,2,4.8,394,50,483,31,22,30.1,8.9,0.7,0.1,wheat_April,wheat,Yes,Yes
M22_16S_g15_B12,April,WASVT,wheat,558,,M22_1375,Heading,5/9/23,Hilliard,bulk_PENULT,penultimate_leaf,sample,15,4,5,12.96,67,56.2,79.5,NA,18.66,35.849563,-76.65811,83.8,16.2,364,0,1,0,NA,2.9,0.15,1.05,0.64,0.37,0.2,94.7,84.3,11.4,6.61,4.49,0.01,48.9,3.57,1.01,11.2,80,2.2,5.8,92,78,1183,347,11,1.6,0.8,0.8,0.1,wheat_April,wheat,Yes,Yes
M22_16S_g15_C01,April,ROBVT,wheat,478,,M22_0484,Heading,4/24/23,Shirley,bulk_PENULT,penultimate_leaf,sample,15,4,5,NA,NA,NA,NA,NA,2.82,34.51168,-79.307665,66.4,18.1,296,1,3,0,NA,4.07,0.28,1.45,0.37,0.13,0.19,75.8,90.5,21.4,10.4,4.23,0,11.1,0.46,1.18,5.8,84,1,6.2,110,84,704,140,10,15.3,6.1,0.7,0,wheat_April,wheat,Yes,Yes
M22_16S_g15_C06,April,WASVT,wheat,461,,M22_1369,Heading,5/9/23,Hilliard,bulk_PENULT,penultimate_leaf,sample,15,4,5,15.02,77,56.2,92.1,NA,18.04,35.849539,-76.657698,86,16.2,364,0,0,0,NA,2.36,0.15,0.95,0.79,0.4,0.13,73.3,48,8.71,5.06,3.92,0.01,35.4,3.57,1,10.8,80,2.2,5.7,87,55,1177,320,14,2.7,0.8,0.8,0.1,wheat_April,wheat,Yes,Yes
M22_16S_g16_B09,April,WAKMP,wheat,B12,,M22_1118,Heading,4/19/23,Shirley,bulk_PENULT,penultimate_leaf,sample,16,4,1.89,NA,NA,NA,NA,NA,18.74,35.732535,-78.701539,73.6,16,419,4,4,0,0,3.86,0.34,1.97,0.54,0.14,0.26,78.4,98.4,28.2,4.59,5.08,0,7.23,0.56,1.12,5,61,1.9,5,309,83,479,54,22,24.8,10.1,0.8,0,wheat_April,wheat,Yes,Yes
M22_16S_g16_D06,April,WAKMP,wheat,B16,,M22_1122,Heading,4/19/23,Catawba,bulk_PENULT,penultimate_leaf,sample,16,4,5,NA,NA,NA,NA,NA,22.72,35.733078,-78.701564,94.4,16,419,5,4,0,0,3.76,0.37,1.99,0.9,0.15,0.29,76.9,95.4,20.7,3.9,5.73,0,13.5,0.51,1.19,8.6,77,2,5.3,655,79,1174,67,20,32.2,17,1.3,0.1,wheat_April,wheat,Yes,Yes
M22_16S_g16_D11,April,ROBVT,wheat,373,,M22_0471,Heading,4/24/23,Hilliard,bulk_PENULT,penultimate_leaf,sample,16,4,5,NA,NA,NA,NA,NA,4.28,34.511761,-79.307246,80.4,18.1,296,1,3,0,NA,3.38,0.2,1.54,0.42,0.14,0.17,63.9,25.4,14.9,6.09,4.1,0,6.89,0.36,1.25,4.2,74,1.1,5.8,103,44,461,90,8,10.6,4.3,0.6,0,wheat_April,wheat,Yes,Yes
M22_16S_g16_F10,April,ROWVT,wheat,227,,M22_0676,Heading,4/27/23,Hilliard,bulk_PENULT,penultimate_leaf,sample,16,4,5,12.59,92,55,71.5,NA,13.38,35.696813,-80.623607,91.8,15,469,2,5,0,2,3.52,0.28,1,1.29,0.37,0.27,103,200,27,9.29,5.07,0.01,16.1,0.27,0.95,7.4,83,1.3,6,170,49,811,232,24,208,10.2,4.1,0.1,wheat_April,wheat,Yes,Yes
M22_16S_g16_G02,April,ROWVT,wheat,360,,M22_0681,Heading,4/27/23,Hilliard,bulk_PENULT,penultimate_leaf,sample,16,4,5,14.35,90,56,83.7,NA,10.36,35.697066,-80.623263,95.8,15,469,0,2,0,1,3.46,0.26,1.04,1.06,0.33,0.25,70.2,195,22,7.09,4.52,0.01,11.1,0.36,0.94,8.2,81,1.5,6.1,209,64,907,242,19,292.3,11.7,3.9,0.1,wheat_April,wheat,Yes,Yes
M22_16S_g16_G07,April,WAKMP,wheat,B05,,M22_1112,Heading,4/19/23,USG3640,bulk_PENULT,penultimate_leaf,sample,16,4,5,NA,NA,NA,NA,NA,23.32,35.73308,-78.701541,96.6,16,419,7,7,0,3,3.86,0.41,1.94,0.85,0.13,0.33,72.9,52.1,22.9,5.2,4.81,0.01,9.35,0.36,1.19,8.2,79,1.7,5.3,648,101,1129,65,19,33,16,1.5,0.1,wheat_April,wheat,Yes,Yes
M22_16S_g17_E01,April,ROBVT,wheat,567,,M22_0488,Heading,4/24/23,USG3640,bulk_PENULT,penultimate_leaf,sample,17,5,5,NA,NA,NA,NA,NA,8.56,34.511876,-79.308029,74.2,18.1,296,1,5,0,NA,3.36,0.23,1.79,0.33,0.1,0.18,61.4,48.2,16,6.79,3.38,0,8.92,1.08,1.12,6.4,71,1.8,5.5,277,144,650,109,15,21.9,5.8,1.2,0,wheat_April,wheat,Yes,Yes
M22_16S_g17_E02,April,ROWVT,wheat,205,,M22_0675,Heading,4/27/23,USG3640,bulk_PENULT,penultimate_leaf,sample,17,5,5,6.24,94,46.6,33.4,NA,19.9,35.696667,-80.623368,80.8,15,469,1,5,0,3,3.29,0.34,1.39,1.03,0.26,0.28,161,166,21.8,8.28,4.21,0.01,19.3,0.32,0.87,7.5,87,1,6.2,148,52,872,246,23,167.9,7.5,4.4,0.1,wheat_April,wheat,Yes,Yes
M22_16S_g17_F12,April,PERVT,wheat,317,,M22_0257,Heading,5/5/23,Catawba,bulk_PENULT,penultimate_leaf,sample,17,5,5,12.72,90,58.8,75.4,10,24.28,36.179823,-76.359396,97.2,15.7,361,6,5,0,NA,2.39,0.25,1.42,0.51,0.26,0.16,75.6,52,9.22,4.36,3.94,0.01,21.4,0.36,0.89,5.9,83,1,5.7,72,66,686,155,12,8.6,2.6,1.4,0.1,wheat_April,wheat,Yes,Yes
M22_16S_g17_H05,April,PERVT,wheat,530,,M22_0265,Heading,5/5/23,Shirley,bulk_PENULT,penultimate_leaf,sample,17,5,5,11.22,90,58.3,67.5,NA,22.24,36.180367,-76.359891,88,15.7,361,2,3,0,NA,3.27,0.25,1.67,0.59,0.2,0.18,107,112,15.5,7.05,4.09,0,13,0.41,0.87,5.8,84,0.9,5.9,73,83,698,149,13,7.9,2.3,1.1,0.1,wheat_April,wheat,Yes,Yes
M22_16S_g18_A12,April,PERVT,wheat,332,,M22_0259,Heading,5/5/23,Shirley,bulk_PENULT,penultimate_leaf,sample,18,5,5,12.31,84,58.2,74,9.5,21.82,36.179869,-76.359202,91.2,15.7,361,1,3,0,NA,3.18,0.24,1.41,0.73,0.23,0.18,113,95.5,16.1,6.94,3.64,0,11.1,0.41,0.88,5.4,83,0.9,5.8,72,53,642,144,11,7.7,2.7,1.5,0.1,wheat_April,wheat,Yes,Yes
M22_16S_g18_B08,April,PERVT,wheat,374,,M22_0260,Heading,5/5/23,Hilliard,bulk_PENULT,penultimate_leaf,sample,18,5,5,15.73,101,59,94.5,9.4,23.3,36.180019,-76.359592,101.6,15.7,361,1,4,0,NA,3.1,0.21,1.45,0.86,0.31,0.18,91.9,39.4,14.3,5.69,3.55,0,17,0.41,0.89,6.6,88,0.8,6.1,53,63,844,179,9,9.7,2,1.3,0.1,wheat_April,wheat,Yes,Yes
M22_16S_g18_H03,April,WAKMP,wheat,B09,,M22_1116,Heading,4/19/23,Hilliard,bulk_PENULT,penultimate_leaf,sample,18,5,5,NA,NA,NA,NA,NA,21.48,35.732532,-78.701518,85.8,16,419,2,5,0,0,3.85,0.28,1.89,0.7,0.17,0.32,73.9,128,28.6,3.73,3.74,0.01,16.8,0.46,1.11,4.8,58,2,4.8,328,81,438,50,22,26,9.7,0.8,0.1,wheat_April,wheat,Yes,Yes
M22_16S_g19_A06,April,PERVT,wheat,277,,M22_0255,Heading,5/5/23,Catawba,bulk_PENULT,penultimate_leaf,sample,19,5,5,13.19,96,59.1,79.5,10.2,20.12,36.179966,-76.359101,95.2,15.7,361,5,4,0,NA,2.66,0.28,1.29,0.58,0.25,0.17,75.7,42.7,12.3,5.82,4.05,0.01,22.5,0.46,0.93,5.5,78,1.2,5.5,81,53,611,134,12,9.3,2.7,1.6,0.1,wheat_April,wheat,Yes,Yes
M22_16S_g19_B01,April,PERVT,wheat,456,,M22_0264,Heading,5/5/23,Catawba,bulk_PENULT,penultimate_leaf,sample,19,5,5,12.46,94,60.5,75.6,10.6,23.04,36.180408,-76.35956,96,15.7,361,4,4,0,NA,2.66,0.18,1.32,0.58,0.29,0.17,74.4,22.3,10.6,5.42,3.88,0,24.1,0.41,0.92,5.7,83,1,5.7,41,57,674,150,12,6.4,2.5,1.4,0.2,wheat_April,wheat,Yes,Yes
M22_16S_g19_B03,April,WAKMP,wheat,B07,,M22_1114,Heading,4/19/23,USG3640,bulk_PENULT,penultimate_leaf,sample,19,5,5,NA,NA,NA,NA,NA,19.52,35.732811,-78.701528,89.6,16,419,5,6,0,3,3.49,0.36,2,0.68,0.12,0.36,69.9,95.5,24.1,4.15,4.44,0.01,20.1,0.41,1.12,6.1,65,2.1,4.8,504,52,700,47,24,32.2,11.9,0.9,0.1,wheat_April,wheat,Yes,Yes
M22_16S_g19_F11,April,PERVT,wheat,434,,M22_0261,Heading,5/5/23,Hilliard,bulk_PENULT,penultimate_leaf,sample,19,5,5,14.7,96,58.2,87.5,9,22.58,36.180107,-76.359772,97.8,15.7,361,1,5,0,NA,2.69,0.19,1.53,0.57,0.22,0.15,96.9,58,13.3,5.69,3.82,0,17.2,0.51,0.92,5.3,80,1.1,5.5,54,76,600,122,11,9.2,2.3,1.3,0.1,wheat_April,wheat,Yes,Yes
M22_16S_g20_A03,April,UNIVT,wheat,236,,M22_0905,Heading,4/28/23,Catawba,bulk_PENULT,penultimate_leaf,sample,20,5,5,12.6,74,58,75.46505618,9.5,10.66,34.948747,-80.424663,93.4,16.4,407,1,2,0,0,3.26,0.29,1.66,0.5,0.16,0.18,66.7,56.6,15.3,5.79,10.8,0,11.7,0.56,0.92,14.2,87,1.8,6.2,323,110,2225,121,28,37.5,14.6,10.8,0.1,wheat_April,wheat,Yes,Yes
M22_16S_g20_B03,April,WAKMP,wheat,B13,,M22_1119,Heading,4/19/23,Catawba,bulk_PENULT,penultimate_leaf,sample,20,5,5,NA,NA,NA,NA,NA,21.96,35.732666,-78.701547,88.2,16,419,5,4,0,0,3.67,0.29,1.75,0.82,0.16,0.27,68.3,102,20.5,4.19,5.07,0.01,14.4,0.41,0.99,4.6,60,1.8,4.8,360,66,459,37,20,24.5,9.1,0.7,0.1,wheat_April,wheat,Yes,Yes
M22_16S_g21_A01,April,UNIVT,wheat,554,,M22_0916,Heading,4/28/23,Shirley,bulk_PENULT,penultimate_leaf,sample,21,6,5,16.51,89,59.3,97.88548051,NA,15.16,34.947655,-80.424479,81.2,16.4,407,0,2,0,0,3.74,0.31,1.6,0.79,0.13,0.24,91.5,116,16.2,7.96,8.22,0,4.97,0.41,0.83,10.8,92,0.8,6.5,149,62,1818,86,25,65.4,9.3,8.7,0.1,wheat_April,wheat,Yes,Yes
M22_16S_g21_A05,April,ROWVT,wheat,370,,M22_0682,Heading,4/27/23,Catawba,bulk_PENULT,penultimate_leaf,sample,21,6,5,9.01,98,56.6,52.5,NA,11.5,35.697019,-80.623048,73,15,469,1,1,0,0,4.28,0.34,1.11,0.89,0.32,0.33,78,173,28.4,8.61,6.78,0.01,9.4,0.32,0.92,9.1,83,1.6,5.9,217,55,997,299,21,166.1,7.8,4,0.1,wheat_April,wheat,Yes,Yes
M22_16S_g21_C02,April,WAKMP,wheat,B03,,M22_1111,Heading,4/19/23,Catawba,bulk_PENULT,penultimate_leaf,sample,21,6,5,NA,NA,NA,NA,NA,23.82,35.733357,-78.701549,97.4,16,419,4,4,0,0,3.69,0.36,1.94,0.78,0.14,0.23,66.4,65.6,18.7,4.82,5.35,0.01,10.5,0.51,1.12,8.7,78,1.9,5.3,668,109,1206,61,19,33.8,17.6,1.3,0.1,wheat_April,wheat,Yes,Yes
M22_16S_g21_E06,April,ROWVT,wheat,429,,M22_0684,Heading,4/27/23,Hilliard,bulk_PENULT,penultimate_leaf,sample,21,6,5,12.99,94,56.6,76,NA,10.04,35.697219,-80.623181,88.4,15,469,0,5,0,2,3.67,0.3,1.14,1.16,0.37,0.29,72.4,216,24.6,7.62,4.96,0,12,0.41,0.93,8.2,79,1.7,5.8,307,78,859,246,20,216,11,3.8,0.1,wheat_April,wheat,Yes,Yes
M22_16S_g22_C03,April,LENVT,wheat,401,,M22_0049,Heading,4/20/23,Catawba,bulk_PENULT,penultimate_leaf,sample,22,6,5,2.88,48,NA,19.3,NA,10.42,35.377221,-77.560081,61.4,16.4,335,4,4,2,NA,3.91,0.1,0.96,0.27,0.1,0.23,61.1,39.8,17.3,6.68,3.3,0.01,14.3,0.36,1.17,3.3,52,1.6,4.8,34,88,238,34,21,21.4,4.2,0.6,0.1,wheat_April,wheat,Yes,Yes
M22_16S_g22_F01,April,UNIVT,wheat,551,,M22_0915,Heading,4/28/23,USG3640,bulk_PENULT,penultimate_leaf,sample,22,6,5,10.43,79,61.1,61.55788412,NA,16.94,34.947674,-80.424419,78,16.4,407,3,4,0,0,3.3,0.32,1.38,0.83,0.14,0.24,72.6,50.9,14,8.3,8.33,0.01,8.36,0.32,0.8,13,91,1.2,6.5,230,48,2215,72,29,54.3,13.4,10.8,0.1,wheat_April,wheat,Yes,Yes
M22_16S_g22_G01,April,LENVT,wheat,471,,M22_0051,Heading,4/20/23,Hilliard,bulk_PENULT,penultimate_leaf,sample,22,6,5,5.68,51,59.2,33.9,NA,10.1,35.376978,-77.560024,70.2,16.4,335,2,4,0,NA,3.86,0.1,1.33,0.37,0.13,0.27,69.5,45.6,24.6,8.01,3.32,0.01,26.2,0.46,1.2,3.3,56,1.4,4.9,42,84,270,32,19,15.4,5.3,0.6,0.1,wheat_April,wheat,Yes,Yes
M22_16S_g22_G07,April,LENVT,wheat,222,,M22_0041,Heading,4/20/23,USG3640,bulk_PENULT,penultimate_leaf,sample,22,6,5,6.54,64,58.5,38.9,NA,9.14,35.377728,-77.560512,81,16.4,335,2,5,0,NA,3.47,0.13,1.35,0.39,0.12,0.25,74.8,21.7,14.1,7.32,3.76,0.01,23,0.66,1.16,4.1,70,1.2,5.5,66,133,405,59,19,16.4,3.4,0.8,0.1,wheat_April,wheat,Yes,Yes
M22_16S_g23_A05,April,ROWVT,wheat,506,,M22_0687,Heading,4/27/23,Catawba,bulk_PENULT,penultimate_leaf,sample,23,6,5,8.66,93,56.3,50.6,NA,10.78,35.697332,-80.622931,80.4,15,469,0,5,0,0,3.61,0.27,0.94,0.76,0.26,0.26,70.8,202,20.2,8.81,5.21,0.01,8.53,0.32,0.91,8.5,80,1.7,6,292,78,914,254,19,266.4,10.3,3.9,0.1,wheat_April,wheat,Yes,Yes
M22_16S_g23_D02,April,PERVT,wheat,219,,M22_0253,Heading,5/5/23,Hilliard,bulk_PENULT,penultimate_leaf,sample,23,6,5,14.95,97,58.6,89.5,8.9,22.58,36.179719,-76.359099,94.4,15.7,361,1,6,0,NA,2.63,0.18,1.36,0.68,0.26,0.15,77.6,19.4,13.3,6.51,3.39,0.01,17.6,0.36,0.91,6.3,87,0.8,6.1,55,56,797,172,11,9.5,2.9,1.7,0.1,wheat_April,wheat,Yes,Yes
M22_16S_g23_D05,April,ROBVT,wheat,562,,M22_0487,Heading,4/24/23,Hilliard,bulk_PENULT,penultimate_leaf,sample,23,6,5,NA,NA,NA,NA,NA,8.28,34.511964,-79.308017,85.4,18.1,296,0,3,0,NA,3.35,0.23,1.72,0.46,0.16,0.18,62.9,50.5,18.8,7.07,4,0,9.31,0.81,1.13,5.5,72,1.5,5.6,275,130,577,91,14,18.8,6.2,1.5,0,wheat_April,wheat,Yes,Yes
M22_16S_g23_E03,April,LENVT,wheat,269,,M22_0043,Heading,4/20/23,Shirley,bulk_PENULT,penultimate_leaf,sample,23,6,5,5.74,63,52.6,33.7,NA,9.82,35.377588,-77.560359,59.8,16.4,335,4,8,7,NA,3.76,0.19,1.85,0.37,0.12,0.25,73,23.5,21.1,10.1,4.16,0.01,8.3,0.6,1.14,4.4,78,1,5.7,63,129,511,65,16,18,5,0.7,0.1,wheat_April,wheat,Yes,Yes
M22_16S_g24_C08,April,PERVT,wheat,318,,M22_0258,Heading,5/5/23,USG3640,bulk_PENULT,penultimate_leaf,sample,24,6,5,9.8,90,55.2,59.3,10.3,25.82,36.179812,-76.359413,88.2,15.7,361,5,5,0,3,2.2,0.19,1.15,0.75,0.26,0.15,55.7,23.4,10.1,5.85,3.81,0.01,22.8,0.36,0.87,6.2,84,1,5.8,73,78,719,172,11,8.1,3,1.6,0.1,wheat_April,wheat,Yes,Yes
M22_16S_g24_E09,April,ROBVT,wheat,384,,M22_0472,Heading,4/24/23,Catawba,bulk_PENULT,penultimate_leaf,sample,24,6,5,NA,NA,NA,NA,NA,6.06,34.511702,-79.307358,75.8,18.1,296,1,2,0,NA,3.06,0.24,1.56,0.29,0.14,0.17,55.2,21.4,14.5,5.56,4.35,0,6.17,0.41,1.22,4.4,76,1.1,5.8,121,82,466,98,9,11.3,4.4,0.5,0,wheat_April,wheat,Yes,Yes
M22_16S_g24_E10,April,ROWVT,wheat,482,,M22_0686,Heading,4/27/23,USG3640,bulk_PENULT,penultimate_leaf,sample,24,6,5,7.45,88,52.8,42.6,NA,11.8,35.697383,-80.623142,71.8,15,469,0,4,0,2,3.4,0.26,1.17,1.03,0.25,0.3,67.4,241,18.6,7.63,4,0.01,10.4,0.32,0.93,7.7,75,1.9,5.6,300,92,758,213,22,312.3,11.8,4,0.1,wheat_April,wheat,Yes,Yes
M22_16S_g24_H11,April,UNIVT,wheat,201,,M22_0902,Heading,4/28/23,Hilliard,bulk_PENULT,penultimate_leaf,sample,24,6,5,17.55,86,60,102.6374317,9,8.28,34.948831,-80.424662,97.4,16.4,407,0,2,0,0,3.26,0.24,1.5,0.79,0.18,0.18,76.3,42.2,16.7,6.83,12.2,0.01,10.7,0.36,0.83,13.7,90,1.3,6.4,305,87,2263,108,24,37.9,14.2,10.3,0.1,wheat_April,wheat,Yes,Yes
M22_16S_g25_A08,April,WASVT,wheat,554,,M22_1374,Heading,5/9/23,Shirley,bulk_PENULT,penultimate_leaf,sample,25,7,5,12.63,75,55.6,77,NA,19.82,35.849579,-76.658005,79.2,16.2,364,0,0,0,NA,3.48,0.21,1.22,0.55,0.23,0.22,95.4,125,14.5,7.69,4.58,0.01,32.1,3.77,0.98,11,79,2.3,5.7,84,74,1163,333,12,1.7,0.7,0.8,0.1,wheat_April,wheat,Yes,Yes
M22_16S_g25_E09,April,ROBVT,wheat,510,,M22_0486,Heading,4/24/23,Catawba,bulk_PENULT,penultimate_leaf,sample,25,7,5,NA,NA,NA,NA,NA,5.92,34.511989,-79.307717,80.6,18.1,296,1,4,1,NA,3.47,0.27,1.48,0.45,0.2,0.2,63.4,18.6,17.2,7.77,4.61,0.01,5.48,0.36,1.18,6.3,89,0.7,6.6,110,54,834,154,9,15.3,8.4,0.7,0,wheat_April,wheat,Yes,Yes
M22_16S_g25_H03,April,ROWVT,wheat,562,,M22_0688,Heading,4/27/23,Shirley,bulk_PENULT,penultimate_leaf,sample,25,7,5,17.03,89,56.8,99.8,NA,12.68,35.697562,-80.622822,85.8,15,469,0,4,0,0,4.01,0.33,1.11,1.16,0.29,0.29,88.7,317,24.7,8.79,5.63,0.01,6.62,0.32,0.89,9.8,84,1.6,6.1,291,76,1068,320,24,287.5,9.9,4.9,0.1,wheat_April,wheat,Yes,Yes
M22_16S_g26_B07,April,UNIVT,wheat,465,,M22_0913,Heading,4/28/23,USG3640,bulk_PENULT,penultimate_leaf,sample,26,7,5,10.58,81,61.5,62.23006779,9.7,19.02,34.947925,-80.424471,81.6,16.4,407,1,5,0,1,3.06,0.28,1.51,0.48,0.11,0.19,77.9,30,14.6,6.74,6.58,0,6.27,0.32,0.77,12.4,89,1.4,6.4,188,62,1992,104,27,43.5,15,9,0.2,wheat_April,wheat,Yes,Yes
M22_16S_g26_C01,April,UNIVT,wheat,510,,M22_0914,Heading,4/28/23,Hilliard,bulk_PENULT,penultimate_leaf,sample,26,7,5,17.38,94,60.4,102.5768002,NA,16.06,34.947817,-80.424514,95,16.4,407,0,2,0,0,3.3,0.25,1.43,0.86,0.18,0.21,74.3,59.3,16,7.18,8.23,0.01,8.87,0.32,0.8,13.1,91,1.2,6.5,202,66,2211,77,34,59.8,14.2,9.5,0.2,wheat_April,wheat,Yes,Yes
M22_16S_g26_C03,April,WASVT,wheat,423,,M22_1368,Heading,5/9/23,Shirley,bulk_PENULT,penultimate_leaf,sample,26,7,5,12.43,64,55.5,76.3,NA,20.06,35.849465,-76.6575,74.6,16.2,364,0,0,0,NA,3.27,0.18,1.02,0.71,0.28,0.2,86.3,112,13.2,7.18,4.37,0.01,29.6,3.67,1,10.7,77,2.4,5.6,67,50,1160,289,14,2.8,1,1,0.1,wheat_April,wheat,Yes,Yes
M22_16S_g26_E11,April,WASVT,wheat,251,,M22_1361,Heading,5/9/23,Hilliard,bulk_PENULT,penultimate_leaf,sample,26,7,5,11.83,69,55.9,71.4,NA,16.82,35.849402,-76.656793,78.4,16.2,364,0,0,0,NA,2.98,0.12,1.16,0.52,0.26,0.15,78.7,94.3,13.8,6.25,4.27,0.01,31.2,4.32,0.95,10.2,73,2.7,5.4,55,91,1041,254,15,3.1,1.3,0.7,0.1,wheat_April,wheat,Yes,Yes
M22_16S_g26_F06,April,PERVT,wheat,282,,M22_0256,Heading,5/5/23,Shirley,bulk_PENULT,penultimate_leaf,sample,26,7,5,13.83,89,57.1,83.7,8.9,21.06,36.180025,-76.359025,88,15.7,361,2,4,0,NA,2.89,0.26,1.4,0.73,0.23,0.18,137,96.9,14.5,5.46,3.86,0,14.4,0.46,0.88,5.7,84,0.9,5.9,65,51,695,144,10,11.9,2.5,1.9,0.1,wheat_April,wheat,Yes,Yes
M22_16S_g26_G11,April,ROBVT,wheat,422,,M22_0482,Heading,4/24/23,Catawba,bulk_PENULT,penultimate_leaf,sample,26,7,5,NA,NA,NA,NA,NA,8.24,34.511903,-79.307422,64.2,18.1,296,3,4,1,NA,3.43,0.22,1.43,0.27,0.11,0.18,54.2,38.3,12.8,5.38,3.96,0,9.68,0.32,1.24,3.6,63,1.3,5.4,95,55,337,56,9,7,3.7,0.4,0,wheat_April,wheat,Yes,Yes
M22_16S_g26_H03,April,WASVT,wheat,340,,M22_1367,Heading,5/9/23,Catawba,bulk_PENULT,penultimate_leaf,sample,26,7,5,9.4,72,51.9,57.5,NA,21.06,35.849247,-76.657195,81,16.2,364,0,0,0,NA,2.06,0.1,0.78,0.5,0.25,0.13,82.6,176,7.65,3.79,6.17,0.01,81.3,3.47,0.98,10.8,74,2.8,5.5,81,77,1102,286,11,2.6,1.4,0.7,0.1,wheat_April,wheat,Yes,Yes
M22_16S_g27_A06,April,ROWVT,wheat,359,,M22_0680,Heading,4/27/23,Shirley,bulk_PENULT,penultimate_leaf,sample,27,7,5,15.74,91,53,92.3,NA,9.92,35.697076,-80.623279,85.4,15,469,0,2,0,0,3.95,0.33,0.92,1.45,0.36,0.35,89,362,24.7,9.02,5.42,0.01,8.94,0.41,0.96,7.6,79,1.6,5.9,229,46,797,232,21,283.5,12.7,3.8,0.1,wheat_April,wheat,Yes,Yes
M22_16S_g27_B09,April,ROBVT,wheat,274,,M22_0467,Heading,4/24/23,USG3640,bulk_PENULT,penultimate_leaf,sample,27,7,5,NA,NA,NA,NA,NA,8.12,34.511739,-79.30685,70,18.1,296,3,4,0,NA,3.82,0.22,1.65,0.32,0.13,0.22,67.2,16.1,16,7.5,3.45,0,3.76,0.32,1.12,6.6,93,0.4,7,100,42,882,196,10,13,5.3,0.6,0,wheat_April,wheat,Yes,Yes
M22_16S_g27_D11,April,ROBVT,wheat,284,,M22_0468,Heading,4/24/23,Shirley,bulk_PENULT,penultimate_leaf,sample,27,7,5,NA,NA,NA,NA,NA,6.74,34.511624,-79.306964,62.8,18.1,296,1,2,0,NA,4.09,0.28,1.61,0.38,0.12,0.18,80,35.6,18.9,7.51,4.33,0,6.49,0.46,1.22,5.7,83,1,6.1,136,68,702,129,10,13.4,6.2,0.7,0,wheat_April,wheat,Yes,Yes
M22_16S_g27_F08,April,PERVT,wheat,436,,M22_0262,Heading,5/5/23,Shirley,bulk_PENULT,penultimate_leaf,sample,27,7,5,14.88,84,58,89.4,9.8,20.74,36.180131,-76.35974,91.4,15.7,361,3,3,0,NA,3.34,0.25,1.54,0.72,0.21,0.19,99.5,42.4,14.1,6.28,4.03,0,14.7,0.41,0.9,6.5,88,0.8,6.1,67,63,827,170,13,10.2,2.1,1.2,0.2,wheat_April,wheat,Yes,Yes
M22_16S_g27_F11,April,UNIVT,wheat,455,,M22_0912,Heading,4/28/23,Shirley,bulk_PENULT,penultimate_leaf,sample,27,7,5,17.33,84,59.6,102.5144229,9.2,11.86,34.947966,-80.424609,83,16.4,407,0,3,0,0,3.56,0.28,1.59,0.69,0.14,0.21,81.8,74.6,15.8,6.93,10.1,0,5.66,0.32,0.81,13.6,90,1.4,6.4,202,75,2265,83,26,50.3,14.5,10.2,0.1,wheat_April,wheat,Yes,Yes
M22_16S_g28_E09,April,UNIVT,wheat,338,,M22_0908,Heading,4/28/23,Catawba,bulk_PENULT,penultimate_leaf,sample,28,7,5,13.7,89,57.4,82.05327538,10.8,11.54,34.948465,-80.424435,98.6,16.4,407,0,2,0,0,3.36,0.3,1.69,0.65,0.18,0.24,74.4,60.2,15.2,6.72,10.4,0.01,11.5,0.41,0.85,12,88,1.5,6.3,238,72,1952,69,24,45,12.1,9.8,0.1,wheat_April,wheat,Yes,Yes
M22_16S_g28_G02,April,ROBVT,wheat,360,,M22_0470,Heading,4/24/23,USG3640,bulk_PENULT,penultimate_leaf,sample,28,7,5,NA,NA,NA,NA,NA,5.4,34.511645,-79.307161,74.4,18.1,296,3,5,0,NA,3.8,0.24,1.67,0.37,0.13,0.21,67.8,23.4,20.1,7.46,3.99,0.01,5.93,0.46,1.19,5.2,78,1.1,6,98,54,604,112,9,12.5,5.1,0.5,0,wheat_April,wheat,Yes,Yes
M22_16S_g29_A05,April,LENVT,wheat,581,,M22_0056,Heading,4/20/23,Catawba,bulk_PENULT,penultimate_leaf,sample,29,8,5,4.24,66,55.9,25,NA,15.44,35.376599,-77.559831,58.8,16.4,335,6,6,2,NA,3.84,0.23,1.78,0.29,0.11,0.27,67.4,34.2,19.3,8.55,3.01,0,10.7,0.86,1.05,6.7,80,1.4,5.8,80,143,742,152,34,14.1,6,1,0.1,wheat_April,wheat,Yes,Yes
M22_16S_g29_B05,April,WAKMP,wheat,B15,,M22_1121,Heading,4/19/23,USG3540,bulk_PENULT,penultimate_leaf,sample,29,8,5,NA,NA,NA,NA,NA,23.86,35.732941,-78.701558,87.4,16,419,6,4,0,3,3.42,0.34,1.94,0.73,0.13,0.34,62.3,66.1,21,3.26,4.8,0.01,14.2,0.46,1.15,6.3,68,2,4.9,492,66,731,53,23,29.8,13,0.9,0.1,wheat_April,wheat,Yes,Yes
M22_16S_g29_F02,April,LENVT,wheat,555,,M22_0054,Heading,4/20/23,USG3640,bulk_PENULT,penultimate_leaf,sample,29,8,5,7.96,58,59,47.2,NA,13,35.376687,-77.560219,83.2,16.4,335,3,6,0,NA,3.73,0.21,1.8,0.43,0.12,0.27,82,26.6,15.2,7.68,3.82,0.01,27.9,1.25,1.05,6.9,79,1.5,5.9,101,224,733,145,28,15.6,5.2,0.7,0.1,wheat_April,wheat,Yes,Yes
M22_16S_g29_F09,April,ROBVT,wheat,452,,M22_0483,Heading,4/24/23,USG3640,bulk_PENULT,penultimate_leaf,sample,29,8,5,NA,NA,NA,NA,NA,4.32,34.511935,-79.307527,74.6,18.1,296,2,3,0,NA,3.57,0.26,1.76,0.26,0.1,0.19,58,21.9,16.6,7.23,3.3,0,5.46,0.32,1.24,3.6,69,1.1,5.5,106,52,374,63,8,10.6,4.1,0.5,0,wheat_April,wheat,Yes,Yes
M22_16S_g30_A05,April,LENVT,wheat,272,,M22_0044,Heading,4/20/23,Hilliard,bulk_PENULT,penultimate_leaf,sample,30,8,5,7.25,62,59.3,43.1,NA,10.48,35.3776,-77.560296,75,16.4,335,2,4,2,NA,4.01,0.13,1.57,0.41,0.15,0.27,70.2,19.6,20,8.26,3.11,0.01,11.3,0.46,1.15,5,81,1,6,60,123,611,84,18,17,4.8,0.8,0.1,wheat_April,wheat,Yes,Yes
M22_16S_g30_A07,April,UNIVT,wheat,566,,M22_0917,Heading,4/28/23,Catawba,bulk_PENULT,penultimate_leaf,sample,30,8,5,12.85,86,58,76.61725595,NA,10.48,34.947637,-80.424261,92.6,16.4,407,0,2,0,0,2.88,0.26,1.5,0.51,0.19,0.18,79.6,66.5,12.1,5.22,9.76,0.01,9.29,0.41,0.89,11,90,1.1,6.3,181,91,1786,89,20,37.2,7.1,8.1,0.1,wheat_April,wheat,Yes,Yes
M22_16S_g30_C12,April,ROBVT,wheat,407,,M22_0481,Heading,4/24/23,Hilliard,bulk_PENULT,penultimate_leaf,sample,30,8,5,NA,NA,NA,NA,NA,5,34.511862,-79.307337,82.4,18.1,296,1,3,0,NA,3.4,0.21,1.53,0.44,0.18,0.17,61.1,20.6,15.6,6.31,4.12,0,7.66,0.32,1.26,4.7,82,0.8,6.2,83,53,559,113,9,10,4.5,0.7,0,wheat_April,wheat,Yes,Yes
M22_16S_g30_E09,April,LENVT,wheat,529,,M22_0053,Heading,4/20/23,Shirley,bulk_PENULT,penultimate_leaf,sample,30,8,5,5.45,54,50.9,32.1,NA,11.52,35.376828,-77.55993,63.4,16.4,335,4,7,8,NA,3.68,0.21,1.57,0.35,0.1,0.22,73.5,27.9,22.5,7.99,3.49,0,9.47,0.51,1.15,3.8,68,1.2,5.5,68,95,362,64,18,14.1,5.6,0.8,0.1,wheat_April,wheat,Yes,Yes
M22_16S_g31_C07,April,WASVT,wheat,477,,M22_1370,Heading,5/9/23,USG3640,bulk_PENULT,penultimate_leaf,sample,31,8,5,14,83,53.4,84.9,NA,19.8,35.849255,-76.657706,85.4,16.2,364,0,0,0,NA,1.88,0.08,0.84,0.68,0.26,0.12,65.8,43.2,8.07,5.07,4.45,0.01,67.8,3.77,0.98,10.5,79,2.2,5.7,56,51,1127,301,14,2,1.2,0.8,0.1,wheat_April,wheat,Yes,Yes
M22_16S_g31_C09,April,WASVT,wheat,546,,M22_1373,Heading,5/9/23,Catawba,bulk_PENULT,penultimate_leaf,sample,31,8,5,10.32,73,55.3,62.6,NA,16.72,35.849437,-76.65801,82.6,16.2,364,0,0,0,NA,1.78,0.13,0.98,0.48,0.28,0.12,72.3,39.4,6.7,3.88,6.22,0.01,65.4,3.67,0.99,11.5,82,2.1,5.8,61,66,1278,348,13,2.1,1,0.8,0.1,wheat_April,wheat,Yes,Yes
M22_16S_g01_D07,May,ROWVT,wheat,577,,M22_2853,Post_heading,5/10/23,Hilliard,bulk_post_head,flag_leaf,sample,1,1,5,10.87,90,54.5,63.8,NA,NA,35.697639,-80.623136,90,21.2,561,0,4,0,2,NA,NA,NA,NA,NA,NA,NA,NA,NA,NA,NA,NA,NA,NA,NA,NA,NA,NA,NA,NA,NA,NA,NA,NA,NA,NA,NA,NA,wheat_May,wheat,Yes,Yes
M22_16S_g01_E01,May,UNIVT,wheat,331,,M22_2863,Post_heading,5/10/23,Shirley,bulk_post_head,flag_leaf,sample,1,1,1.16,16.72,81,58.2,99.01827551,8.6,NA,34.948415,-80.424576,81,22.4,476,0,1,0,0,NA,NA,NA,NA,NA,NA,NA,NA,NA,NA,NA,NA,NA,NA,NA,NA,NA,NA,NA,NA,NA,NA,NA,NA,NA,NA,NA,NA,wheat_May,wheat,Yes,Yes
M22_16S_g02_F03,May,PERVT,wheat,277,,M22_2793,Post_heading,5/16/23,Catawba,bulk_post_head,flag_leaf,sample,2,1,5,13.19,96,59.1,79.5,10.2,NA,36.179966,-76.359101,96,21.3,489,5,4,0,NA,NA,NA,NA,NA,NA,NA,NA,NA,NA,NA,NA,NA,NA,NA,NA,NA,NA,NA,NA,NA,NA,NA,NA,NA,NA,NA,NA,NA,wheat_May,wheat,Yes,Yes
M22_16S_g02_H12,May,UNIVT,wheat,455,,M22_2870,Post_heading,5/10/23,Shirley,bulk_post_head,flag_leaf,sample,2,1,5,17.33,84,59.6,102.5144229,9.2,NA,34.947966,-80.424609,84,22.4,476,0,3,0,0,NA,NA,NA,NA,NA,NA,NA,NA,NA,NA,NA,NA,NA,NA,NA,NA,NA,NA,NA,NA,NA,NA,NA,NA,NA,NA,NA,NA,wheat_May,wheat,Yes,Yes
M22_16S_g03_D04,May,ROBVT,wheat,274,,M22_2816,Post_heading,5/18/23,USG_3640,bulk_post_head,flag_leaf,sample,3,1,5,NA,NA,NA,NA,NA,NA,34.511739,-79.30685,NA,23.7,346,3,4,0,NA,NA,NA,NA,NA,NA,NA,NA,NA,NA,NA,NA,NA,NA,NA,NA,NA,NA,NA,NA,NA,NA,NA,NA,NA,NA,NA,NA,NA,wheat_May,wheat,Yes,Yes
M22_16S_g03_F06,May,ROWVT,wheat,205,,M22_2835,Post_heading,5/10/23,USG_3640,bulk_post_head,flag_leaf,sample,3,1,5,6.24,94,46.6,33.4,NA,NA,35.696667,-80.623368,94,21.2,561,1,5,0,3,NA,NA,NA,NA,NA,NA,NA,NA,NA,NA,NA,NA,NA,NA,NA,NA,NA,NA,NA,NA,NA,NA,NA,NA,NA,NA,NA,NA,wheat_May,wheat,Yes,Yes
M22_16S_g03_H05,May,WASVT,wheat,461,,M22_2900,Post_heading,5/26/23,Hilliard,bulk_post_head,flag_leaf,sample,3,1,5,15.02,77,56.2,92.1,NA,NA,35.849539,-76.657698,77,21.6,504,0,0,0,NA,NA,NA,NA,NA,NA,NA,NA,NA,NA,NA,NA,NA,NA,NA,NA,NA,NA,NA,NA,NA,NA,NA,NA,NA,NA,NA,NA,NA,wheat_May,wheat,Yes,Yes
M22_16S_g04_B03,May,ROBVT,wheat,502,,M22_2828,Post_heading,5/18/23,Shirley,bulk_post_head,flag_leaf,sample,4,1,5,NA,NA,NA,NA,NA,NA,34.511846,-79.307734,NA,23.7,346,2,4,0,NA,NA,NA,NA,NA,NA,NA,NA,NA,NA,NA,NA,NA,NA,NA,NA,NA,NA,NA,NA,NA,NA,NA,NA,NA,NA,NA,NA,NA,wheat_May,wheat,Yes,Yes
M22_16S_g04_C01,May,ROWVT,wheat,422,,M22_2845,Post_heading,5/10/23,Catawba,bulk_post_head,flag_leaf,sample,4,1,5,9.53,96,52.1,53.8,NA,NA,35.697254,-80.623328,96,21.2,561,0,1,0,0,NA,NA,NA,NA,NA,NA,NA,NA,NA,NA,NA,NA,NA,NA,NA,NA,NA,NA,NA,NA,NA,NA,NA,NA,NA,NA,NA,NA,wheat_May,wheat,Yes,Yes
M22_16S_g04_D04,May,UNIVT,wheat,465,,M22_2871,Post_heading,5/10/23,USG_3640,bulk_post_head,flag_leaf,sample,4,1,5,10.58,81,61.5,62.23006779,9.7,NA,34.947925,-80.424471,81,22.4,476,1,5,0,1,NA,NA,NA,NA,NA,NA,NA,NA,NA,NA,NA,NA,NA,NA,NA,NA,NA,NA,NA,NA,NA,NA,NA,NA,NA,NA,NA,NA,wheat_May,wheat,Yes,Yes
M22_16S_g05_A01,May,LENVT,wheat,529,,M22_2775,Post_heading,5/18/23,Shirley,bulk_post_head,flag_leaf,sample,5,2,5,5.45,54,50.9,32.1,NA,NA,35.376828,-77.55993,54,22.3,452,4,7,8,NA,NA,NA,NA,NA,NA,NA,NA,NA,NA,NA,NA,NA,NA,NA,NA,NA,NA,NA,NA,NA,NA,NA,NA,NA,NA,NA,NA,NA,wheat_May,wheat,Yes,Yes
M22_16S_g05_A03,May,WASVT,wheat,318,,M22_2893,Post_heading,5/26/23,Hilliard,bulk_post_head,flag_leaf,sample,5,2,5,14.19,79,57.4,86.7,NA,NA,35.849584,-76.657093,79,21.6,504,0,0,0,NA,NA,NA,NA,NA,NA,NA,NA,NA,NA,NA,NA,NA,NA,NA,NA,NA,NA,NA,NA,NA,NA,NA,NA,NA,NA,NA,NA,NA,wheat_May,wheat,Yes,Yes
M22_16S_g05_A09,May,WASVT,wheat,275,,M22_2891,Post_heading,5/26/23,Shirley,bulk_post_head,flag_leaf,sample,5,2,5,11.06,62,53.8,66.8,NA,NA,35.84935,-76.656894,62,21.6,504,0,2,8,NA,NA,NA,NA,NA,NA,NA,NA,NA,NA,NA,NA,NA,NA,NA,NA,NA,NA,NA,NA,NA,NA,NA,NA,NA,NA,NA,NA,NA,wheat_May,wheat,Yes,Yes
M22_16S_g05_C04,May,PERVT,wheat,318,,M22_2797,Post_heading,5/16/23,USG_3640,bulk_post_head,flag_leaf,sample,5,2,5,9.8,90,55.2,59.3,10.3,NA,36.179812,-76.359413,90,21.3,489,5,5,0,3,NA,NA,NA,NA,NA,NA,NA,NA,NA,NA,NA,NA,NA,NA,NA,NA,NA,NA,NA,NA,NA,NA,NA,NA,NA,NA,NA,NA,wheat_May,wheat,Yes,Yes
M22_16S_g05_C11,May,UNIVT,wheat,430,,M22_2868,Post_heading,5/10/23,Hilliard,bulk_post_head,flag_leaf,sample,5,2,5,17.46,102,59.1,102.8144917,8.8,NA,34.948124,-80.424406,102,22.4,476,0,3,0,0,NA,NA,NA,NA,NA,NA,NA,NA,NA,NA,NA,NA,NA,NA,NA,NA,NA,NA,NA,NA,NA,NA,NA,NA,NA,NA,NA,NA,wheat_May,wheat,Yes,Yes
M22_16S_g06_B10,May,UNIVT,wheat,236,,M22_2860,Post_heading,5/10/23,Catawba,bulk_post_head,flag_leaf,sample,6,2,5,12.6,74,58,75.46505618,9.5,NA,34.948747,-80.424663,74,22.4,476,1,2,0,0,NA,NA,NA,NA,NA,NA,NA,NA,NA,NA,NA,NA,NA,NA,NA,NA,NA,NA,NA,NA,NA,NA,NA,NA,NA,NA,NA,NA,wheat_May,wheat,Yes,Yes
M22_16S_g06_C06,May,ROBVT,wheat,314,,M22_2819,Post_heading,5/18/23,Shirley,bulk_post_head,flag_leaf,sample,6,2,5,NA,NA,NA,NA,NA,NA,34.511908,-79.306925,NA,23.7,346,1,1,0,NA,NA,NA,NA,NA,NA,NA,NA,NA,NA,NA,NA,NA,NA,NA,NA,NA,NA,NA,NA,NA,NA,NA,NA,NA,NA,NA,NA,NA,wheat_May,wheat,Yes,Yes
M22_16S_g06_D05,May,LENVT,wheat,401,,M22_2770,Post_heading,5/18/23,Catawba,bulk_post_head,flag_leaf,sample,6,2,5,2.88,48,NA,19.3,NA,NA,35.377221,-77.560081,48,22.3,452,4,4,2,NA,NA,NA,NA,NA,NA,NA,NA,NA,NA,NA,NA,NA,NA,NA,NA,NA,NA,NA,NA,NA,NA,NA,NA,NA,NA,NA,NA,NA,wheat_May,wheat,Yes,Yes
M22_16S_g07_C05,May,PERVT,wheat,445,,M22_2804,Post_heading,5/16/23,USG_3640,bulk_post_head,flag_leaf,sample,7,2,5,11.54,92,59.2,69.9,NA,NA,36.180252,-76.359609,92,21.3,489,4,8,0,1,NA,NA,NA,NA,NA,NA,NA,NA,NA,NA,NA,NA,NA,NA,NA,NA,NA,NA,NA,NA,NA,NA,NA,NA,NA,NA,NA,NA,wheat_May,wheat,Yes,Yes
M22_16S_g07_G05,May,UNIVT,wheat,554,,M22_2883,Post_heading,5/10/23,Shirley,bulk_post_head,flag_leaf,sample,7,2,5,16.51,89,59.3,97.88548051,NA,NA,34.947655,-80.424479,89,22.4,476,0,2,0,0,NA,NA,NA,NA,NA,NA,NA,NA,NA,NA,NA,NA,NA,NA,NA,NA,NA,NA,NA,NA,NA,NA,NA,NA,NA,NA,NA,NA,wheat_May,wheat,Yes,Yes
M22_16S_g08_E03,May,PERVT,wheat,553,,M22_2807,Post_heading,5/16/23,Hilliard,bulk_post_head,flag_leaf,sample,8,2,5,14.67,93,58.5,88.2,NA,NA,36.180444,-76.359931,93,21.3,489,2,5,0,NA,NA,NA,NA,NA,NA,NA,NA,NA,NA,NA,NA,NA,NA,NA,NA,NA,NA,NA,NA,NA,NA,NA,NA,NA,NA,NA,NA,NA,wheat_May,wheat,Yes,Yes
M22_16S_g08_E06,May,ROBVT,wheat,478,,M22_2827,Post_heading,5/18/23,Shirley,bulk_post_head,flag_leaf,sample,8,2,5,NA,NA,NA,NA,NA,NA,34.51168,-79.307665,NA,23.7,346,1,3,0,NA,NA,NA,NA,NA,NA,NA,NA,NA,NA,NA,NA,NA,NA,NA,NA,NA,NA,NA,NA,NA,NA,NA,NA,NA,NA,NA,NA,NA,wheat_May,wheat,Yes,Yes
M22_16S_g08_E09,May,LENVT,wheat,555,,M22_2785,Post_heading,5/18/23,USG_3640,bulk_post_head,flag_leaf,sample,8,2,5,7.96,58,59,47.2,NA,NA,35.376687,-77.560219,58,22.3,452,3,6,0,NA,NA,NA,NA,NA,NA,NA,NA,NA,NA,NA,NA,NA,NA,NA,NA,NA,NA,NA,NA,NA,NA,NA,NA,NA,NA,NA,NA,NA,wheat_May,wheat,Yes,Yes
M22_16S_g08_F04,May,ROWVT,wheat,482,,M22_2849,Post_heading,5/10/23,USG_3640,bulk_post_head,flag_leaf,sample,8,2,5,7.45,88,52.8,42.6,NA,NA,35.697383,-80.623142,88,21.2,561,0,4,0,2,NA,NA,NA,NA,NA,NA,NA,NA,NA,NA,NA,NA,NA,NA,NA,NA,NA,NA,NA,NA,NA,NA,NA,NA,NA,NA,NA,NA,wheat_May,wheat,Yes,Yes
M22_16S_g08_F08,May,LENVT,wheat,420,,M22_2771,Post_heading,5/18/23,Shirley,bulk_post_head,flag_leaf,sample,8,2,5,6.96,52,55.7,41.3,NA,NA,35.377099,-77.560266,52,22.3,452,3,7,2,NA,NA,NA,NA,NA,NA,NA,NA,NA,NA,NA,NA,NA,NA,NA,NA,NA,NA,NA,NA,NA,NA,NA,NA,NA,NA,NA,NA,NA,wheat_May,wheat,Yes,Yes
M22_16S_g08_G06,May,LENVT,wheat,566,,M22_2786,Post_heading,5/18/23,Hilliard,bulk_post_head,flag_leaf,sample,8,2,5,7.35,55,58.7,43.7,NA,NA,35.376646,-77.559983,55,22.3,452,2,5,0,NA,NA,NA,NA,NA,NA,NA,NA,NA,NA,NA,NA,NA,NA,NA,NA,NA,NA,NA,NA,NA,NA,NA,NA,NA,NA,NA,NA,NA,wheat_May,wheat,Yes,Yes
M22_16S_g08_H07,May,UNIVT,wheat,566,,M22_2884,Post_heading,5/10/23,Catawba,bulk_post_head,flag_leaf,sample,8,2,5,12.85,86,58,76.61725595,NA,NA,34.947637,-80.424261,86,22.4,476,0,2,0,0,NA,NA,NA,NA,NA,NA,NA,NA,NA,NA,NA,NA,NA,NA,NA,NA,NA,NA,NA,NA,NA,NA,NA,NA,NA,NA,NA,NA,wheat_May,wheat,Yes,Yes
M22_16S_g09_D11,May,PERVT,wheat,225,,M22_2792,Post_heading,5/16/23,USG_3640,bulk_post_head,flag_leaf,sample,9,3,5,9.13,88,56.9,55.6,10,NA,36.179798,-76.359011,88,21.3,489,3,7,0,1,NA,NA,NA,NA,NA,NA,NA,NA,NA,NA,NA,NA,NA,NA,NA,NA,NA,NA,NA,NA,NA,NA,NA,NA,NA,NA,NA,NA,wheat_May,wheat,Yes,Yes
M22_16S_g09_E07,May,LENVT,wheat,222,,M22_2760,Post_heading,5/18/23,USG_3640,bulk_post_head,flag_leaf,sample,9,3,5,6.54,64,58.5,38.9,NA,NA,35.377728,-77.560512,64,22.3,452,2,5,0,NA,NA,NA,NA,NA,NA,NA,NA,NA,NA,NA,NA,NA,NA,NA,NA,NA,NA,NA,NA,NA,NA,NA,NA,NA,NA,NA,NA,NA,wheat_May,wheat,Yes,Yes
M22_16S_g10_B06,May,ROBVT,wheat,562,,M22_2831,Post_heading,5/18/23,Hilliard,bulk_post_head,flag_leaf,sample,10,3,5,NA,NA,NA,NA,NA,NA,34.511964,-79.308017,NA,23.7,346,0,3,0,NA,NA,NA,NA,NA,NA,NA,NA,NA,NA,NA,NA,NA,NA,NA,NA,NA,NA,NA,NA,NA,NA,NA,NA,NA,NA,NA,NA,NA,wheat_May,wheat,Yes,Yes
M22_16S_g10_C11,May,WASVT,wheat,251,,M22_2889,Post_heading,5/26/23,Hilliard,bulk_post_head,flag_leaf,sample,10,3,5,11.83,69,55.9,71.4,NA,NA,35.849402,-76.656793,69,21.6,504,0,0,0,NA,NA,NA,NA,NA,NA,NA,NA,NA,NA,NA,NA,NA,NA,NA,NA,NA,NA,NA,NA,NA,NA,NA,NA,NA,NA,NA,NA,NA,wheat_May,wheat,Yes,Yes
M22_16S_g10_E06,May,ROWVT,wheat,227,,M22_2836,Post_heading,5/10/23,Hilliard,bulk_post_head,flag_leaf,sample,10,3,5,12.59,92,55,71.5,NA,NA,35.696813,-80.623607,92,21.2,561,2,5,0,2,NA,NA,NA,NA,NA,NA,NA,NA,NA,NA,NA,NA,NA,NA,NA,NA,NA,NA,NA,NA,NA,NA,NA,NA,NA,NA,NA,NA,wheat_May,wheat,Yes,Yes
M22_16S_g11_D07,May,ROBVT,wheat,510,,M22_2829,Post_heading,5/18/23,Catawba,bulk_post_head,flag_leaf,sample,11,3,5,NA,NA,NA,NA,NA,NA,34.511989,-79.307717,NA,23.7,346,1,4,1,NA,NA,NA,NA,NA,NA,NA,NA,NA,NA,NA,NA,NA,NA,NA,NA,NA,NA,NA,NA,NA,NA,NA,NA,NA,NA,NA,NA,NA,wheat_May,wheat,Yes,Yes
M22_16S_g11_F08,May,ROBVT,wheat,360,,M22_2820,Post_heading,5/18/23,USG_3640,bulk_post_head,flag_leaf,sample,11,3,5,NA,NA,NA,NA,NA,NA,34.511645,-79.307161,NA,23.7,346,3,5,0,NA,NA,NA,NA,NA,NA,NA,NA,NA,NA,NA,NA,NA,NA,NA,NA,NA,NA,NA,NA,NA,NA,NA,NA,NA,NA,NA,NA,NA,wheat_May,wheat,Yes,Yes
M22_16S_g11_G04,May,ROBVT,wheat,384,,M22_2822,Post_heading,5/18/23,Catawba,bulk_post_head,flag_leaf,sample,11,3,5,NA,NA,NA,NA,NA,NA,34.511702,-79.307358,NA,23.7,346,1,2,0,NA,NA,NA,NA,NA,NA,NA,NA,NA,NA,NA,NA,NA,NA,NA,NA,NA,NA,NA,NA,NA,NA,NA,NA,NA,NA,NA,NA,NA,wheat_May,wheat,Yes,Yes
M22_16S_g12_A05,May,ROWVT,wheat,235,,M22_2837,Post_heading,5/10/23,Catawba,bulk_post_head,flag_leaf,sample,12,3,5,8.98,98,52.6,51.6,NA,NA,35.69677,-80.623442,98,21.2,561,0,0,0,0,NA,NA,NA,NA,NA,NA,NA,NA,NA,NA,NA,NA,NA,NA,NA,NA,NA,NA,NA,NA,NA,NA,NA,NA,NA,NA,NA,NA,wheat_May,wheat,Yes,Yes
M22_16S_g12_B09,May,ROWVT,wheat,370,,M22_2844,Post_heading,5/10/23,Catawba,bulk_post_head,flag_leaf,sample,12,3,5,9.01,98,56.6,52.5,NA,NA,35.697019,-80.623048,98,21.2,561,1,1,0,0,NA,NA,NA,NA,NA,NA,NA,NA,NA,NA,NA,NA,NA,NA,NA,NA,NA,NA,NA,NA,NA,NA,NA,NA,NA,NA,NA,NA,wheat_May,wheat,Yes,Yes
M22_16S_g12_E10,May,WASVT,wheat,546,,M22_2904,Post_heading,5/26/23,Catawba,bulk_post_head,flag_leaf,sample,12,3,5,10.32,73,55.3,62.6,NA,NA,35.849437,-76.65801,73,21.6,504,0,0,0,NA,NA,NA,NA,NA,NA,NA,NA,NA,NA,NA,NA,NA,NA,NA,NA,NA,NA,NA,NA,NA,NA,NA,NA,NA,NA,NA,NA,NA,wheat_May,wheat,Yes,Yes
M22_16S_g12_G02,May,PERVT,wheat,456,,M22_2805,Post_heading,5/16/23,Catawba,bulk_post_head,flag_leaf,sample,12,3,5,12.46,94,60.5,75.6,10.6,NA,36.180408,-76.35956,94,21.3,489,4,4,0,NA,NA,NA,NA,NA,NA,NA,NA,NA,NA,NA,NA,NA,NA,NA,NA,NA,NA,NA,NA,NA,NA,NA,NA,NA,NA,NA,NA,NA,wheat_May,wheat,Yes,Yes
M22_16S_g12_G11,May,UNIVT,wheat,224,,M22_2859,Post_heading,5/10/23,USG_3640,bulk_post_head,flag_leaf,sample,12,3,5,10.16,84,61.3,60.23721877,11,NA,34.948662,-80.424906,84,22.4,476,5,5,0,3,NA,NA,NA,NA,NA,NA,NA,NA,NA,NA,NA,NA,NA,NA,NA,NA,NA,NA,NA,NA,NA,NA,NA,NA,NA,NA,NA,NA,wheat_May,wheat,Yes,Yes
M22_16S_g13_B03,May,ROBVT,wheat,217,,M22_2814,Post_heading,5/18/23,Catawba,bulk_post_head,flag_leaf,sample,13,4,5,NA,NA,NA,NA,NA,NA,34.511888,-79.306529,NA,23.7,346,3,3,1,NA,NA,NA,NA,NA,NA,NA,NA,NA,NA,NA,NA,NA,NA,NA,NA,NA,NA,NA,NA,NA,NA,NA,NA,NA,NA,NA,NA,NA,wheat_May,wheat,Yes,Yes
M22_16S_g13_B06,May,UNIVT,wheat,510,,M22_2881,Post_heading,5/10/23,Hilliard,bulk_post_head,flag_leaf,sample,13,4,5,17.38,94,60.4,102.5768002,NA,NA,34.947817,-80.424514,94,22.4,476,0,2,0,0,NA,NA,NA,NA,NA,NA,NA,NA,NA,NA,NA,NA,NA,NA,NA,NA,NA,NA,NA,NA,NA,NA,NA,NA,NA,NA,NA,NA,wheat_May,wheat,Yes,Yes
M22_16S_g13_G06,May,LENVT,wheat,239,,M22_2761,Post_heading,5/18/23,Catawba,bulk_post_head,flag_leaf,sample,13,4,5,6.1,63,57.2,36.4,NA,NA,35.377805,-77.560158,63,22.3,452,5,4,8,NA,NA,NA,NA,NA,NA,NA,NA,NA,NA,NA,NA,NA,NA,NA,NA,NA,NA,NA,NA,NA,NA,NA,NA,NA,NA,NA,NA,NA,wheat_May,wheat,Yes,Yes
M22_16S_g13_G07,May,LENVT,wheat,371,,M22_2769,Post_heading,5/18/23,Catawba,bulk_post_head,flag_leaf,sample,13,4,5,4.34,50,55.7,25.8,NA,NA,35.377289,-77.560171,50,22.3,452,4,4,5,NA,NA,NA,NA,NA,NA,NA,NA,NA,NA,NA,NA,NA,NA,NA,NA,NA,NA,NA,NA,NA,NA,NA,NA,NA,NA,NA,NA,NA,wheat_May,wheat,Yes,Yes
M22_16S_g13_G08,May,WASVT,wheat,554,,M22_2905,Post_heading,5/26/23,Shirley,bulk_post_head,flag_leaf,sample,13,4,5,12.63,75,55.6,77,NA,NA,35.849579,-76.658005,75,21.6,504,0,0,0,NA,NA,NA,NA,NA,NA,NA,NA,NA,NA,NA,NA,NA,NA,NA,NA,NA,NA,NA,NA,NA,NA,NA,NA,NA,NA,NA,NA,NA,wheat_May,wheat,Yes,Yes
M22_16S_g14_C08,May,PERVT,wheat,436,,M22_2803,Post_heading,5/16/23,Shirley,bulk_post_head,flag_leaf,sample,14,4,5,14.88,84,58,89.4,9.8,NA,36.180131,-76.35974,84,21.3,489,3,3,0,NA,NA,NA,NA,NA,NA,NA,NA,NA,NA,NA,NA,NA,NA,NA,NA,NA,NA,NA,NA,NA,NA,NA,NA,NA,NA,NA,NA,NA,wheat_May,wheat,Yes,Yes
M22_16S_g14_F02,May,ROWVT,wheat,456,,M22_2847,Post_heading,5/10/23,Shirley,bulk_post_head,flag_leaf,sample,14,4,5,14.15,86,52.3,82.8,NA,NA,35.697332,-80.623274,86,21.2,561,0,4,0,0,NA,NA,NA,NA,NA,NA,NA,NA,NA,NA,NA,NA,NA,NA,NA,NA,NA,NA,NA,NA,NA,NA,NA,NA,NA,NA,NA,NA,wheat_May,wheat,Yes,Yes
M22_16S_g15_C04,May,LENVT,wheat,363,,M22_2767,Post_heading,5/18/23,Hilliard,bulk_post_head,flag_leaf,sample,15,4,5,7.25,66,58.9,43.1,NA,NA,35.377256,-77.560338,66,22.3,452,2,3,1,NA,NA,NA,NA,NA,NA,NA,NA,NA,NA,NA,NA,NA,NA,NA,NA,NA,NA,NA,NA,NA,NA,NA,NA,NA,NA,NA,NA,NA,wheat_May,wheat,Yes,Yes
M22_16S_g15_C10,May,LENVT,wheat,365,,M22_2768,Post_heading,5/18/23,USG_3640,bulk_post_head,flag_leaf,sample,15,4,5,5.58,63,59.2,33.2,NA,NA,35.377259,-77.560297,63,22.3,452,2,3,0,NA,NA,NA,NA,NA,NA,NA,NA,NA,NA,NA,NA,NA,NA,NA,NA,NA,NA,NA,NA,NA,NA,NA,NA,NA,NA,NA,NA,NA,wheat_May,wheat,Yes,Yes
M22_16S_g15_F12,May,ROBVT,wheat,567,,M22_2832,Post_heading,5/18/23,USG_3640,bulk_post_head,flag_leaf,sample,15,4,5,NA,NA,NA,NA,NA,NA,34.511876,-79.308029,NA,23.7,346,1,5,0,NA,NA,NA,NA,NA,NA,NA,NA,NA,NA,NA,NA,NA,NA,NA,NA,NA,NA,NA,NA,NA,NA,NA,NA,NA,NA,NA,NA,NA,wheat_May,wheat,Yes,Yes
M22_16S_g15_H06,May,UNIVT,wheat,213,,M22_2858,Post_heading,5/10/23,Shirley,bulk_post_head,flag_leaf,sample,15,4,5,15.64,79,58.9,93.14742825,8.3,NA,34.948753,-80.424902,79,22.4,476,0,1,0,0,NA,NA,NA,NA,NA,NA,NA,NA,NA,NA,NA,NA,NA,NA,NA,NA,NA,NA,NA,NA,NA,NA,NA,NA,NA,NA,NA,NA,wheat_May,wheat,Yes,Yes
M22_16S_g16_A08,May,ROWVT,wheat,562,,M22_2852,Post_heading,5/10/23,Shirley,bulk_post_head,flag_leaf,sample,16,4,5,17.03,89,56.8,99.8,NA,NA,35.697562,-80.622822,89,21.2,561,0,4,0,0,NA,NA,NA,NA,NA,NA,NA,NA,NA,NA,NA,NA,NA,NA,NA,NA,NA,NA,NA,NA,NA,NA,NA,NA,NA,NA,NA,NA,wheat_May,wheat,Yes,Yes
M22_16S_g16_D03,May,UNIVT,wheat,453,,M22_2869,Post_heading,5/10/23,Catawba,bulk_post_head,flag_leaf,sample,16,4,5,11.63,86,59,69.10882127,10.4,NA,34.947981,-80.424569,86,22.4,476,0,4,0,0,NA,NA,NA,NA,NA,NA,NA,NA,NA,NA,NA,NA,NA,NA,NA,NA,NA,NA,NA,NA,NA,NA,NA,NA,NA,NA,NA,NA,wheat_May,wheat,Yes,Yes
M22_16S_g16_E09,May,WASVT,wheat,319,,M22_2894,Post_heading,5/26/23,Shirley,bulk_post_head,flag_leaf,sample,16,4,5,11.79,72,55.4,71.7,NA,NA,35.849565,-76.657088,72,21.6,504,0,1,0,NA,NA,NA,NA,NA,NA,NA,NA,NA,NA,NA,NA,NA,NA,NA,NA,NA,NA,NA,NA,NA,NA,NA,NA,NA,NA,NA,NA,NA,wheat_May,wheat,Yes,Yes
M22_16S_g17_C06,May,ROBVT,wheat,284,,M22_2817,Post_heading,5/18/23,Shirley,bulk_post_head,flag_leaf,sample,17,5,5,NA,NA,NA,NA,NA,NA,34.511624,-79.306964,NA,23.7,346,1,2,0,NA,NA,NA,NA,NA,NA,NA,NA,NA,NA,NA,NA,NA,NA,NA,NA,NA,NA,NA,NA,NA,NA,NA,NA,NA,NA,NA,NA,NA,wheat_May,wheat,Yes,Yes
M22_16S_g17_C10,May,UNIVT,wheat,201,,M22_2857,Post_heading,5/10/23,Hilliard,bulk_post_head,flag_leaf,sample,17,5,5,17.55,86,60,102.6374317,9,NA,34.948831,-80.424662,86,22.4,476,0,2,0,0,NA,NA,NA,NA,NA,NA,NA,NA,NA,NA,NA,NA,NA,NA,NA,NA,NA,NA,NA,NA,NA,NA,NA,NA,NA,NA,NA,NA,wheat_May,wheat,Yes,Yes
M22_16S_g17_D03,May,PERVT,wheat,530,,M22_2806,Post_heading,5/16/23,Shirley,bulk_post_head,flag_leaf,sample,17,5,5,11.22,90,58.3,67.5,NA,NA,36.180367,-76.359891,90,21.3,489,2,3,0,NA,NA,NA,NA,NA,NA,NA,NA,NA,NA,NA,NA,NA,NA,NA,NA,NA,NA,NA,NA,NA,NA,NA,NA,NA,NA,NA,NA,NA,wheat_May,wheat,Yes,Yes
M22_16S_g17_F08,May,ROWVT,wheat,333,,M22_2840,Post_heading,5/10/23,USG_3640,bulk_post_head,flag_leaf,sample,17,5,5,9.44,88,49.5,51.3,NA,NA,35.69701,-80.623374,88,21.2,561,1,4,0,2,NA,NA,NA,NA,NA,NA,NA,NA,NA,NA,NA,NA,NA,NA,NA,NA,NA,NA,NA,NA,NA,NA,NA,NA,NA,NA,NA,NA,wheat_May,wheat,Yes,Yes
M22_16S_g17_H04,May,LENVT,wheat,483,,M22_2774,Post_heading,5/18/23,USG_3640,bulk_post_head,flag_leaf,sample,17,5,5,5.94,60,58.6,35.6,NA,NA,35.376918,-77.559935,60,22.3,452,2,6,0,NA,NA,NA,NA,NA,NA,NA,NA,NA,NA,NA,NA,NA,NA,NA,NA,NA,NA,NA,NA,NA,NA,NA,NA,NA,NA,NA,NA,NA,wheat_May,wheat,Yes,Yes
M22_16S_g18_C02,May,ROBVT,wheat,422,,M22_2824,Post_heading,5/18/23,Catawba,bulk_post_head,flag_leaf,sample,18,5,5,NA,NA,NA,NA,NA,NA,34.511903,-79.307422,NA,23.7,346,3,4,1,NA,NA,NA,NA,NA,NA,NA,NA,NA,NA,NA,NA,NA,NA,NA,NA,NA,NA,NA,NA,NA,NA,NA,NA,NA,NA,NA,NA,NA,wheat_May,wheat,Yes,Yes
M22_16S_g18_D08,May,LENVT,wheat,334,,M22_2765,Post_heading,5/18/23,Shirley,bulk_post_head,flag_leaf,sample,18,5,5,2.63,44,NA,17.7,NA,NA,35.377475,-77.560117,44,22.3,452,6,6,3,NA,NA,NA,NA,NA,NA,NA,NA,NA,NA,NA,NA,NA,NA,NA,NA,NA,NA,NA,NA,NA,NA,NA,NA,NA,NA,NA,NA,NA,wheat_May,wheat,Yes,Yes
M22_16S_g18_D12,May,WASVT,wheat,340,,M22_2896,Post_heading,5/26/23,Catawba,bulk_post_head,flag_leaf,sample,18,5,5,9.4,72,51.9,57.5,NA,NA,35.849247,-76.657195,72,21.6,504,0,0,0,NA,NA,NA,NA,NA,NA,NA,NA,NA,NA,NA,NA,NA,NA,NA,NA,NA,NA,NA,NA,NA,NA,NA,NA,NA,NA,NA,NA,NA,wheat_May,wheat,Yes,Yes
M22_16S_g18_F07,May,LENVT,wheat,581,,M22_2787,Post_heading,5/18/23,Catawba,bulk_post_head,flag_leaf,sample,18,5,5,4.24,66,55.9,25,NA,NA,35.376599,-77.559831,66,22.3,452,6,6,2,NA,NA,NA,NA,NA,NA,NA,NA,NA,NA,NA,NA,NA,NA,NA,NA,NA,NA,NA,NA,NA,NA,NA,NA,NA,NA,NA,NA,NA,wheat_May,wheat,Yes,Yes
M22_16S_g18_H05,May,ROBVT,wheat,373,,M22_2821,Post_heading,5/18/23,Hilliard,bulk_post_head,flag_leaf,sample,18,5,5,NA,NA,NA,NA,NA,NA,34.511761,-79.307246,NA,23.7,346,1,3,0,NA,NA,NA,NA,NA,NA,NA,NA,NA,NA,NA,NA,NA,NA,NA,NA,NA,NA,NA,NA,NA,NA,NA,NA,NA,NA,NA,NA,NA,wheat_May,wheat,Yes,Yes
M22_16S_g19_A08,May,ROWVT,wheat,360,,M22_2843,Post_heading,5/10/23,Hilliard,bulk_post_head,flag_leaf,sample,19,5,5,14.35,90,56,83.7,NA,NA,35.697066,-80.623263,90,21.2,561,0,2,0,1,NA,NA,NA,NA,NA,NA,NA,NA,NA,NA,NA,NA,NA,NA,NA,NA,NA,NA,NA,NA,NA,NA,NA,NA,NA,NA,NA,NA,wheat_May,wheat,Yes,Yes
M22_16S_g19_G02,May,UNIVT,wheat,338,,M22_2865,Post_heading,5/10/23,Catawba,bulk_post_head,flag_leaf,sample,19,5,5,13.7,89,57.4,82.05327538,10.8,NA,34.948465,-80.424435,89,22.4,476,0,2,0,0,NA,NA,NA,NA,NA,NA,NA,NA,NA,NA,NA,NA,NA,NA,NA,NA,NA,NA,NA,NA,NA,NA,NA,NA,NA,NA,NA,NA,wheat_May,wheat,Yes,Yes
M22_16S_g21_D09,May,LENVT,wheat,272,,M22_2763,Post_heading,5/18/23,Hilliard,bulk_post_head,flag_leaf,sample,21,6,5,7.25,62,59.3,43.1,NA,NA,35.3776,-77.560296,62,22.3,452,2,4,2,NA,NA,NA,NA,NA,NA,NA,NA,NA,NA,NA,NA,NA,NA,NA,NA,NA,NA,NA,NA,NA,NA,NA,NA,NA,NA,NA,NA,NA,wheat_May,wheat,Yes,Yes
M22_16S_g21_G11,May,UNIVT,wheat,551,,M22_2882,Post_heading,5/10/23,USG_3640,bulk_post_head,flag_leaf,sample,21,6,5,10.43,79,61.1,61.55788412,NA,NA,34.947674,-80.424419,79,22.4,476,3,4,0,0,NA,NA,NA,NA,NA,NA,NA,NA,NA,NA,NA,NA,NA,NA,NA,NA,NA,NA,NA,NA,NA,NA,NA,NA,NA,NA,NA,NA,wheat_May,wheat,Yes,Yes
M22_16S_g22_B08,May,UNIVT,wheat,309,,M22_2862,Post_heading,5/10/23,Hilliard,bulk_post_head,flag_leaf,sample,22,6,5,16.39,89,59.6,96.7338179,8.6,NA,34.94846,-80.424713,89,22.4,476,0,1,0,0,NA,NA,NA,NA,NA,NA,NA,NA,NA,NA,NA,NA,NA,NA,NA,NA,NA,NA,NA,NA,NA,NA,NA,NA,NA,NA,NA,NA,wheat_May,wheat,Yes,Yes
M22_16S_g22_F06,May,PERVT,wheat,434,,M22_2802,Post_heading,5/16/23,Hilliard,bulk_post_head,flag_leaf,sample,22,6,5,14.7,96,58.2,87.5,9,NA,36.180107,-76.359772,96,21.3,489,1,5,0,NA,NA,NA,NA,NA,NA,NA,NA,NA,NA,NA,NA,NA,NA,NA,NA,NA,NA,NA,NA,NA,NA,NA,NA,NA,NA,NA,NA,NA,wheat_May,wheat,Yes,Yes
M22_16S_g22_G08,May,ROBVT,wheat,452,,M22_2825,Post_heading,5/18/23,USG_3640,bulk_post_head,flag_leaf,sample,22,6,5,NA,NA,NA,NA,NA,NA,34.511935,-79.307527,NA,23.7,346,2,3,0,NA,NA,NA,NA,NA,NA,NA,NA,NA,NA,NA,NA,NA,NA,NA,NA,NA,NA,NA,NA,NA,NA,NA,NA,NA,NA,NA,NA,NA,wheat_May,wheat,Yes,Yes
M22_16S_g23_C03,May,PERVT,wheat,219,,M22_2791,Post_heading,5/16/23,Hilliard,bulk_post_head,flag_leaf,sample,23,6,5,14.95,97,58.6,89.5,8.9,NA,36.179719,-76.359099,97,21.3,489,1,6,0,NA,NA,NA,NA,NA,NA,NA,NA,NA,NA,NA,NA,NA,NA,NA,NA,NA,NA,NA,NA,NA,NA,NA,NA,NA,NA,NA,NA,NA,wheat_May,wheat,Yes,Yes
M22_16S_g23_C11,May,WASVT,wheat,228,,M22_2888,Post_heading,5/26/23,Catawba,bulk_post_head,flag_leaf,sample,23,6,5,6.26,70,53.4,38.2,NA,NA,35.849434,-76.656682,70,21.6,504,0,0,0,NA,NA,NA,NA,NA,NA,NA,NA,NA,NA,NA,NA,NA,NA,NA,NA,NA,NA,NA,NA,NA,NA,NA,NA,NA,NA,NA,NA,NA,wheat_May,wheat,Yes,Yes
M22_16S_g23_E10,May,WASVT,wheat,535,,M22_2903,Post_heading,5/26/23,USG_3640,bulk_post_head,flag_leaf,sample,23,6,5,13.58,85,55.2,81.4,NA,NA,35.849241,-76.658006,85,21.6,504,0,0,0,NA,NA,NA,NA,NA,NA,NA,NA,NA,NA,NA,NA,NA,NA,NA,NA,NA,NA,NA,NA,NA,NA,NA,NA,NA,NA,NA,NA,NA,wheat_May,wheat,Yes,Yes
M22_16S_g23_F03,May,ROWVT,wheat,581,,M22_2854,Post_heading,5/10/23,USG_3640,bulk_post_head,flag_leaf,sample,23,6,5,9.31,87,55.6,52.3,NA,NA,35.697661,-80.623219,87,21.2,561,0,2,0,1,NA,NA,NA,NA,NA,NA,NA,NA,NA,NA,NA,NA,NA,NA,NA,NA,NA,NA,NA,NA,NA,NA,NA,NA,NA,NA,NA,NA,wheat_May,wheat,Yes,Yes
M22_16S_g23_F08,May,LENVT,wheat,269,,M22_2762,Post_heading,5/18/23,Shirley,bulk_post_head,flag_leaf,sample,23,6,5,5.74,63,52.6,33.7,NA,NA,35.377588,-77.560359,63,22.3,452,4,8,7,NA,NA,NA,NA,NA,NA,NA,NA,NA,NA,NA,NA,NA,NA,NA,NA,NA,NA,NA,NA,NA,NA,NA,NA,NA,NA,NA,NA,NA,wheat_May,wheat,Yes,Yes
M22_16S_g24_A03,May,PERVT,wheat,374,,M22_2800,Post_heading,5/16/23,Hilliard,bulk_post_head,flag_leaf,sample,24,6,5,15.73,101,59,94.5,9.4,NA,36.180019,-76.359592,101,21.3,489,1,4,0,NA,NA,NA,NA,NA,NA,NA,NA,NA,NA,NA,NA,NA,NA,NA,NA,NA,NA,NA,NA,NA,NA,NA,NA,NA,NA,NA,NA,NA,wheat_May,wheat,Yes,Yes
M22_16S_g24_F03,May,ROWVT,wheat,506,,M22_2850,Post_heading,5/10/23,Catawba,bulk_post_head,flag_leaf,sample,24,6,5,8.66,93,56.3,50.6,NA,NA,35.697332,-80.622931,93,21.2,561,0,5,0,0,NA,NA,NA,NA,NA,NA,NA,NA,NA,NA,NA,NA,NA,NA,NA,NA,NA,NA,NA,NA,NA,NA,NA,NA,NA,NA,NA,NA,wheat_May,wheat,Yes,Yes
M22_16S_g25_E07,May,PERVT,wheat,332,,M22_2799,Post_heading,5/16/23,Shirley,bulk_post_head,flag_leaf,sample,25,7,5,12.31,84,58.2,74,9.5,NA,36.179869,-76.359202,84,21.3,489,1,3,0,NA,NA,NA,NA,NA,NA,NA,NA,NA,NA,NA,NA,NA,NA,NA,NA,NA,NA,NA,NA,NA,NA,NA,NA,NA,NA,NA,NA,NA,wheat_May,wheat,Yes,Yes
M22_16S_g25_F04,May,PERVT,wheat,317,,M22_2796,Post_heading,5/16/23,Catawba,bulk_post_head,flag_leaf,sample,25,7,5,12.72,90,58.8,75.4,10,NA,36.179823,-76.359396,90,21.3,489,6,5,0,NA,NA,NA,NA,NA,NA,NA,NA,NA,NA,NA,NA,NA,NA,NA,NA,NA,NA,NA,NA,NA,NA,NA,NA,NA,NA,NA,NA,NA,wheat_May,wheat,Yes,Yes
M22_16S_g25_G11,May,WASVT,wheat,423,,M22_2899,Post_heading,5/26/23,Shirley,bulk_post_head,flag_leaf,sample,25,7,5,12.43,64,55.5,76.3,NA,NA,35.849465,-76.6575,64,21.6,504,0,0,0,NA,NA,NA,NA,NA,NA,NA,NA,NA,NA,NA,NA,NA,NA,NA,NA,NA,NA,NA,NA,NA,NA,NA,NA,NA,NA,NA,NA,NA,wheat_May,wheat,Yes,Yes
M22_16S_g26_D08,May,UNIVT,wheat,360,,M22_2866,Post_heading,5/10/23,USG_3640,bulk_post_head,flag_leaf,sample,26,7,5,12.49,89,61.1,73.71600888,9.3,NA,34.948183,-80.42476,89,22.4,476,1,4,0,3,NA,NA,NA,NA,NA,NA,NA,NA,NA,NA,NA,NA,NA,NA,NA,NA,NA,NA,NA,NA,NA,NA,NA,NA,NA,NA,NA,NA,wheat_May,wheat,Yes,Yes
M22_16S_g27_F04,May,PERVT,wheat,282,,M22_2794,Post_heading,5/16/23,Shirley,bulk_post_head,flag_leaf,sample,27,7,5,13.83,89,57.1,83.7,8.9,NA,36.180025,-76.359025,89,21.3,489,2,4,0,NA,NA,NA,NA,NA,NA,NA,NA,NA,NA,NA,NA,NA,NA,NA,NA,NA,NA,NA,NA,NA,NA,NA,NA,NA,NA,NA,NA,NA,wheat_May,wheat,Yes,Yes
M22_16S_g27_G03,May,PERVT,wheat,570,,M22_2810,Post_heading,5/16/23,Catawba,bulk_post_head,flag_leaf,sample,27,7,5,11.43,93,59.2,68.9,NA,NA,36.180583,-76.35992,93,21.3,489,4,4,0,NA,NA,NA,NA,NA,NA,NA,NA,NA,NA,NA,NA,NA,NA,NA,NA,NA,NA,NA,NA,NA,NA,NA,NA,NA,NA,NA,NA,NA,wheat_May,wheat,Yes,Yes
M22_16S_g28_B05,May,WASVT,wheat,260,,M22_2890,Post_heading,5/26/23,USG_3640,bulk_post_head,flag_leaf,sample,28,7,5,13.07,77,57.2,80,NA,NA,35.849562,-76.656788,77,21.6,504,0,2,0,NA,NA,NA,NA,NA,NA,NA,NA,NA,NA,NA,NA,NA,NA,NA,NA,NA,NA,NA,NA,NA,NA,NA,NA,NA,NA,NA,NA,NA,wheat_May,wheat,Yes,Yes
M22_16S_g28_F05,May,ROWVT,wheat,429,,M22_2846,Post_heading,5/10/23,Hilliard,bulk_post_head,flag_leaf,sample,28,7,5,12.99,94,56.6,76,NA,NA,35.697219,-80.623181,94,21.2,561,0,5,0,2,NA,NA,NA,NA,NA,NA,NA,NA,NA,NA,NA,NA,NA,NA,NA,NA,NA,NA,NA,NA,NA,NA,NA,NA,NA,NA,NA,NA,wheat_May,wheat,Yes,Yes
M22_16S_g28_H06,May,LENVT,wheat,471,,M22_2773,Post_heading,5/18/23,Hilliard,bulk_post_head,flag_leaf,sample,28,7,5,5.68,51,59.2,33.9,NA,NA,35.376978,-77.560024,51,22.3,452,2,4,0,NA,NA,NA,NA,NA,NA,NA,NA,NA,NA,NA,NA,NA,NA,NA,NA,NA,NA,NA,NA,NA,NA,NA,NA,NA,NA,NA,NA,NA,wheat_May,wheat,Yes,Yes
M22_16S_g29_A10,May,WASVT,wheat,483,,M22_2902,Post_heading,5/26/23,Catawba,bulk_post_head,flag_leaf,sample,29,8,5,6.86,65,52.4,41.6,NA,NA,35.849309,-76.657802,65,21.6,504,0,0,0,NA,NA,NA,NA,NA,NA,NA,NA,NA,NA,NA,NA,NA,NA,NA,NA,NA,NA,NA,NA,NA,NA,NA,NA,NA,NA,NA,NA,NA,wheat_May,wheat,Yes,Yes
M22_16S_g29_D04,May,WASVT,wheat,477,,M22_2901,Post_heading,5/26/23,USG_3640,bulk_post_head,flag_leaf,sample,29,8,5,14,83,53.4,84.9,NA,NA,35.849255,-76.657706,83,21.6,504,0,0,0,NA,NA,NA,NA,NA,NA,NA,NA,NA,NA,NA,NA,NA,NA,NA,NA,NA,NA,NA,NA,NA,NA,NA,NA,NA,NA,NA,NA,NA,wheat_May,wheat,Yes,Yes
M22_16S_g29_D10,May,ROBVT,wheat,407,,M22_2823,Post_heading,5/18/23,Hilliard,bulk_post_head,flag_leaf,sample,29,8,5,NA,NA,NA,NA,NA,NA,34.511862,-79.307337,NA,23.7,346,1,3,0,NA,NA,NA,NA,NA,NA,NA,NA,NA,NA,NA,NA,NA,NA,NA,NA,NA,NA,NA,NA,NA,NA,NA,NA,NA,NA,NA,NA,NA,wheat_May,wheat,Yes,Yes
M22_16S_g29_H08,May,ROWVT,wheat,257,,M22_2839,Post_heading,5/10/23,Shirley,bulk_post_head,flag_leaf,sample,29,8,5,18.16,89,55.7,106.8,NA,NA,35.696811,-80.623269,89,21.2,561,1,2,0,0,NA,NA,NA,NA,NA,NA,NA,NA,NA,NA,NA,NA,NA,NA,NA,NA,NA,NA,NA,NA,NA,NA,NA,NA,NA,NA,NA,NA,wheat_May,wheat,Yes,Yes
M22_16S_g30_G12,May,ROWVT,wheat,359,,M22_2842,Post_heading,5/10/23,Shirley,bulk_post_head,flag_leaf,sample,30,8,5,15.74,91,53,92.3,NA,NA,35.697076,-80.623279,91,21.2,561,0,2,0,0,NA,NA,NA,NA,NA,NA,NA,NA,NA,NA,NA,NA,NA,NA,NA,NA,NA,NA,NA,NA,NA,NA,NA,NA,NA,NA,NA,NA,wheat_May,wheat,Yes,Yes
M22_16S_g31_A05,May,WASVT,wheat,558,,M22_2906,Post_heading,5/26/23,Hilliard,bulk_post_head,flag_leaf,sample,31,8,5,12.96,67,56.2,79.5,NA,NA,35.849563,-76.65811,67,21.6,504,0,1,0,NA,NA,NA,NA,NA,NA,NA,NA,NA,NA,NA,NA,NA,NA,NA,NA,NA,NA,NA,NA,NA,NA,NA,NA,NA,NA,NA,NA,NA,wheat_May,wheat,Yes,Yes
M22_16S_g31_D06,May,PERVT,wheat,562,,M22_2808,Post_heading,5/16/23,USG_3640,bulk_post_head,flag_leaf,sample,31,8,5,9.85,88,56.8,60.5,NA,NA,36.180561,-76.359796,88,21.3,489,6,6,0,1,NA,NA,NA,NA,NA,NA,NA,NA,NA,NA,NA,NA,NA,NA,NA,NA,NA,NA,NA,NA,NA,NA,NA,NA,NA,NA,NA,NA,wheat_May,wheat,Yes,Yes
M22_16S_g31_E06,May,WASVT,wheat,331,,M22_2895,Post_heading,5/26/23,USG_3640,bulk_post_head,flag_leaf,sample,31,8,5,16.02,73,56.6,96.5,NA,NA,35.849352,-76.657095,73,21.6,504,0,0,0,NA,NA,NA,NA,NA,NA,NA,NA,NA,NA,NA,NA,NA,NA,NA,NA,NA,NA,NA,NA,NA,NA,NA,NA,NA,NA,NA,NA,NA,wheat_May,wheat,Yes,Yes
M22_16S_g01_G12,December,WAKMP,wheat,B09,,M22_2986,Seedling,,Hilliard,bulk_seedling,all_leaves,sample,1,1,4.57,NA,NA,NA,NA,NA,NA,35.732532,-78.701518,11.82,11.3,NA,2,5,0,0,NA,NA,NA,NA,NA,NA,NA,NA,NA,NA,NA,NA,NA,NA,NA,NA,NA,NA,NA,NA,NA,NA,NA,NA,NA,NA,NA,NA,wheat_December,wheat,Yes,Yes
M22_16S_g02_G10,December,UNIVT,wheat,201,,M22_2950,Seedling,,Hilliard,bulk_seedling,all_leaves,sample,2,1,5,17.55,86,60,102.6374317,9,NA,34.948831,-80.424662,15.2,11.9,NA,0,2,0,0,NA,NA,NA,NA,NA,NA,NA,NA,NA,NA,NA,NA,NA,NA,NA,NA,NA,NA,NA,NA,NA,NA,NA,NA,NA,NA,NA,NA,wheat_December,wheat,Yes,Yes
M22_16S_g02_H04,December,UNIVT,wheat,430,,M22_2955,Seedling,,Hilliard,bulk_seedling,all_leaves,sample,2,1,5,17.46,102,59.1,102.8144917,8.8,NA,34.948124,-80.424406,13.44,11.9,NA,0,3,0,0,NA,NA,NA,NA,NA,NA,NA,NA,NA,NA,NA,NA,NA,NA,NA,NA,NA,NA,NA,NA,NA,NA,NA,NA,NA,NA,NA,NA,wheat_December,wheat,Yes,Yes
M22_16S_g03_D01,December,WAKMP,wheat,B19,,M22_2989,Seedling,,Hilliard,bulk_seedling,all_leaves,sample,3,1,5,NA,NA,NA,NA,NA,NA,35.733493,-78.701575,12.72,11.3,NA,3,3,0,0,NA,NA,NA,NA,NA,NA,NA,NA,NA,NA,NA,NA,NA,NA,NA,NA,NA,NA,NA,NA,NA,NA,NA,NA,NA,NA,NA,NA,wheat_December,wheat,Yes,Yes
M22_16S_g03_E03,December,ROBVT,wheat,102,,M22_2928,Seedling,,Hilliard,bulk_seedling,all_leaves,sample,3,1,5,NA,NA,NA,NA,NA,NA,34.51154,-79.306177,14.04,13.2,NA,1,4,0,NA,NA,NA,NA,NA,NA,NA,NA,NA,NA,NA,NA,NA,NA,NA,NA,NA,NA,NA,NA,NA,NA,NA,NA,NA,NA,NA,NA,NA,wheat_December,wheat,Yes,Yes
M22_16S_g04_H08,December,LENVT,wheat,106,,M22_2909,Seedling,,Hilliard,bulk_seedling,all_leaves,sample,4,1,5,7.94,53,58.5,47.3,NA,NA,35.378182,-77.560365,9.38,12.4,NA,1,7,0,NA,NA,NA,NA,NA,NA,NA,NA,NA,NA,NA,NA,NA,NA,NA,NA,NA,NA,NA,NA,NA,NA,NA,NA,NA,NA,NA,NA,NA,wheat_December,wheat,Yes,Yes
M22_16S_g05_F08,December,UNIVT,wheat,332,,M22_2953,Seedling,,Hilliard,bulk_seedling,all_leaves,sample,5,2,5,17.96,89,59.1,105.0352292,8.5,NA,34.948422,-80.424555,10.72,11.9,NA,1,3,0,NA,NA,NA,NA,NA,NA,NA,NA,NA,NA,NA,NA,NA,NA,NA,NA,NA,NA,NA,NA,NA,NA,NA,NA,NA,NA,NA,NA,NA,wheat_December,wheat,Yes,Yes
M22_16S_g06_C01,December,ROWVT,wheat,480,,M22_2945,Seedling,,Hilliard,bulk_seedling,all_leaves,sample,6,2,5,12.03,87,53.5,71.5,NA,NA,35.697393,-80.623183,11.78,10.7,NA,0,4,0,2,NA,NA,NA,NA,NA,NA,NA,NA,NA,NA,NA,NA,NA,NA,NA,NA,NA,NA,NA,NA,NA,NA,NA,NA,NA,NA,NA,NA,wheat_December,wheat,Yes,Yes
M22_16S_g06_E04,December,LENVT,wheat,102,,M22_2908,Seedling,,Hilliard,bulk_seedling,all_leaves,sample,6,2,5,7.78,48,59.4,46.4,NA,NA,35.378198,-77.560286,11.16,12.4,NA,1,5,0,NA,NA,NA,NA,NA,NA,NA,NA,NA,NA,NA,NA,NA,NA,NA,NA,NA,NA,NA,NA,NA,NA,NA,NA,NA,NA,NA,NA,NA,wheat_December,wheat,Yes,Yes
M22_16S_g06_F08,December,PERVT,wheat,432,,M22_2924,Seedling,,Hilliard,bulk_seedling,all_leaves,sample,6,2,5,15.4,97,58.5,92.1,9.3,NA,36.180083,-76.359804,10.28,11.9,NA,2,5,0,NA,NA,NA,NA,NA,NA,NA,NA,NA,NA,NA,NA,NA,NA,NA,NA,NA,NA,NA,NA,NA,NA,NA,NA,NA,NA,NA,NA,NA,wheat_December,wheat,Yes,Yes
M22_16S_g07_B06,December,ROWVT,wheat,577,,M22_2947,Seedling,,Hilliard,bulk_seedling,all_leaves,sample,7,2,5,10.87,90,54.5,63.8,NA,NA,35.697639,-80.623136,13.7,10.7,NA,0,4,0,2,NA,NA,NA,NA,NA,NA,NA,NA,NA,NA,NA,NA,NA,NA,NA,NA,NA,NA,NA,NA,NA,NA,NA,NA,NA,NA,NA,NA,wheat_December,wheat,Yes,Yes
M22_16S_g07_D10,December,WASVT,wheat,283,,M22_2961,Seedling,,Hilliard,bulk_seedling,all_leaves,sample,7,2,5,10.39,74,56.3,61.9,NA,NA,35.849227,-76.656996,8.64,12.4,NA,0,0,0,NA,NA,NA,NA,NA,NA,NA,NA,NA,NA,NA,NA,NA,NA,NA,NA,NA,NA,NA,NA,NA,NA,NA,NA,NA,NA,NA,NA,NA,wheat_December,wheat,Yes,Yes
M22_16S_g07_D11,December,WASVT,wheat,102,,M22_2958,Seedling,,Hilliard,bulk_seedling,all_leaves,sample,7,2,5,13.38,81,53.1,80.6,NA,NA,35.849233,-76.656184,10.4,12.4,NA,0,1,0,NA,NA,NA,NA,NA,NA,NA,NA,NA,NA,NA,NA,NA,NA,NA,NA,NA,NA,NA,NA,NA,NA,NA,NA,NA,NA,NA,NA,NA,wheat_December,wheat,Yes,Yes
M22_16S_g08_A12,December,UNIVT,wheat,422,,M22_2954,Seedling,,Hilliard,bulk_seedling,all_leaves,sample,8,2,5,16.83,89,60.6,98.76567787,8.8,NA,34.948071,-80.424566,12.32,11.9,NA,0,4,0,NA,NA,NA,NA,NA,NA,NA,NA,NA,NA,NA,NA,NA,NA,NA,NA,NA,NA,NA,NA,NA,NA,NA,NA,NA,NA,NA,NA,NA,wheat_December,wheat,Yes,Yes
M22_16S_g08_C07,December,ROWVT,wheat,227,,M22_2940,Seedling,,Hilliard,bulk_seedling,all_leaves,sample,8,2,5,12.59,92,55,71.5,NA,NA,35.696813,-80.623607,12.02,10.7,NA,2,5,0,2,NA,NA,NA,NA,NA,NA,NA,NA,NA,NA,NA,NA,NA,NA,NA,NA,NA,NA,NA,NA,NA,NA,NA,NA,NA,NA,NA,NA,wheat_December,wheat,Yes,Yes
M22_16S_g08_C10,December,ROWVT,wheat,246,,M22_2941,Seedling,,Hilliard,bulk_seedling,all_leaves,sample,8,2,5,14.35,100,54,84.4,NA,NA,35.696714,-80.623211,11.86,10.7,NA,1,4,0,2,NA,NA,NA,NA,NA,NA,NA,NA,NA,NA,NA,NA,NA,NA,NA,NA,NA,NA,NA,NA,NA,NA,NA,NA,NA,NA,NA,NA,wheat_December,wheat,Yes,Yes
M22_16S_g08_D08,December,WASVT,wheat,106,,M22_2959,Seedling,,Hilliard,bulk_seedling,all_leaves,sample,8,2,5,13.05,73,55.8,78.4,NA,NA,35.849304,-76.656183,9.62,12.4,NA,0,1,0,NA,NA,NA,NA,NA,NA,NA,NA,NA,NA,NA,NA,NA,NA,NA,NA,NA,NA,NA,NA,NA,NA,NA,NA,NA,NA,NA,NA,NA,wheat_December,wheat,Yes,Yes
M22_16S_g08_E02,December,WAKMP,wheat,B10,,M22_2987,Seedling,,Hilliard,bulk_seedling,all_leaves,sample,8,2,5,NA,NA,NA,NA,NA,NA,35.732393,-78.701513,12.12,11.3,NA,2,4,0,0,NA,NA,NA,NA,NA,NA,NA,NA,NA,NA,NA,NA,NA,NA,NA,NA,NA,NA,NA,NA,NA,NA,NA,NA,NA,NA,NA,NA,wheat_December,wheat,Yes,Yes
M22_16S_g08_F07,December,WASVT,wheat,251,,M22_2960,Seedling,,Hilliard,bulk_seedling,all_leaves,sample,8,2,5,11.83,69,55.9,71.4,NA,NA,35.849402,-76.656793,9.72,12.4,NA,0,0,0,NA,NA,NA,NA,NA,NA,NA,NA,NA,NA,NA,NA,NA,NA,NA,NA,NA,NA,NA,NA,NA,NA,NA,NA,NA,NA,NA,NA,NA,wheat_December,wheat,Yes,Yes
M22_16S_g09_G02,December,ROWVT,wheat,550,,M22_2946,Seedling,,Hilliard,bulk_seedling,all_leaves,sample,9,3,5,13.18,92,55.3,78.1,NA,NA,35.697542,-80.62308,11.38,10.7,NA,0,5,0,1,NA,NA,NA,NA,NA,NA,NA,NA,NA,NA,NA,NA,NA,NA,NA,NA,NA,NA,NA,NA,NA,NA,NA,NA,NA,NA,NA,NA,wheat_December,wheat,Yes,Yes
M22_16S_g10_B01,December,ROWVT,wheat,340,,M22_2942,Seedling,,Hilliard,bulk_seedling,all_leaves,sample,10,3,5,12.9,90,55.9,75.9,NA,NA,35.69705,-80.623518,11.86,10.7,NA,1,1,0,2,NA,NA,NA,NA,NA,NA,NA,NA,NA,NA,NA,NA,NA,NA,NA,NA,NA,NA,NA,NA,NA,NA,NA,NA,NA,NA,NA,NA,wheat_December,wheat,Yes,Yes
M22_16S_g10_F02,December,ROWVT,wheat,102,,M22_2938,Seedling,,Hilliard,bulk_seedling,all_leaves,sample,10,3,5,10.54,87,51.9,60.9,NA,NA,35.696453,-80.62388,12.48,10.7,NA,0,3,0,2,NA,NA,NA,NA,NA,NA,NA,NA,NA,NA,NA,NA,NA,NA,NA,NA,NA,NA,NA,NA,NA,NA,NA,NA,NA,NA,NA,NA,wheat_December,wheat,Yes,Yes
M22_16S_g11_B06,December,WASVT,wheat,558,,M22_2966,Seedling,,Hilliard,bulk_seedling,all_leaves,sample,11,3,5,12.96,67,56.2,79.5,NA,NA,35.849563,-76.65811,10.72,12.4,NA,0,1,0,NA,NA,NA,NA,NA,NA,NA,NA,NA,NA,NA,NA,NA,NA,NA,NA,NA,NA,NA,NA,NA,NA,NA,NA,NA,NA,NA,NA,NA,wheat_December,wheat,Yes,Yes
M22_16S_g11_C04,December,ROWVT,wheat,360,,M22_2943,Seedling,,Hilliard,bulk_seedling,all_leaves,sample,11,3,5,14.35,90,56,83.7,NA,NA,35.697066,-80.623263,12.4,10.7,NA,0,2,0,1,NA,NA,NA,NA,NA,NA,NA,NA,NA,NA,NA,NA,NA,NA,NA,NA,NA,NA,NA,NA,NA,NA,NA,NA,NA,NA,NA,NA,wheat_December,wheat,Yes,Yes
M22_16S_g11_F07,December,ROBVT,wheat,301,,M22_2932,Seedling,,Hilliard,bulk_seedling,all_leaves,sample,11,3,5,NA,NA,NA,NA,NA,NA,34.511679,-79.30696,11.98,13.2,NA,1,2,0,NA,NA,NA,NA,NA,NA,NA,NA,NA,NA,NA,NA,NA,NA,NA,NA,NA,NA,NA,NA,NA,NA,NA,NA,NA,NA,NA,NA,NA,wheat_December,wheat,Yes,Yes
M22_16S_g12_H05,December,ROBVT,wheat,527,,M22_2936,Seedling,,Hilliard,bulk_seedling,all_leaves,sample,12,3,5,NA,NA,NA,NA,NA,NA,34.511823,-79.307843,12.3,13.2,NA,0,3,0,NA,NA,NA,NA,NA,NA,NA,NA,NA,NA,NA,NA,NA,NA,NA,NA,NA,NA,NA,NA,NA,NA,NA,NA,NA,NA,NA,NA,NA,wheat_December,wheat,Yes,Yes
M22_16S_g13_A04,December,PERVT,wheat,566,,M22_2927,Seedling,,Hilliard,bulk_seedling,all_leaves,sample,13,4,5,14.54,90,58.7,88.1,NA,NA,36.180635,-76.359859,9.12,11.9,NA,1,3,0,NA,NA,NA,NA,NA,NA,NA,NA,NA,NA,NA,NA,NA,NA,NA,NA,NA,NA,NA,NA,NA,NA,NA,NA,NA,NA,NA,NA,NA,wheat_December,wheat,Yes,Yes
M22_16S_g13_B08,December,UNIVT,wheat,510,,M22_2956,Seedling,,Hilliard,bulk_seedling,all_leaves,sample,13,4,5,17.38,94,60.4,102.5768002,NA,NA,34.947817,-80.424514,12.52,11.9,NA,0,2,0,0,NA,NA,NA,NA,NA,NA,NA,NA,NA,NA,NA,NA,NA,NA,NA,NA,NA,NA,NA,NA,NA,NA,NA,NA,NA,NA,NA,NA,wheat_December,wheat,Yes,Yes
M22_16S_g13_D02,December,LENVT,wheat,363,,M22_2913,Seedling,,Hilliard,bulk_seedling,all_leaves,sample,13,4,5,7.25,66,58.9,43.1,NA,NA,35.377256,-77.560338,11.36,12.4,NA,2,3,1,NA,NA,NA,NA,NA,NA,NA,NA,NA,NA,NA,NA,NA,NA,NA,NA,NA,NA,NA,NA,NA,NA,NA,NA,NA,NA,NA,NA,NA,wheat_December,wheat,Yes,Yes
M22_16S_g13_D04,December,UNIVT,wheat,576,,M22_2957,Seedling,,Hilliard,bulk_seedling,all_leaves,sample,13,4,5,NA,91,NA,NA,NA,NA,34.947707,-80.424061,12.88,11.9,NA,0,2,0,NA,NA,NA,NA,NA,NA,NA,NA,NA,NA,NA,NA,NA,NA,NA,NA,NA,NA,NA,NA,NA,NA,NA,NA,NA,NA,NA,NA,NA,wheat_December,wheat,Yes,Yes
M22_16S_g13_H05,December,PERVT,wheat,434,,M22_2925,Seedling,,Hilliard,bulk_seedling,all_leaves,sample,13,4,5,14.7,96,58.2,87.5,9,NA,36.180107,-76.359772,10.58,11.9,NA,1,5,0,NA,NA,NA,NA,NA,NA,NA,NA,NA,NA,NA,NA,NA,NA,NA,NA,NA,NA,NA,NA,NA,NA,NA,NA,NA,NA,NA,NA,NA,wheat_December,wheat,Yes,Yes
M22_16S_g15_A04,December,UNIVT,wheat,102,,M22_2948,Seedling,,Hilliard,bulk_seedling,all_leaves,sample,15,4,5,15.74,91,58.9,92.26340365,8.8,NA,34.949145,-80.424786,14.96,11.9,NA,0,3,0,1,NA,NA,NA,NA,NA,NA,NA,NA,NA,NA,NA,NA,NA,NA,NA,NA,NA,NA,NA,NA,NA,NA,NA,NA,NA,NA,NA,NA,wheat_December,wheat,Yes,Yes
M22_16S_g15_E02,December,ROBVT,wheat,373,,M22_2933,Seedling,,Hilliard,bulk_seedling,all_leaves,sample,15,4,5,NA,NA,NA,NA,NA,NA,34.511761,-79.307246,12.18,13.2,NA,1,3,0,NA,NA,NA,NA,NA,NA,NA,NA,NA,NA,NA,NA,NA,NA,NA,NA,NA,NA,NA,NA,NA,NA,NA,NA,NA,NA,NA,NA,NA,wheat_December,wheat,Yes,Yes
M22_16S_g15_G02,December,LENVT,wheat,443,,M22_2914,Seedling,,Hilliard,bulk_seedling,all_leaves,sample,15,4,5,4.52,51,59.2,26.9,NA,NA,35.377068,-77.560029,11.74,12.4,NA,1,6,0,NA,NA,NA,NA,NA,NA,NA,NA,NA,NA,NA,NA,NA,NA,NA,NA,NA,NA,NA,NA,NA,NA,NA,NA,NA,NA,NA,NA,NA,wheat_December,wheat,Yes,Yes
M22_16S_g16_B11,December,ROBVT,wheat,562,,M22_2937,Seedling,,Hilliard,bulk_seedling,all_leaves,sample,16,4,5,NA,NA,NA,NA,NA,NA,34.511964,-79.308017,13.06,13.2,NA,0,3,0,NA,NA,NA,NA,NA,NA,NA,NA,NA,NA,NA,NA,NA,NA,NA,NA,NA,NA,NA,NA,NA,NA,NA,NA,NA,NA,NA,NA,NA,wheat_December,wheat,Yes,Yes
M22_16S_g16_D02,December,LENVT,wheat,471,,M22_2915,Seedling,,Hilliard,bulk_seedling,all_leaves,sample,16,4,5,5.68,51,59.2,33.9,NA,NA,35.376978,-77.560024,11.24,12.4,NA,2,4,0,NA,NA,NA,NA,NA,NA,NA,NA,NA,NA,NA,NA,NA,NA,NA,NA,NA,NA,NA,NA,NA,NA,NA,NA,NA,NA,NA,NA,NA,wheat_December,wheat,Yes,Yes
M22_16S_g16_H08,December,ROWVT,wheat,106,,M22_2939,Seedling,,Hilliard,bulk_seedling,all_leaves,sample,16,4,5,12.21,91,53,71.5,NA,NA,35.696453,-80.62388,11.4,10.7,NA,2,4,0,1,NA,NA,NA,NA,NA,NA,NA,NA,NA,NA,NA,NA,NA,NA,NA,NA,NA,NA,NA,NA,NA,NA,NA,NA,NA,NA,NA,NA,wheat_December,wheat,Yes,Yes
M22_16S_g17_B10,December,LENVT,wheat,342,,M22_2912,Seedling,,Hilliard,bulk_seedling,all_leaves,sample,17,5,5,5.38,54,59.8,32.2,NA,NA,35.377401,-77.56007,9.46,12.4,NA,2,6,1,NA,NA,NA,NA,NA,NA,NA,NA,NA,NA,NA,NA,NA,NA,NA,NA,NA,NA,NA,NA,NA,NA,NA,NA,NA,NA,NA,NA,NA,wheat_December,wheat,Yes,Yes
M22_16S_g18_A10,December,WASVT,wheat,563,,M22_2967,Seedling,,Hilliard,bulk_seedling,all_leaves,sample,18,5,5,13,75,55.9,79.8,NA,NA,35.849473,-76.658105,9.32,12.4,NA,0,0,0,NA,NA,NA,NA,NA,NA,NA,NA,NA,NA,NA,NA,NA,NA,NA,NA,NA,NA,NA,NA,NA,NA,NA,NA,NA,NA,NA,NA,NA,wheat_December,wheat,Yes,Yes
M22_16S_g18_B04,December,ROBVT,wheat,251,,M22_2931,Seedling,,Hilliard,bulk_seedling,all_leaves,sample,18,5,5,NA,NA,NA,NA,NA,NA,34.511764,-79.306745,12.2,13.2,NA,1,3,0,NA,NA,NA,NA,NA,NA,NA,NA,NA,NA,NA,NA,NA,NA,NA,NA,NA,NA,NA,NA,NA,NA,NA,NA,NA,NA,NA,NA,NA,wheat_December,wheat,Yes,Yes
M22_16S_g19_C04,December,ROBVT,wheat,476,,M22_2935,Seedling,,Hilliard,bulk_seedling,all_leaves,sample,19,5,5,NA,NA,NA,NA,NA,NA,34.511715,-79.30766,13.42,13.2,NA,1,2,0,NA,NA,NA,NA,NA,NA,NA,NA,NA,NA,NA,NA,NA,NA,NA,NA,NA,NA,NA,NA,NA,NA,NA,NA,NA,NA,NA,NA,NA,wheat_December,wheat,Yes,Yes
M22_16S_g19_G11,December,WASVT,wheat,461,,M22_2965,Seedling,,Hilliard,bulk_seedling,all_leaves,sample,19,5,5,15.02,77,56.2,92.1,NA,NA,35.849539,-76.657698,10.28,12.4,NA,0,0,0,NA,NA,NA,NA,NA,NA,NA,NA,NA,NA,NA,NA,NA,NA,NA,NA,NA,NA,NA,NA,NA,NA,NA,NA,NA,NA,NA,NA,NA,wheat_December,wheat,Yes,Yes
M22_16S_g20_A09,December,UNIVT,wheat,106,,M22_2949,Seedling,,Hilliard,bulk_seedling,all_leaves,sample,20,5,5,15.93,89,59.6,93.69801323,8.9,NA,34.949117,-80.424869,16.04,11.9,NA,0,2,0,1,NA,NA,NA,NA,NA,NA,NA,NA,NA,NA,NA,NA,NA,NA,NA,NA,NA,NA,NA,NA,NA,NA,NA,NA,NA,NA,NA,NA,wheat_December,wheat,Yes,Yes
M22_16S_g20_C10,December,UNIVT,wheat,259,,M22_2951,Seedling,,Hilliard,bulk_seedling,all_leaves,sample,20,5,5,16.28,84,60.7,95.86597512,8.8,NA,34.948573,-80.424909,15.44,11.9,NA,0,2,0,NA,NA,NA,NA,NA,NA,NA,NA,NA,NA,NA,NA,NA,NA,NA,NA,NA,NA,NA,NA,NA,NA,NA,NA,NA,NA,NA,NA,NA,wheat_December,wheat,Yes,Yes
M22_16S_g20_E05,December,ROWVT,wheat,429,,M22_2944,Seedling,,Hilliard,bulk_seedling,all_leaves,sample,20,5,5,12.99,94,56.6,76,NA,NA,35.697219,-80.623181,12.4,10.7,NA,0,5,0,2,NA,NA,NA,NA,NA,NA,NA,NA,NA,NA,NA,NA,NA,NA,NA,NA,NA,NA,NA,NA,NA,NA,NA,NA,NA,NA,NA,NA,wheat_December,wheat,Yes,Yes
M22_16S_g21_B04,December,UNIVT,wheat,309,,M22_2952,Seedling,,Hilliard,bulk_seedling,all_leaves,sample,21,6,5,16.39,89,59.6,96.7338179,8.6,NA,34.94846,-80.424713,14.56,11.9,NA,0,1,0,0,NA,NA,NA,NA,NA,NA,NA,NA,NA,NA,NA,NA,NA,NA,NA,NA,NA,NA,NA,NA,NA,NA,NA,NA,NA,NA,NA,NA,wheat_December,wheat,Yes,Yes
M22_16S_g21_C09,December,WASVT,wheat,420,,M22_2964,Seedling,,Hilliard,bulk_seedling,all_leaves,sample,21,6,5,13.33,76,56.3,81.8,NA,NA,35.849519,-76.6575,8.74,12.4,NA,0,1,0,NA,NA,NA,NA,NA,NA,NA,NA,NA,NA,NA,NA,NA,NA,NA,NA,NA,NA,NA,NA,NA,NA,NA,NA,NA,NA,NA,NA,NA,wheat_December,wheat,Yes,Yes
M22_16S_g21_D05,December,PERVT,wheat,219,,M22_2920,Seedling,,Hilliard,bulk_seedling,all_leaves,sample,21,6,5,14.95,97,58.6,89.5,8.9,NA,36.179719,-76.359099,10.76,11.9,NA,1,6,0,NA,NA,NA,NA,NA,NA,NA,NA,NA,NA,NA,NA,NA,NA,NA,NA,NA,NA,NA,NA,NA,NA,NA,NA,NA,NA,NA,NA,NA,wheat_December,wheat,Yes,Yes
M22_16S_g21_H04,December,ROBVT,wheat,106,,M22_2929,Seedling,,Hilliard,bulk_seedling,all_leaves,sample,21,6,5,NA,NA,NA,NA,NA,NA,34.511613,-79.306167,12.24,13.2,NA,0,3,0,NA,NA,NA,NA,NA,NA,NA,NA,NA,NA,NA,NA,NA,NA,NA,NA,NA,NA,NA,NA,NA,NA,NA,NA,NA,NA,NA,NA,NA,wheat_December,wheat,Yes,Yes
M22_16S_g22_A07,December,PERVT,wheat,106,,M22_2919,Seedling,,Hilliard,bulk_seedling,all_leaves,sample,22,6,5,15.66,95,58.7,94.3,9.3,NA,36.179315,-76.358881,10.48,11.9,NA,1,5,0,NA,NA,NA,NA,NA,NA,NA,NA,NA,NA,NA,NA,NA,NA,NA,NA,NA,NA,NA,NA,NA,NA,NA,NA,NA,NA,NA,NA,NA,wheat_December,wheat,Yes,Yes
M22_16S_g22_B03,December,PERVT,wheat,553,,M22_2926,Seedling,,Hilliard,bulk_seedling,all_leaves,sample,22,6,5,14.67,93,58.5,88.2,NA,NA,36.180444,-76.359931,9.66,11.9,NA,2,5,0,NA,NA,NA,NA,NA,NA,NA,NA,NA,NA,NA,NA,NA,NA,NA,NA,NA,NA,NA,NA,NA,NA,NA,NA,NA,NA,NA,NA,NA,wheat_December,wheat,Yes,Yes
M22_16S_g22_H10,December,WASVT,wheat,353,,M22_2963,Seedling,,Hilliard,bulk_seedling,all_leaves,sample,22,6,5,14.21,76,57.2,87.3,NA,NA,35.849478,-76.657193,8.4,12.4,NA,0,0,0,NA,NA,NA,NA,NA,NA,NA,NA,NA,NA,NA,NA,NA,NA,NA,NA,NA,NA,NA,NA,NA,NA,NA,NA,NA,NA,NA,NA,NA,wheat_December,wheat,Yes,Yes
M22_16S_g23_B09,December,WAKMP,wheat,B06,,M22_2985,Seedling,,Hilliard,bulk_seedling,all_leaves,sample,23,6,5,NA,NA,NA,NA,NA,NA,35.732944,-78.701535,12.42,11.3,NA,3,5,0,0,NA,NA,NA,NA,NA,NA,NA,NA,NA,NA,NA,NA,NA,NA,NA,NA,NA,NA,NA,NA,NA,NA,NA,NA,NA,NA,NA,NA,wheat_December,wheat,Yes,Yes
M22_16S_g23_H04,December,LENVT,wheat,583,,M22_2917,Seedling,,Hilliard,bulk_seedling,all_leaves,sample,23,6,5,9.5,48,59.1,56.6,NA,NA,35.376587,-77.559873,9.18,12.4,NA,1,6,0,NA,NA,NA,NA,NA,NA,NA,NA,NA,NA,NA,NA,NA,NA,NA,NA,NA,NA,NA,NA,NA,NA,NA,NA,NA,NA,NA,NA,NA,wheat_December,wheat,Yes,Yes
M22_16S_g25_B07,December,ROBVT,wheat,407,,M22_2934,Seedling,,Hilliard,bulk_seedling,all_leaves,sample,25,7,5,NA,NA,NA,NA,NA,NA,34.511862,-79.307337,14.04,13.2,NA,1,3,0,NA,NA,NA,NA,NA,NA,NA,NA,NA,NA,NA,NA,NA,NA,NA,NA,NA,NA,NA,NA,NA,NA,NA,NA,NA,NA,NA,NA,NA,wheat_December,wheat,Yes,Yes
M22_16S_g25_D12,December,LENVT,wheat,272,,M22_2910,Seedling,,Hilliard,bulk_seedling,all_leaves,sample,25,7,5,7.25,62,59.3,43.1,NA,NA,35.3776,-77.560296,13.68,12.4,NA,2,4,2,NA,NA,NA,NA,NA,NA,NA,NA,NA,NA,NA,NA,NA,NA,NA,NA,NA,NA,NA,NA,NA,NA,NA,NA,NA,NA,NA,NA,NA,wheat_December,wheat,Yes,Yes
M22_16S_g25_H09,December,WAKMP,wheat,B17,,M22_2988,Seedling,,Hilliard,bulk_seedling,all_leaves,sample,25,7,5,NA,NA,NA,NA,NA,NA,35.733219,-78.701567,12.98,11.3,NA,4,4,0,0,NA,NA,NA,NA,NA,NA,NA,NA,NA,NA,NA,NA,NA,NA,NA,NA,NA,NA,NA,NA,NA,NA,NA,NA,NA,NA,NA,NA,wheat_December,wheat,Yes,Yes
M22_16S_g26_E04,December,ROBVT,wheat,201,,M22_2930,Seedling,,Hilliard,bulk_seedling,all_leaves,sample,26,7,5,NA,NA,NA,NA,NA,NA,34.511604,-79.30657,13.5,13.2,NA,1,3,0,NA,NA,NA,NA,NA,NA,NA,NA,NA,NA,NA,NA,NA,NA,NA,NA,NA,NA,NA,NA,NA,NA,NA,NA,NA,NA,NA,NA,NA,wheat_December,wheat,Yes,Yes
M22_16S_g28_D09,December,PERVT,wheat,102,,M22_2918,Seedling,,Hilliard,bulk_seedling,all_leaves,sample,28,7,5,12.81,98,59,76.9,8.4,NA,36.179315,-76.358881,11.02,11.9,NA,1,5,0,NA,NA,NA,NA,NA,NA,NA,NA,NA,NA,NA,NA,NA,NA,NA,NA,NA,NA,NA,NA,NA,NA,NA,NA,NA,NA,NA,NA,NA,wheat_December,wheat,Yes,Yes
M22_16S_g28_F06,December,LENVT,wheat,566,,M22_2916,Seedling,,Hilliard,bulk_seedling,all_leaves,sample,28,7,5,7.35,55,58.7,43.7,NA,NA,35.376646,-77.559983,11.24,12.4,NA,2,5,0,NA,NA,NA,NA,NA,NA,NA,NA,NA,NA,NA,NA,NA,NA,NA,NA,NA,NA,NA,NA,NA,NA,NA,NA,NA,NA,NA,NA,NA,wheat_December,wheat,Yes,Yes
M22_16S_g29_C07,December,WASVT,wheat,318,,M22_2962,Seedling,,Hilliard,bulk_seedling,all_leaves,sample,29,8,5,14.19,79,57.4,86.7,NA,NA,35.849584,-76.657093,9.84,12.4,NA,0,0,0,NA,NA,NA,NA,NA,NA,NA,NA,NA,NA,NA,NA,NA,NA,NA,NA,NA,NA,NA,NA,NA,NA,NA,NA,NA,NA,NA,NA,NA,wheat_December,wheat,Yes,Yes
M22_16S_g29_C10,December,PERVT,wheat,374,,M22_2923,Seedling,,Hilliard,bulk_seedling,all_leaves,sample,29,8,5,15.73,101,59,94.5,9.4,NA,36.180019,-76.359592,10.3,11.9,NA,1,4,0,NA,NA,NA,NA,NA,NA,NA,NA,NA,NA,NA,NA,NA,NA,NA,NA,NA,NA,NA,NA,NA,NA,NA,NA,NA,NA,NA,NA,NA,wheat_December,wheat,Yes,Yes
M22_16S_g30_E11,December,PERVT,wheat,329,,M22_2922,Seedling,,Hilliard,bulk_seedling,all_leaves,sample,30,8,5,13.64,93,58.7,81.9,9,NA,36.179945,-76.359397,9.04,11.9,NA,1,4,0,NA,NA,NA,NA,NA,NA,NA,NA,NA,NA,NA,NA,NA,NA,NA,NA,NA,NA,NA,NA,NA,NA,NA,NA,NA,NA,NA,NA,NA,wheat_December,wheat,Yes,Yes
M22_16S_g30_G04,December,LENVT,wheat,284,,M22_2911,Seedling,,Hilliard,bulk_seedling,all_leaves,sample,30,8,5,6.22,61,59.2,37.1,NA,NA,35.377563,-77.56008,10.22,12.4,NA,2,4,0,NA,NA,NA,NA,NA,NA,NA,NA,NA,NA,NA,NA,NA,NA,NA,NA,NA,NA,NA,NA,NA,NA,NA,NA,NA,NA,NA,NA,NA,wheat_December,wheat,Yes,Yes
M22_16S_g30_G05,December,PERVT,wheat,283,,M22_2921,Seedling,,Hilliard,bulk_seedling,all_leaves,sample,30,8,5,13.45,98,59.4,81.3,8.5,NA,36.180087,-76.3591,10.34,11.9,NA,1,4,0,NA,NA,NA,NA,NA,NA,NA,NA,NA,NA,NA,NA,NA,NA,NA,NA,NA,NA,NA,NA,NA,NA,NA,NA,NA,NA,NA,NA,NA,wheat_December,wheat,Yes,Yes
M22_16S_g01_B03,April,LENVT,wheat,363,p005,M22_0066,Heading,4/20/23,Hilliard,individual,oldest_healthy,sample,1,1,5,7.25,66,58.9,43.1,NA,11.3,35.377256,-77.560338,76,16.4,335,2,3,1,NA,4.05,0.13,1.34,0.36,0.15,0.23,69.7,43.6,22.2,8.65,3.64,0.01,17.5,0.32,1.16,3.7,70,1.1,5.5,47,117,350,63,16,15.4,3.5,0.6,0.1,wheat_April,wheat,Yes,Yes
M22_16S_g01_B11,March,PERVT,wheat,434,p001,M22_1704,Jointing,3/28/23,Hilliard,individual,oldest_healthy,sample,1,1,5,14.7,96,58.2,87.5,9,28.84,36.180107,-76.359772,38.3,12.8,295,1,5,0,NA,3.43,0.41,3,0.39,0.16,0.2,82.3,63.9,22,5.89,3.27,0.01,7.23,0.32,0.75,5.7,80,1.1,5.7,81,83,652,141,17,11.2,2.5,1.2,0.2,wheat_March,wheat,Yes,Yes
M22_16S_g01_C04,March,UNIVT,wheat,430,p003,M22_2249,Jointing,3/20/23,Hilliard,individual,oldest_healthy,sample,1,1,5,17.46,102,59.1,102.8144917,8.8,36.14,34.948124,-80.424406,16,13.1,313,0,3,0,0,3.86,0.39,2.17,0.66,0.1,0.21,95.4,73,18.8,5.82,5.48,0.01,32.6,0.56,0.83,11.4,88,1.3,6.1,246,64,1863,78,23,66.7,12.3,8.5,0.1,wheat_March,wheat,Yes,Yes
M22_16S_g01_E06,April,ROWVT,wheat,429,p005,M22_0705,Heading,4/27/23,Hilliard,individual,oldest_healthy,sample,1,1,5,12.99,94,56.6,76,NA,12.2,35.697219,-80.623181,96,15,469,0,5,0,2,3.67,0.3,1.14,1.16,0.37,0.29,72.4,216,24.6,7.62,4.96,0,12,0.41,0.93,8.2,79,1.7,5.8,307,78,859,246,20,216,11,3.8,0.1,wheat_April,wheat,Yes,Yes
M22_16S_g01_E09,March,ROBVT,wheat,562,p005,M22_1891,Jointing,3/21/23,Hilliard,individual,oldest_healthy,sample,1,1,1.91,NA,NA,NA,NA,NA,20.86,34.511964,-79.308017,28.9,14.7,239,0,3,0,NA,4.06,0.33,3.09,0.35,0.12,0.23,58.5,49.3,24.7,4.84,3.3,0,9.87,0.92,1.05,6.2,69,2,5.3,271,74,684,81,19,22.9,7.6,1.4,0.1,wheat_March,wheat,Yes,Yes
M22_16S_g01_E11,April,ROBVT,wheat,373,p002,M22_0495,Heading,4/24/23,Hilliard,individual,oldest_healthy,sample,1,1,5,NA,NA,NA,NA,NA,4.8,34.511761,-79.307246,82,18.1,296,1,3,0,NA,3.38,0.2,1.54,0.42,0.14,0.17,63.9,25.4,14.9,6.09,4.1,0,6.89,0.36,1.25,4.2,74,1.1,5.8,103,44,461,90,8,10.6,4.3,0.6,0,wheat_April,wheat,Yes,Yes
M22_16S_g01_F03,April,LENVT,wheat,471,p004,M22_0070,Heading,4/20/23,Hilliard,individual,oldest_healthy,sample,1,1,5,5.68,51,59.2,33.9,NA,10.5,35.376978,-77.560024,73,16.4,335,2,4,0,NA,3.86,0.1,1.33,0.37,0.13,0.27,69.5,45.6,24.6,8.01,3.32,0.01,26.2,0.46,1.2,3.3,56,1.4,4.9,42,84,270,32,19,15.4,5.3,0.6,0.1,wheat_April,wheat,Yes,Yes
M22_16S_g01_F06,April,WASVT,wheat,558,p004,M22_1394,Heading,5/9/23,Hilliard,individual,oldest_healthy,sample,1,1,5,12.96,67,56.2,79.5,NA,20,35.849563,-76.65811,80,16.2,364,0,1,0,NA,2.9,0.15,1.05,0.64,0.37,0.2,94.7,84.3,11.4,6.61,4.49,0.01,48.9,3.57,1.01,11.2,80,2.2,5.8,92,78,1183,347,11,1.6,0.8,0.8,0.1,wheat_April,wheat,Yes,Yes
M22_16S_g01_H03,April,ROBVT,wheat,373,p001,M22_0494,Heading,4/24/23,Hilliard,individual,oldest_healthy,sample,1,1,5,NA,NA,NA,NA,NA,5.7,34.511761,-79.307246,82,18.1,296,1,3,0,NA,3.38,0.2,1.54,0.42,0.14,0.17,63.9,25.4,14.9,6.09,4.1,0,6.89,0.36,1.25,4.2,74,1.1,5.8,103,44,461,90,8,10.6,4.3,0.6,0,wheat_April,wheat,Yes,Yes
M22_16S_g01_H07,March,ROWVT,wheat,429,p002,M22_2061,Jointing,3/15/23,Hilliard,individual,oldest_healthy,sample,1,1,4.27,12.99,94,56.6,76,NA,30.4,35.697219,-80.623181,13.3,11.7,390,0,5,0,2,4.84,0.46,1.83,0.63,0.23,0.33,66.5,138,23.6,8.4,3.42,0.01,3.88,0.32,0.89,7.8,70,2.3,5.5,332,66,708,213,30,369.6,10.5,3.8,0.1,wheat_March,wheat,Yes,Yes
M22_16S_g02_B05,April,LENVT,wheat,566,p003,M22_0074,Heading,4/20/23,Hilliard,individual,oldest_healthy,sample,2,1,5,7.35,55,58.7,43.7,NA,10.6,35.376646,-77.559983,73,16.4,335,2,5,0,NA,3.81,0.18,1.69,0.44,0.15,0.24,76.4,15.5,18.9,7.82,3.25,0.01,19.1,0.81,1.1,7.3,87,0.9,6.4,75,194,929,157,23,16.1,8.9,1,0.1,wheat_April,wheat,Yes,Yes
M22_16S_g02_B06,March,PERVT,wheat,219,p005,M22_1698,Jointing,3/28/23,Hilliard,individual,oldest_healthy,sample,2,1,4.91,14.95,97,58.6,89.5,8.9,29.86,36.179719,-76.359099,28.8,12.8,295,1,6,0,NA,3.87,0.32,2.34,0.35,0.15,0.19,68.6,28.6,20.7,6.75,2.9,0.01,6,0.36,0.88,5.9,84,1,6,61,55,710,151,13,9.6,2.9,1.4,0.1,wheat_March,wheat,Yes,Yes
M22_16S_g02_C07,March,WAKMP,wheat,B08,p004,M22_2432,Jointing,3/10/23,Shirley,individual,oldest_healthy,sample,2,1,5,NA,NA,NA,NA,NA,20.62,35.732671,-78.701523,9.4,12.7,324,3,4,0,0,3.64,0.42,2.53,0.58,0.11,0.24,64.5,86.1,26.2,3.62,2.71,0,9.8,0.51,1.18,4.6,59,1.9,4.8,401,68,467,31,18,25.9,8.4,0.7,0.1,wheat_March,wheat,Yes,Yes
M22_16S_g02_D04,March,WAKMP,wheat,B02,p001,M22_2404,Jointing,3/10/23,Shirley,individual,oldest_healthy,sample,2,1,5,NA,NA,NA,NA,NA,23.63,35.733491,-78.701557,9.6,12.7,324,3,3,0,0,2.87,0.51,2.77,0.41,0.07,0.19,203,63.9,32.7,7.9,2.85,0,46.4,0.41,1.18,7.9,79,1.6,5.4,655,98,1104,57,17,31.7,14.5,1.4,0.1,wheat_March,wheat,Yes,Yes
M22_16S_g02_D05,April,ROBVT,wheat,407,p005,M22_0503,Heading,4/24/23,Hilliard,individual,oldest_healthy,sample,2,1,5,NA,NA,NA,NA,NA,7.1,34.511862,-79.307337,86,18.1,296,1,3,0,NA,3.4,0.21,1.53,0.44,0.18,0.17,61.1,20.6,15.6,6.31,4.12,0,7.66,0.32,1.26,4.7,82,0.8,6.2,83,53,559,113,9,10,4.5,0.7,0,wheat_April,wheat,Yes,Yes
M22_16S_g02_D07,April,ROBVT,wheat,251,p003,M22_0491,Heading,4/24/23,Hilliard,individual,oldest_healthy,sample,2,1,5,NA,NA,NA,NA,NA,3.1,34.511764,-79.306745,78,18.1,296,1,3,0,NA,3.39,0.19,1.35,0.42,0.16,0.21,67.8,25.6,14.7,7.64,3.85,0.01,14.2,0.36,1.18,5.2,79,1.1,6,88,60,590,121,9,12.1,5.5,0.5,0,wheat_April,wheat,Yes,Yes
M22_16S_g02_D12,April,ROWVT,wheat,360,p002,M22_0697,Heading,4/27/23,Hilliard,individual,oldest_healthy,sample,2,1,5,14.35,90,56,83.7,NA,11.1,35.697066,-80.623263,101,15,469,0,2,0,1,3.46,0.26,1.04,1.06,0.33,0.25,70.2,195,22,7.09,4.52,0.01,11.1,0.36,0.94,8.2,81,1.5,6.1,209,64,907,242,19,292.3,11.7,3.9,0.1,wheat_April,wheat,Yes,Yes
M22_16S_g02_E09,April,ROWVT,wheat,227,p002,M22_0692,Heading,4/27/23,Hilliard,individual,oldest_healthy,sample,2,1,5,12.59,92,55,71.5,NA,14.1,35.696813,-80.623607,90,15,469,2,5,0,2,3.52,0.28,1,1.29,0.37,0.27,103,200,27,9.29,5.07,0.01,16.1,0.27,0.95,7.4,83,1.3,6,170,49,811,232,24,208,10.2,4.1,0.1,wheat_April,wheat,Yes,Yes
M22_16S_g02_G03,March,PERVT,wheat,434,p005,M22_1708,Jointing,3/28/23,Hilliard,individual,oldest_healthy,sample,2,1,5,14.7,96,58.2,87.5,9,28.84,36.180107,-76.359772,32.9,12.8,295,1,5,0,NA,3.43,0.41,3,0.39,0.16,0.2,82.3,63.9,22,5.89,3.27,0.01,7.23,0.32,0.75,5.7,80,1.1,5.7,81,83,652,141,17,11.2,2.5,1.2,0.2,wheat_March,wheat,Yes,Yes
M22_16S_g02_H07,April,LENVT,wheat,566,p004,M22_0075,Heading,4/20/23,Hilliard,individual,oldest_healthy,sample,2,1,5,7.35,55,58.7,43.7,NA,10.9,35.376646,-77.559983,76,16.4,335,2,5,0,NA,3.81,0.18,1.69,0.44,0.15,0.24,76.4,15.5,18.9,7.82,3.25,0.01,19.1,0.81,1.1,7.3,87,0.9,6.4,75,194,929,157,23,16.1,8.9,1,0.1,wheat_April,wheat,Yes,Yes
M22_16S_g03_A06,April,PERVT,wheat,553,p004,M22_0295,Heading,5/5/23,Hilliard,individual,oldest_healthy,sample,3,1,5,14.67,93,58.5,88.2,NA,21.7,36.180444,-76.359931,100,15.7,361,2,5,0,NA,3.12,0.18,1.42,0.78,0.26,0.18,83,87,15.8,7.02,3.47,0,20.4,0.41,0.93,5,74,1.3,5.3,59,70,520,112,16,8.2,2.2,1.1,0.2,wheat_April,wheat,Yes,Yes
M22_16S_g03_B05,March,WASVT,wheat,251,p004,M22_2632,Jointing,3/27/23,Hilliard,individual,oldest_healthy,sample,3,1,5,11.83,69,55.9,71.4,NA,20.18,35.849402,-76.656793,21,13.2,293,0,0,0,NA,4.18,0.22,3.16,0.31,0.15,0.2,73.9,63.3,23.9,8.82,3.6,0.01,32.3,3.87,0.93,10.6,72,2.9,5.3,65,87,1092,240,18,3.9,1.5,0.7,0.1,wheat_March,wheat,Yes,Yes
M22_16S_g03_B10,March,WAKMP,wheat,B02,p003,M22_2406,Jointing,3/10/23,Shirley,individual,oldest_healthy,sample,3,1,5,NA,NA,NA,NA,NA,23.63,35.733491,-78.701557,8.7,12.7,324,3,3,0,0,2.87,0.51,2.77,0.41,0.07,0.19,203,63.9,32.7,7.9,2.85,0,46.4,0.41,1.18,7.9,79,1.6,5.4,655,98,1104,57,17,31.7,14.5,1.4,0.1,wheat_March,wheat,Yes,Yes
M22_16S_g03_C04,March,WAKMP,wheat,B05,p002,M22_2415,Jointing,3/10/23,USG3640,individual,oldest_healthy,sample,3,1,5,NA,NA,NA,NA,NA,24.22,35.73308,-78.701541,29,12.7,324,7,7,0,3,3.74,0.65,3.63,0.78,0.11,0.3,97,44.2,22.6,5.37,3.33,0.01,15,0.36,0.99,8.4,79,1.8,5.3,668,76,1189,63,17,32,16.6,1.3,0.1,wheat_March,wheat,Yes,Yes
M22_16S_g03_C05,March,LENVT,wheat,471,p002,M22_1555,Jointing,3/14/23,Hilliard,individual,oldest_healthy,sample,3,1,5,5.68,51,59.2,33.9,NA,20.24,35.376978,-77.560024,7,13.4,268,2,4,0,NA,3.99,0.12,3.58,0.29,0.1,0.28,55.9,67.4,35.8,7.49,2.74,0,12.5,0.36,1.17,3.3,51,1.6,4.8,42,114,219,33,23,13.7,4.6,0.6,0.1,wheat_March,wheat,Yes,Yes
M22_16S_g03_D08,March,WASVT,wheat,251,p001,M22_2629,Jointing,3/27/23,Hilliard,individual,oldest_healthy,sample,3,1,5,11.83,69,55.9,71.4,NA,20.18,35.849402,-76.656793,22.1,13.2,293,0,0,0,NA,4.18,0.22,3.16,0.31,0.15,0.2,73.9,63.3,23.9,8.82,3.6,0.01,32.3,3.87,0.93,10.6,72,2.9,5.3,65,87,1092,240,18,3.9,1.5,0.7,0.1,wheat_March,wheat,Yes,Yes
M22_16S_g03_E01,March,PERVT,wheat,434,p004,M22_1707,Jointing,3/28/23,Hilliard,individual,oldest_healthy,sample,3,1,0.03,14.7,96,58.2,87.5,9,28.84,36.180107,-76.359772,33.5,12.8,295,1,5,0,NA,3.43,0.41,3,0.39,0.16,0.2,82.3,63.9,22,5.89,3.27,0.01,7.23,0.32,0.75,5.7,80,1.1,5.7,81,83,652,141,17,11.2,2.5,1.2,0.2,wheat_March,wheat,Yes,Yes
M22_16S_g03_G11,April,PERVT,wheat,219,p002,M22_0270,Heading,5/5/23,Hilliard,individual,oldest_healthy,sample,3,1,5,14.95,97,58.6,89.5,8.9,21.7,36.179719,-76.359099,93,15.7,361,1,6,0,NA,2.63,0.18,1.36,0.68,0.26,0.15,77.6,19.4,13.3,6.51,3.39,0.01,17.6,0.36,0.91,6.3,87,0.8,6.1,55,56,797,172,11,9.5,2.9,1.7,0.1,wheat_April,wheat,Yes,Yes
M22_16S_g03_H11,March,WASVT,wheat,461,p004,M22_2642,Jointing,3/27/23,Hilliard,individual,oldest_healthy,sample,3,1,5,15.02,77,56.2,92.1,NA,22.6,35.849539,-76.657698,36.2,13.2,293,0,0,0,NA,4.03,0.31,1.93,0.41,0.21,0.2,64.5,41.7,17.5,8.98,4,0.01,9.16,2.44,0.96,11.4,81,2.1,5.9,93,55,1235,360,18,2.9,0.9,0.9,0.2,wheat_March,wheat,Yes,Yes
M22_16S_g04_A08,April,UNIVT,wheat,430,p004,M22_0931,Heading,4/28/23,Hilliard,individual,oldest_healthy,sample,4,1,5,17.46,102,59.1,102.8144917,8.8,17.1,34.948124,-80.424406,99,16.4,407,0,3,0,0,3.29,0.25,1.51,0.84,0.19,0.19,74.6,72.1,18.2,6.35,7.86,0.01,14.4,0.36,0.79,12.4,87,1.6,6.2,255,61,1990,81,24,55.9,15.1,9.1,0.1,wheat_April,wheat,Yes,Yes
M22_16S_g04_C11,April,ROBVT,wheat,251,p001,M22_0489,Heading,4/24/23,Hilliard,individual,oldest_healthy,sample,4,1,5,NA,NA,NA,NA,NA,3.5,34.511764,-79.306745,79,18.1,296,1,3,0,NA,3.39,0.19,1.35,0.42,0.16,0.21,67.8,25.6,14.7,7.64,3.85,0.01,14.2,0.36,1.18,5.2,79,1.1,6,88,60,590,121,9,12.1,5.5,0.5,0,wheat_April,wheat,Yes,Yes
M22_16S_g04_D02,April,PERVT,wheat,553,p005,M22_0296,Heading,5/5/23,Hilliard,individual,oldest_healthy,sample,4,1,5,14.67,93,58.5,88.2,NA,21.6,36.180444,-76.359931,98,15.7,361,2,5,0,NA,3.12,0.18,1.42,0.78,0.26,0.18,83,87,15.8,7.02,3.47,0,20.4,0.41,0.93,5,74,1.3,5.3,59,70,520,112,16,8.2,2.2,1.1,0.2,wheat_April,wheat,Yes,Yes
M22_16S_g04_E11,April,ROWVT,wheat,227,p005,M22_0695,Heading,4/27/23,Hilliard,individual,oldest_healthy,sample,4,1,5,12.59,92,55,71.5,NA,10.9,35.696813,-80.623607,97,15,469,2,5,0,2,3.52,0.28,1,1.29,0.37,0.27,103,200,27,9.29,5.07,0.01,16.1,0.27,0.95,7.4,83,1.3,6,170,49,811,232,24,208,10.2,4.1,0.1,wheat_April,wheat,Yes,Yes
M22_16S_g04_F03,March,WAKMP,wheat,B14,p003,M22_2456,Jointing,3/10/23,Hilliard,individual,oldest_healthy,sample,4,1,4.25,NA,NA,NA,NA,NA,25.16,35.732807,-78.701551,13.9,12.7,324,3,5,0,0,3.47,0.43,2.35,0.56,0.11,0.21,64.1,74.6,23.7,3.27,2.69,0,9.63,0.56,1.18,5.4,64,2,4.9,487,61,611,33,17,28.9,10.6,0.8,0,wheat_March,wheat,Yes,Yes
M22_16S_g04_G04,March,LENVT,wheat,471,p003,M22_1556,Jointing,3/14/23,Hilliard,individual,oldest_healthy,sample,4,1,5,5.68,51,59.2,33.9,NA,20.24,35.376978,-77.560024,12,13.4,268,2,4,0,NA,3.99,0.12,3.58,0.29,0.1,0.28,55.9,67.4,35.8,7.49,2.74,0,12.5,0.36,1.17,3.3,51,1.6,4.8,42,114,219,33,23,13.7,4.6,0.6,0.1,wheat_March,wheat,Yes,Yes
M22_16S_g04_G08,March,WAKMP,wheat,B13,p001,M22_2449,Jointing,3/10/23,Catawba,individual,oldest_healthy,sample,4,1,5,NA,NA,NA,NA,NA,24.7,35.732666,-78.701547,17.5,12.7,324,5,4,0,0,4.17,0.42,2.76,0.49,0.11,0.24,65.4,65.9,22.2,2.51,2.77,0.01,12.7,0.56,1.21,4.6,59,1.9,4.8,373,67,445,34,18,23.4,8.1,0.6,0,wheat_March,wheat,Yes,Yes
M22_16S_g04_H02,March,ROBVT,wheat,407,p005,M22_1886,Jointing,3/21/23,Hilliard,individual,oldest_healthy,sample,4,1,5,NA,NA,NA,NA,NA,17.36,34.511862,-79.307337,21.4,14.7,239,1,3,0,NA,4,0.26,3.09,0.34,0.14,0.23,56.3,26.3,21.3,5.68,2.98,0,6.67,0.22,1.18,4.4,83,0.8,6.4,94,46,528,106,9,11.9,4.9,0.5,0,wheat_March,wheat,Yes,Yes
M22_16S_g05_A10,March,ROBVT,wheat,373,p005,M22_1881,Jointing,3/21/23,Hilliard,individual,oldest_healthy,sample,5,2,5,NA,NA,NA,NA,NA,14.64,34.511761,-79.307246,16.9,14.7,239,1,3,0,NA,3.58,0.26,2.9,0.28,0.12,0.2,53.5,27.7,19.7,4.53,2.83,0,5.82,0.32,1.2,3.5,72,1,5.6,104,39,378,65,10,11.7,4.2,0.5,0.1,wheat_March,wheat,Yes,Yes
M22_16S_g05_C08,March,WAKMP,wheat,B07,p002,M22_2425,Jointing,3/10/23,USG3640,individual,oldest_healthy,sample,5,2,5,NA,NA,NA,NA,NA,21.94,35.732811,-78.701528,27.6,12.7,324,5,6,0,3,3.39,0.71,3.04,0.8,0.13,0.3,60.9,109,31.3,4.07,3.09,0,18.9,0.51,1.15,5.9,63,2.2,4.7,528,69,647,41,21,31.1,10.9,0.9,0.1,wheat_March,wheat,Yes,Yes
M22_16S_g05_D06,April,ROBVT,wheat,407,p004,M22_0502,Heading,4/24/23,Hilliard,individual,oldest_healthy,sample,5,2,5,NA,NA,NA,NA,NA,7.7,34.511862,-79.307337,80,18.1,296,1,3,0,NA,3.4,0.21,1.53,0.44,0.18,0.17,61.1,20.6,15.6,6.31,4.12,0,7.66,0.32,1.26,4.7,82,0.8,6.2,83,53,559,113,9,10,4.5,0.7,0,wheat_April,wheat,Yes,Yes
M22_16S_g05_E09,April,WAKMP,wheat,B06,p005,M22_1130,Heading,4/19/23,Hilliard,individual,oldest_healthy,sample,5,2,5,NA,NA,NA,NA,NA,20.7,35.732944,-78.701535,95,16,419,3,5,0,0,3.91,0.31,1.77,0.83,0.18,0.26,70.1,113,30.1,3.95,3.91,0.01,10.9,0.32,1.09,8.2,80,1.7,5.4,651,69,1175,63,20,32,16.8,1.5,0.1,wheat_April,wheat,Yes,Yes
M22_16S_g05_F02,April,WASVT,wheat,251,p003,M22_1378,Heading,5/9/23,Hilliard,individual,oldest_healthy,sample,5,2,5,11.83,69,55.9,71.4,NA,14.6,35.849402,-76.656793,77,16.2,364,0,0,0,NA,2.98,0.12,1.16,0.52,0.26,0.15,78.7,94.3,13.8,6.25,4.27,0.01,31.2,4.32,0.95,10.2,73,2.7,5.4,55,91,1041,254,15,3.1,1.3,0.7,0.1,wheat_April,wheat,Yes,Yes
M22_16S_g06_A01,April,WAKMP,wheat,B19,p001,M22_1141,Heading,4/19/23,Hilliard,individual,oldest_healthy,sample,6,2,5,NA,NA,NA,NA,NA,21.3,35.733493,-78.701575,91,16,419,3,3,0,0,3.68,0.29,1.66,0.86,0.16,0.22,67.9,82.4,23.6,5.26,4.58,0,4.69,0.32,1.06,8.8,79,1.8,5.3,725,59,1259,62,21,32.9,16.7,1.6,0.1,wheat_April,wheat,Yes,Yes
M22_16S_g06_A04,April,UNIVT,wheat,309,p003,M22_0925,Heading,4/28/23,Hilliard,individual,oldest_healthy,sample,6,2,5,16.39,89,59.6,96.7338179,8.6,15.7,34.94846,-80.424713,96,16.4,407,0,1,0,0,3.17,0.26,1.55,0.7,0.18,0.18,81,41.9,14.8,6.9,10.1,0.01,7.65,0.41,0.85,11.2,88,1.4,6.3,188,65,1784,89,22,47.8,9.6,8.5,0.1,wheat_April,wheat,Yes,Yes
M22_16S_g06_C04,April,WAKMP,wheat,B19,p004,M22_1144,Heading,4/19/23,Hilliard,individual,oldest_healthy,sample,6,2,5,NA,NA,NA,NA,NA,18.4,35.733493,-78.701575,90,16,419,3,3,0,0,3.68,0.29,1.66,0.86,0.16,0.22,67.9,82.4,23.6,5.26,4.58,0,4.69,0.32,1.06,8.8,79,1.8,5.3,725,59,1259,62,21,32.9,16.7,1.6,0.1,wheat_April,wheat,Yes,Yes
M22_16S_g06_D08,March,WASVT,wheat,318,p001,M22_2634,Jointing,3/27/23,Hilliard,individual,oldest_healthy,sample,6,2,5,14.19,79,57.4,86.7,NA,24.9,35.849584,-76.657093,36.3,13.2,293,0,0,0,NA,4.06,0.32,2.75,0.28,0.15,0.19,66.4,73.7,21,7.81,3.37,0.01,9.34,3.67,0.9,11.2,75,2.8,5.5,104,103,1138,294,21,3.8,1.2,0.9,0.2,wheat_March,wheat,Yes,Yes
M22_16S_g06_D11,April,LENVT,wheat,272,p005,M22_0061,Heading,4/20/23,Hilliard,individual,oldest_healthy,sample,6,2,5,7.25,62,59.3,43.1,NA,10.3,35.3776,-77.560296,70,16.4,335,2,4,2,NA,4.01,0.13,1.57,0.41,0.15,0.27,70.2,19.6,20,8.26,3.11,0.01,11.3,0.46,1.15,5,81,1,6,60,123,611,84,18,17,4.8,0.8,0.1,wheat_April,wheat,Yes,Yes
M22_16S_g06_E01,April,PERVT,wheat,219,p005,M22_0273,Heading,5/5/23,Hilliard,individual,oldest_healthy,sample,6,2,1.3,14.95,97,58.6,89.5,8.9,23.3,36.179719,-76.359099,94,15.7,361,1,6,0,NA,2.63,0.18,1.36,0.68,0.26,0.15,77.6,19.4,13.3,6.51,3.39,0.01,17.6,0.36,0.91,6.3,87,0.8,6.1,55,56,797,172,11,9.5,2.9,1.7,0.1,wheat_April,wheat,Yes,Yes
M22_16S_g06_G08,April,UNIVT,wheat,430,p002,M22_0929,Heading,4/28/23,Hilliard,individual,oldest_healthy,sample,6,2,5,17.46,102,59.1,102.8144917,8.8,13.5,34.948124,-80.424406,96,16.4,407,0,3,0,0,3.29,0.25,1.51,0.84,0.19,0.19,74.6,72.1,18.2,6.35,7.86,0.01,14.4,0.36,0.79,12.4,87,1.6,6.2,255,61,1990,81,24,55.9,15.1,9.1,0.1,wheat_April,wheat,Yes,Yes
M22_16S_g06_H03,March,ROBVT,wheat,373,p004,M22_1880,Jointing,3/21/23,Hilliard,individual,oldest_healthy,sample,6,2,5,NA,NA,NA,NA,NA,14.64,34.511761,-79.307246,18.5,14.7,239,1,3,0,NA,3.58,0.26,2.9,0.28,0.12,0.2,53.5,27.7,19.7,4.53,2.83,0,5.82,0.32,1.2,3.5,72,1,5.6,104,39,378,65,10,11.7,4.2,0.5,0.1,wheat_March,wheat,Yes,Yes
M22_16S_g07_A04,April,PERVT,wheat,374,p004,M22_0277,Heading,5/5/23,Hilliard,individual,oldest_healthy,sample,7,2,5,15.73,101,59,94.5,9.4,21,36.180019,-76.359592,104,15.7,361,1,4,0,NA,3.1,0.21,1.45,0.86,0.31,0.18,91.9,39.4,14.3,5.69,3.55,0,17,0.41,0.89,6.6,88,0.8,6.1,53,63,844,179,9,9.7,2,1.3,0.1,wheat_April,wheat,Yes,Yes
M22_16S_g07_A10,April,WASVT,wheat,461,p004,M22_1389,Heading,5/9/23,Hilliard,individual,oldest_healthy,sample,7,2,5,15.02,77,56.2,92.1,NA,17.8,35.849539,-76.657698,84,16.2,364,0,0,0,NA,2.36,0.15,0.95,0.79,0.4,0.13,73.3,48,8.71,5.06,3.92,0.01,35.4,3.57,1,10.8,80,2.2,5.7,87,55,1177,320,14,2.7,0.8,0.8,0.1,wheat_April,wheat,Yes,Yes
M22_16S_g07_B09,April,WASVT,wheat,251,p002,M22_1377,Heading,5/9/23,Hilliard,individual,oldest_healthy,sample,7,2,5,11.83,69,55.9,71.4,NA,15.6,35.849402,-76.656793,77,16.2,364,0,0,0,NA,2.98,0.12,1.16,0.52,0.26,0.15,78.7,94.3,13.8,6.25,4.27,0.01,31.2,4.32,0.95,10.2,73,2.7,5.4,55,91,1041,254,15,3.1,1.3,0.7,0.1,wheat_April,wheat,Yes,Yes
M22_16S_g07_B12,March,WAKMP,wheat,B05,p001,M22_2414,Jointing,3/10/23,USG3640,individual,oldest_healthy,sample,7,2,5,NA,NA,NA,NA,NA,24.22,35.73308,-78.701541,30.6,12.7,324,7,7,0,3,3.74,0.65,3.63,0.78,0.11,0.3,97,44.2,22.6,5.37,3.33,0.01,15,0.36,0.99,8.4,79,1.8,5.3,668,76,1189,63,17,32,16.6,1.3,0.1,wheat_March,wheat,Yes,Yes
M22_16S_g07_C03,March,WAKMP,wheat,B09,p001,M22_2434,Jointing,3/10/23,Hilliard,individual,oldest_healthy,sample,7,2,5,NA,NA,NA,NA,NA,23.1,35.732532,-78.701518,18.7,12.7,324,2,5,0,0,3.86,0.4,3.31,0.43,0.1,0.25,65.1,65.1,27.4,2.93,2.91,0,12.8,0.56,1.16,4.6,55,2.1,4.7,355,86,388,44,17,23.6,7.9,0.7,0.1,wheat_March,wheat,Yes,Yes
M22_16S_g07_C10,March,WAKMP,wheat,B03,p003,M22_2411,Jointing,3/10/23,Catawba,individual,oldest_healthy,sample,7,2,5,NA,NA,NA,NA,NA,25.8,35.733357,-78.701549,12.3,12.7,324,4,4,0,0,3.53,0.53,3.36,0.38,0.09,0.22,100,54.6,21.2,4.18,2.92,0.01,11.7,0.36,1.19,7.9,78,1.7,5.3,632,95,1085,60,18,34,14.6,1.5,0.1,wheat_March,wheat,Yes,Yes
M22_16S_g07_D09,April,WAKMP,wheat,B14,p003,M22_1138,Heading,4/19/23,Hilliard,individual,oldest_healthy,sample,7,2,5,NA,NA,NA,NA,NA,21.4,35.732807,-78.701551,81,16,419,3,5,0,0,3.68,0.29,1.67,0.81,0.17,0.22,67.3,120,28.5,4.35,3.78,0,18.7,0.51,1.11,5.5,64,2,4.9,451,52,619,38,20,29.2,11,0.8,0.1,wheat_April,wheat,Yes,Yes
M22_16S_g07_D12,April,WAKMP,wheat,B09,p002,M22_1132,Heading,4/19/23,Hilliard,individual,oldest_healthy,sample,7,2,5,NA,NA,NA,NA,NA,24.5,35.732532,-78.701518,82,16,419,2,5,0,0,3.85,0.28,1.89,0.7,0.17,0.32,73.9,128,28.6,3.73,3.74,0.01,16.8,0.46,1.11,4.8,58,2,4.8,328,81,438,50,22,26,9.7,0.8,0.1,wheat_April,wheat,Yes,Yes
M22_16S_g07_F01,April,PERVT,wheat,434,p003,M22_0289,Heading,5/5/23,Hilliard,individual,oldest_healthy,sample,7,2,0.52,14.7,96,58.2,87.5,9,22.6,36.180107,-76.359772,93,15.7,361,1,5,0,NA,2.69,0.19,1.53,0.57,0.22,0.15,96.9,58,13.3,5.69,3.82,0,17.2,0.51,0.92,5.3,80,1.1,5.5,54,76,600,122,11,9.2,2.3,1.3,0.1,wheat_April,wheat,Yes,Yes
M22_16S_g07_F04,April,WAKMP,wheat,B09,p001,M22_1131,Heading,4/19/23,Hilliard,individual,oldest_healthy,sample,7,2,5,NA,NA,NA,NA,NA,24.9,35.732532,-78.701518,85,16,419,2,5,0,0,3.85,0.28,1.89,0.7,0.17,0.32,73.9,128,28.6,3.73,3.74,0.01,16.8,0.46,1.11,4.8,58,2,4.8,328,81,438,50,22,26,9.7,0.8,0.1,wheat_April,wheat,Yes,Yes
M22_16S_g07_H01,April,UNIVT,wheat,510,p001,M22_0933,Heading,4/28/23,Hilliard,individual,oldest_healthy,sample,7,2,0.02,17.38,94,60.4,102.5768002,NA,18.2,34.947817,-80.424514,93,16.4,407,0,2,0,0,3.3,0.25,1.43,0.86,0.18,0.21,74.3,59.3,16,7.18,8.23,0.01,8.87,0.32,0.8,13.1,91,1.2,6.5,202,66,2211,77,34,59.8,14.2,9.5,0.2,wheat_April,wheat,Yes,Yes
M22_16S_g07_H12,March,LENVT,wheat,363,p001,M22_1549,Jointing,3/14/23,Hilliard,individual,oldest_healthy,sample,7,2,5,7.25,66,58.9,43.1,NA,19.34,35.377256,-77.560338,13,13.4,268,2,3,1,NA,4.1,0.13,3.95,0.25,0.1,0.25,54.8,58,25.4,6.84,2.92,0.01,11.5,0.46,1.14,3.9,59,1.6,5.2,50,129,304,54,22,14.6,3.2,0.5,0.1,wheat_March,wheat,Yes,Yes
M22_16S_g08_C02,March,PERVT,wheat,219,p001,M22_1694,Jointing,3/28/23,Hilliard,individual,oldest_healthy,sample,8,2,5,14.95,97,58.6,89.5,8.9,29.86,36.179719,-76.359099,25.5,12.8,295,1,6,0,NA,3.87,0.32,2.34,0.35,0.15,0.19,68.6,28.6,20.7,6.75,2.9,0.01,6,0.36,0.88,5.9,84,1,6,61,55,710,151,13,9.6,2.9,1.4,0.1,wheat_March,wheat,Yes,Yes
M22_16S_g08_C09,March,UNIVT,wheat,510,p003,M22_2254,Jointing,3/20/23,Hilliard,individual,oldest_healthy,sample,8,2,5,17.38,94,60.4,102.5768002,NA,37.54,34.947817,-80.424514,20,13.1,313,0,2,0,0,3.62,0.35,1.92,0.63,0.11,0.21,78.4,60.1,15,6.12,5.22,0.01,10.7,0.36,0.81,13.1,92,1,6.5,239,56,2260,83,27,74.4,13.4,10.8,0.2,wheat_March,wheat,Yes,Yes
M22_16S_g08_D11,March,ROWVT,wheat,227,p001,M22_2050,Jointing,3/15/23,Hilliard,individual,oldest_healthy,sample,8,2,4.91,12.59,92,55,71.5,NA,37.32,35.696813,-80.623607,21.1,11.7,390,2,5,0,2,4.68,0.44,1.65,0.82,0.3,0.34,74.3,126,25.2,10.6,3.83,0.01,7.32,0.36,0.82,8.5,83,1.4,6.1,225,58,943,269,28,227.9,13.2,4.1,0.1,wheat_March,wheat,Yes,Yes
M22_16S_g08_E04,April,ROWVT,wheat,360,p003,M22_0698,Heading,4/27/23,Hilliard,individual,oldest_healthy,sample,8,2,5,14.35,90,56,83.7,NA,11.2,35.697066,-80.623263,92,15,469,0,2,0,1,3.46,0.26,1.04,1.06,0.33,0.25,70.2,195,22,7.09,4.52,0.01,11.1,0.36,0.94,8.2,81,1.5,6.1,209,64,907,242,19,292.3,11.7,3.9,0.1,wheat_April,wheat,Yes,Yes
M22_16S_g08_E12,April,UNIVT,wheat,309,p002,M22_0924,Heading,4/28/23,Hilliard,individual,oldest_healthy,sample,8,2,5,16.39,89,59.6,96.7338179,8.6,12.2,34.94846,-80.424713,93,16.4,407,0,1,0,0,3.17,0.26,1.55,0.7,0.18,0.18,81,41.9,14.8,6.9,10.1,0.01,7.65,0.41,0.85,11.2,88,1.4,6.3,188,65,1784,89,22,47.8,9.6,8.5,0.1,wheat_April,wheat,Yes,Yes
M22_16S_g08_G01,April,WAKMP,wheat,B14,p002,M22_1137,Heading,4/19/23,Hilliard,individual,oldest_healthy,sample,8,2,0.48,NA,NA,NA,NA,NA,19.4,35.732807,-78.701551,92,16,419,3,5,0,0,3.68,0.29,1.67,0.81,0.17,0.22,67.3,120,28.5,4.35,3.78,0,18.7,0.51,1.11,5.5,64,2,4.9,451,52,619,38,20,29.2,11,0.8,0.1,wheat_April,wheat,Yes,Yes
M22_16S_g08_H03,April,WAKMP,wheat,B09,p003,M22_1133,Heading,4/19/23,Hilliard,individual,oldest_healthy,sample,8,2,5,NA,NA,NA,NA,NA,20.3,35.732532,-78.701518,87,16,419,2,5,0,0,3.85,0.28,1.89,0.7,0.17,0.32,73.9,128,28.6,3.73,3.74,0.01,16.8,0.46,1.11,4.8,58,2,4.8,328,81,438,50,22,26,9.7,0.8,0.1,wheat_April,wheat,Yes,Yes
M22_16S_g08_H12,March,LENVT,wheat,471,p005,M22_1558,Jointing,3/14/23,Hilliard,individual,oldest_healthy,sample,8,2,4.6,5.68,51,59.2,33.9,NA,20.24,35.376978,-77.560024,9,13.4,268,2,4,0,NA,3.99,0.12,3.58,0.29,0.1,0.28,55.9,67.4,35.8,7.49,2.74,0,12.5,0.36,1.17,3.3,51,1.6,4.8,42,114,219,33,23,13.7,4.6,0.6,0.1,wheat_March,wheat,Yes,Yes
M22_16S_g09_A01,April,ROBVT,wheat,562,p004,M22_0507,Heading,4/24/23,Hilliard,individual,oldest_healthy,sample,9,3,5,NA,NA,NA,NA,NA,9.6,34.511964,-79.308017,92,18.1,296,0,3,0,NA,3.35,0.23,1.72,0.46,0.16,0.18,62.9,50.5,18.8,7.07,4,0,9.31,0.81,1.13,5.5,72,1.5,5.6,275,130,577,91,14,18.8,6.2,1.5,0,wheat_April,wheat,Yes,Yes
M22_16S_g09_A09,March,ROBVT,wheat,251,p003,M22_1874,Jointing,3/21/23,Hilliard,individual,oldest_healthy,sample,9,3,5,NA,NA,NA,NA,NA,20.32,34.511764,-79.306745,9.7,14.7,239,1,3,0,NA,4.25,0.29,2.63,0.27,0.13,0.15,46.7,35.2,24.8,6.6,3.21,0,7.47,0.41,1.21,3.4,71,1,5.7,115,65,339,64,12,7.2,2.7,2.7,0.1,wheat_March,wheat,Yes,Yes
M22_16S_g09_B05,March,ROBVT,wheat,251,p001,M22_1872,Jointing,3/21/23,Hilliard,individual,oldest_healthy,sample,9,3,5,NA,NA,NA,NA,NA,20.32,34.511764,-79.306745,11.2,14.7,239,1,3,0,NA,4.25,0.29,2.63,0.27,0.13,0.15,46.7,35.2,24.8,6.6,3.21,0,7.47,0.41,1.21,3.4,71,1,5.7,115,65,339,64,12,7.2,2.7,2.7,0.1,wheat_March,wheat,Yes,Yes
M22_16S_g09_B10,April,ROWVT,wheat,577,p001,M22_0706,Heading,4/27/23,Hilliard,individual,oldest_healthy,sample,9,3,5,10.87,90,54.5,63.8,NA,10.1,35.697639,-80.623136,89,15,469,0,4,0,2,3.69,0.27,1.06,1.19,0.34,0.25,76,198,21.6,8.38,4.6,0.01,9.42,0.27,0.92,8,81,1.5,6,226,73,855,241,18,214.3,10.3,4,0.1,wheat_April,wheat,Yes,Yes
M22_16S_g09_C03,March,UNIVT,wheat,201,p002,M22_2238,Jointing,3/20/23,Hilliard,individual,oldest_healthy,sample,9,3,5,17.55,86,60,102.6374317,9,31.94,34.948831,-80.424662,17,13.1,313,0,2,0,0,3.7,0.36,2.5,0.59,0.1,0.21,68.6,47.1,13.9,4.23,5.5,0.01,7.54,0.6,0.8,13.6,90,1.3,6.3,317,87,2255,102,27,43.9,13.8,10,0.1,wheat_March,wheat,Yes,Yes
M22_16S_g09_C06,March,PERVT,wheat,553,p004,M22_1712,Jointing,3/28/23,Hilliard,individual,oldest_healthy,sample,9,3,5,14.67,93,58.5,88.2,NA,27.58,36.180444,-76.359931,24.5,12.8,295,2,5,0,NA,4.09,0.27,2.27,0.47,0.17,0.24,69.6,51.3,24.8,6.23,2.84,0.01,8.8,0.36,0.81,4.8,67,1.6,5.3,60,52,453,99,14,7.7,1.9,1,0.1,wheat_March,wheat,Yes,Yes
M22_16S_g09_C12,March,WASVT,wheat,558,p004,M22_2647,Jointing,3/27/23,Hilliard,individual,oldest_healthy,sample,9,3,5,12.96,67,56.2,79.5,NA,22.84,35.849563,-76.65811,25.1,13.2,293,0,1,0,NA,4.26,0.28,2.55,0.34,0.19,0.22,67.5,43,18.3,7.7,3.82,0.01,7.61,2.84,0.97,11.5,81,2.2,5.8,107,68,1226,363,16,2,1,0.9,0.1,wheat_March,wheat,Yes,Yes
M22_16S_g09_D01,April,PERVT,wheat,219,p001,M22_0269,Heading,5/5/23,Hilliard,individual,oldest_healthy,sample,9,3,5,14.95,97,58.6,89.5,8.9,24.5,36.179719,-76.359099,94,15.7,361,1,6,0,NA,2.63,0.18,1.36,0.68,0.26,0.15,77.6,19.4,13.3,6.51,3.39,0.01,17.6,0.36,0.91,6.3,87,0.8,6.1,55,56,797,172,11,9.5,2.9,1.7,0.1,wheat_April,wheat,Yes,Yes
M22_16S_g09_E02,March,WAKMP,wheat,B05,p004,M22_2417,Jointing,3/10/23,USG3640,individual,oldest_healthy,sample,9,3,5,NA,NA,NA,NA,NA,24.22,35.73308,-78.701541,30.8,12.7,324,7,7,0,3,3.74,0.65,3.63,0.78,0.11,0.3,97,44.2,22.6,5.37,3.33,0.01,15,0.36,0.99,8.4,79,1.8,5.3,668,76,1189,63,17,32,16.6,1.3,0.1,wheat_March,wheat,Yes,Yes
M22_16S_g09_F09,March,UNIVT,wheat,201,p001,M22_2237,Jointing,3/20/23,Hilliard,individual,oldest_healthy,sample,9,3,5,17.55,86,60,102.6374317,9,31.94,34.948831,-80.424662,20,13.1,313,0,2,0,0,3.7,0.36,2.5,0.59,0.1,0.21,68.6,47.1,13.9,4.23,5.5,0.01,7.54,0.6,0.8,13.6,90,1.3,6.3,317,87,2255,102,27,43.9,13.8,10,0.1,wheat_March,wheat,Yes,Yes
M22_16S_g09_F11,April,WASVT,wheat,558,p005,M22_1395,Heading,5/9/23,Hilliard,individual,oldest_healthy,sample,9,3,5,12.96,67,56.2,79.5,NA,18.3,35.849563,-76.65811,90,16.2,364,0,1,0,NA,2.9,0.15,1.05,0.64,0.37,0.2,94.7,84.3,11.4,6.61,4.49,0.01,48.9,3.57,1.01,11.2,80,2.2,5.8,92,78,1183,347,11,1.6,0.8,0.8,0.1,wheat_April,wheat,Yes,Yes
M22_16S_g09_G07,March,LENVT,wheat,272,p005,M22_1548,Jointing,3/14/23,Hilliard,individual,oldest_healthy,sample,9,3,5,7.25,62,59.3,43.1,NA,19.82,35.3776,-77.560296,10,13.4,268,2,4,2,NA,3.99,0.12,4,0.33,0.12,0.24,56.1,25,17.9,6.44,2.97,0.01,7.47,0.56,1.14,5.3,75,1.3,5.6,54,130,565,94,29,18.6,4.4,0.6,0.1,wheat_March,wheat,Yes,Yes
M22_16S_g09_H12,April,WASVT,wheat,461,p002,M22_1387,Heading,5/9/23,Hilliard,individual,oldest_healthy,sample,9,3,5,15.02,77,56.2,92.1,NA,17,35.849539,-76.657698,86,16.2,364,0,0,0,NA,2.36,0.15,0.95,0.79,0.4,0.13,73.3,48,8.71,5.06,3.92,0.01,35.4,3.57,1,10.8,80,2.2,5.7,87,55,1177,320,14,2.7,0.8,0.8,0.1,wheat_April,wheat,Yes,Yes
M22_16S_g10_A07,April,ROWVT,wheat,577,p002,M22_0707,Heading,4/27/23,Hilliard,individual,oldest_healthy,sample,10,3,5,10.87,90,54.5,63.8,NA,12.1,35.697639,-80.623136,94,15,469,0,4,0,2,3.69,0.27,1.06,1.19,0.34,0.25,76,198,21.6,8.38,4.6,0.01,9.42,0.27,0.92,8,81,1.5,6,226,73,855,241,18,214.3,10.3,4,0.1,wheat_April,wheat,Yes,Yes
M22_16S_g10_A10,March,UNIVT,wheat,309,p005,M22_2246,Jointing,3/20/23,Hilliard,individual,oldest_healthy,sample,10,3,5,16.39,89,59.6,96.7338179,8.6,33.68,34.94846,-80.424713,18,13.1,313,0,1,0,0,3.55,0.34,2.25,0.7,0.11,0.21,77.7,65.3,17.8,4.8,5.22,0.01,8.06,0.6,0.87,10.9,89,1.2,6.3,207,62,1781,90,23,49.5,9.1,8.8,0.1,wheat_March,wheat,Yes,Yes
M22_16S_g10_C12,March,ROWVT,wheat,577,p002,M22_2066,Jointing,3/15/23,Hilliard,individual,oldest_healthy,sample,10,3,5,10.87,90,54.5,63.8,NA,27.66,35.697639,-80.623136,16.8,11.7,390,0,4,0,2,4.48,0.43,2.35,0.56,0.2,0.32,71,128,22.1,8.49,3.48,0.01,5.61,0.27,0.83,7.6,78,1.6,5.8,224,72,768,236,25,279,11.6,4.3,0.1,wheat_March,wheat,Yes,Yes
M22_16S_g10_D08,April,UNIVT,wheat,309,p005,M22_0927,Heading,4/28/23,Hilliard,individual,oldest_healthy,sample,10,3,5,16.39,89,59.6,96.7338179,8.6,13.5,34.94846,-80.424713,97,16.4,407,0,1,0,0,3.17,0.26,1.55,0.7,0.18,0.18,81,41.9,14.8,6.9,10.1,0.01,7.65,0.41,0.85,11.2,88,1.4,6.3,188,65,1784,89,22,47.8,9.6,8.5,0.1,wheat_April,wheat,Yes,Yes
M22_16S_g10_E07,April,LENVT,wheat,471,p005,M22_0071,Heading,4/20/23,Hilliard,individual,oldest_healthy,sample,10,3,5,5.68,51,59.2,33.9,NA,10.6,35.376978,-77.560024,72,16.4,335,2,4,0,NA,3.86,0.1,1.33,0.37,0.13,0.27,69.5,45.6,24.6,8.01,3.32,0.01,26.2,0.46,1.2,3.3,56,1.4,4.9,42,84,270,32,19,15.4,5.3,0.6,0.1,wheat_April,wheat,Yes,Yes
M22_16S_g10_F01,April,UNIVT,wheat,510,p004,M22_0936,Heading,4/28/23,Hilliard,individual,oldest_healthy,sample,10,3,0.91,17.38,94,60.4,102.5768002,NA,15.9,34.947817,-80.424514,93,16.4,407,0,2,0,0,3.3,0.25,1.43,0.86,0.18,0.21,74.3,59.3,16,7.18,8.23,0.01,8.87,0.32,0.8,13.1,91,1.2,6.5,202,66,2211,77,34,59.8,14.2,9.5,0.2,wheat_April,wheat,Yes,Yes
M22_16S_g10_F06,March,WAKMP,wheat,B02,p002,M22_2405,Jointing,3/10/23,Shirley,individual,oldest_healthy,sample,10,3,5,NA,NA,NA,NA,NA,23.63,35.733491,-78.701557,12.8,12.7,324,3,3,0,0,2.87,0.51,2.77,0.41,0.07,0.19,203,63.9,32.7,7.9,2.85,0,46.4,0.41,1.18,7.9,79,1.6,5.4,655,98,1104,57,17,31.7,14.5,1.4,0.1,wheat_March,wheat,Yes,Yes
M22_16S_g10_F07,March,ROWVT,wheat,577,p005,M22_2069,Jointing,3/15/23,Hilliard,individual,oldest_healthy,sample,10,3,5,10.87,90,54.5,63.8,NA,27.66,35.697639,-80.623136,16.6,11.7,390,0,4,0,2,4.48,0.43,2.35,0.56,0.2,0.32,71,128,22.1,8.49,3.48,0.01,5.61,0.27,0.83,7.6,78,1.6,5.8,224,72,768,236,25,279,11.6,4.3,0.1,wheat_March,wheat,Yes,Yes
M22_16S_g10_H02,March,UNIVT,wheat,510,p005,M22_2256,Jointing,3/20/23,Hilliard,individual,oldest_healthy,sample,10,3,5,17.38,94,60.4,102.5768002,NA,37.54,34.947817,-80.424514,14,13.1,313,0,2,0,0,3.62,0.35,1.92,0.63,0.11,0.21,78.4,60.1,15,6.12,5.22,0.01,10.7,0.36,0.81,13.1,92,1,6.5,239,56,2260,83,27,74.4,13.4,10.8,0.2,wheat_March,wheat,Yes,Yes
M22_16S_g11_A06,March,UNIVT,wheat,430,p001,M22_2247,Jointing,3/20/23,Hilliard,individual,oldest_healthy,sample,11,3,5,17.46,102,59.1,102.8144917,8.8,36.14,34.948124,-80.424406,17,13.1,313,0,3,0,0,3.86,0.39,2.17,0.66,0.1,0.21,95.4,73,18.8,5.82,5.48,0.01,32.6,0.56,0.83,11.4,88,1.3,6.1,246,64,1863,78,23,66.7,12.3,8.5,0.1,wheat_March,wheat,Yes,Yes
M22_16S_g11_B01,April,ROWVT,wheat,227,p004,M22_0694,Heading,4/27/23,Hilliard,individual,oldest_healthy,sample,11,3,5,12.59,92,55,71.5,NA,13.8,35.696813,-80.623607,94,15,469,2,5,0,2,3.52,0.28,1,1.29,0.37,0.27,103,200,27,9.29,5.07,0.01,16.1,0.27,0.95,7.4,83,1.3,6,170,49,811,232,24,208,10.2,4.1,0.1,wheat_April,wheat,Yes,Yes
M22_16S_g11_B11,April,WAKMP,wheat,B14,p001,M22_1136,Heading,4/19/23,Hilliard,individual,oldest_healthy,sample,11,3,4.57,NA,NA,NA,NA,NA,21.2,35.732807,-78.701551,83,16,419,3,5,0,0,3.68,0.29,1.67,0.81,0.17,0.22,67.3,120,28.5,4.35,3.78,0,18.7,0.51,1.11,5.5,64,2,4.9,451,52,619,38,20,29.2,11,0.8,0.1,wheat_April,wheat,Yes,Yes
M22_16S_g11_D05,March,ROBVT,wheat,407,p004,M22_1885,Jointing,3/21/23,Hilliard,individual,oldest_healthy,sample,11,3,5,NA,NA,NA,NA,NA,17.36,34.511862,-79.307337,20.5,14.7,239,1,3,0,NA,4,0.26,3.09,0.34,0.14,0.23,56.3,26.3,21.3,5.68,2.98,0,6.67,0.22,1.18,4.4,83,0.8,6.4,94,46,528,106,9,11.9,4.9,0.5,0,wheat_March,wheat,Yes,Yes
M22_16S_g11_F06,March,WAKMP,wheat,B08,p001,M22_2429,Jointing,3/10/23,Shirley,individual,oldest_healthy,sample,11,3,5,NA,NA,NA,NA,NA,20.62,35.732671,-78.701523,11.4,12.7,324,3,4,0,0,3.64,0.42,2.53,0.58,0.11,0.24,64.5,86.1,26.2,3.62,2.71,0,9.8,0.51,1.18,4.6,59,1.9,4.8,401,68,467,31,18,25.9,8.4,0.7,0.1,wheat_March,wheat,Yes,Yes
M22_16S_g11_F11,March,ROBVT,wheat,407,p003,M22_1884,Jointing,3/21/23,Hilliard,individual,oldest_healthy,sample,11,3,5,NA,NA,NA,NA,NA,17.36,34.511862,-79.307337,13.6,14.7,239,1,3,0,NA,4,0.26,3.09,0.34,0.14,0.23,56.3,26.3,21.3,5.68,2.98,0,6.67,0.22,1.18,4.4,83,0.8,6.4,94,46,528,106,9,11.9,4.9,0.5,0,wheat_March,wheat,Yes,Yes
M22_16S_g11_G09,March,PERVT,wheat,219,p004,M22_1697,Jointing,3/28/23,Hilliard,individual,oldest_healthy,sample,11,3,5,14.95,97,58.6,89.5,8.9,29.86,36.179719,-76.359099,27.8,12.8,295,1,6,0,NA,3.87,0.32,2.34,0.35,0.15,0.19,68.6,28.6,20.7,6.75,2.9,0.01,6,0.36,0.88,5.9,84,1,6,61,55,710,151,13,9.6,2.9,1.4,0.1,wheat_March,wheat,Yes,Yes
M22_16S_g11_G12,March,WAKMP,wheat,B15,p005,M22_2463,Jointing,3/10/23,USG3540,individual,oldest_healthy,sample,11,3,5,NA,NA,NA,NA,NA,22.32,35.732941,-78.701558,31.5,12.7,324,6,4,0,3,4.55,0.52,3.12,0.57,0.13,0.3,71.8,47.4,25.6,3.73,3.51,0.01,10.8,0.41,1.19,6,66,2,4.9,538,83,673,42,19,29.4,12.4,0.9,0.1,wheat_March,wheat,Yes,Yes
M22_16S_g12_A08,March,WASVT,wheat,558,p003,M22_2646,Jointing,3/27/23,Hilliard,individual,oldest_healthy,sample,12,3,5,12.96,67,56.2,79.5,NA,22.84,35.849563,-76.65811,30.6,13.2,293,0,1,0,NA,4.26,0.28,2.55,0.34,0.19,0.22,67.5,43,18.3,7.7,3.82,0.01,7.61,2.84,0.97,11.5,81,2.2,5.8,107,68,1226,363,16,2,1,0.9,0.1,wheat_March,wheat,Yes,Yes
M22_16S_g12_B07,March,UNIVT,wheat,430,p002,M22_2248,Jointing,3/20/23,Hilliard,individual,oldest_healthy,sample,12,3,5,17.46,102,59.1,102.8144917,8.8,36.14,34.948124,-80.424406,13,13.1,313,0,3,0,0,3.86,0.39,2.17,0.66,0.1,0.21,95.4,73,18.8,5.82,5.48,0.01,32.6,0.56,0.83,11.4,88,1.3,6.1,246,64,1863,78,23,66.7,12.3,8.5,0.1,wheat_March,wheat,Yes,Yes
M22_16S_g12_B08,March,LENVT,wheat,471,p001,M22_1554,Jointing,3/14/23,Hilliard,individual,oldest_healthy,sample,12,3,5,5.68,51,59.2,33.9,NA,20.24,35.376978,-77.560024,8,13.4,268,2,4,0,NA,3.99,0.12,3.58,0.29,0.1,0.28,55.9,67.4,35.8,7.49,2.74,0,12.5,0.36,1.17,3.3,51,1.6,4.8,42,114,219,33,23,13.7,4.6,0.6,0.1,wheat_March,wheat,Yes,Yes
M22_16S_g12_B11,April,ROBVT,wheat,562,p003,M22_0506,Heading,4/24/23,Hilliard,individual,oldest_healthy,sample,12,3,5,NA,NA,NA,NA,NA,4,34.511964,-79.308017,82,18.1,296,0,3,0,NA,3.35,0.23,1.72,0.46,0.16,0.18,62.9,50.5,18.8,7.07,4,0,9.31,0.81,1.13,5.5,72,1.5,5.6,275,130,577,91,14,18.8,6.2,1.5,0,wheat_April,wheat,Yes,Yes
M22_16S_g12_C12,March,UNIVT,wheat,201,p005,M22_2241,Jointing,3/20/23,Hilliard,individual,oldest_healthy,sample,12,3,5,17.55,86,60,102.6374317,9,31.94,34.948831,-80.424662,16,13.1,313,0,2,0,0,3.7,0.36,2.5,0.59,0.1,0.21,68.6,47.1,13.9,4.23,5.5,0.01,7.54,0.6,0.8,13.6,90,1.3,6.3,317,87,2255,102,27,43.9,13.8,10,0.1,wheat_March,wheat,Yes,Yes
M22_16S_g12_D07,April,ROWVT,wheat,429,p004,M22_0704,Heading,4/27/23,Hilliard,individual,oldest_healthy,sample,12,3,5,12.99,94,56.6,76,NA,12.9,35.697219,-80.623181,88,15,469,0,5,0,2,3.67,0.3,1.14,1.16,0.37,0.29,72.4,216,24.6,7.62,4.96,0,12,0.41,0.93,8.2,79,1.7,5.8,307,78,859,246,20,216,11,3.8,0.1,wheat_April,wheat,Yes,Yes
M22_16S_g12_D11,April,WAKMP,wheat,B09,p004,M22_1134,Heading,4/19/23,Hilliard,individual,oldest_healthy,sample,12,3,5,NA,NA,NA,NA,NA,19.9,35.732532,-78.701518,89,16,419,2,5,0,0,3.85,0.28,1.89,0.7,0.17,0.32,73.9,128,28.6,3.73,3.74,0.01,16.8,0.46,1.11,4.8,58,2,4.8,328,81,438,50,22,26,9.7,0.8,0.1,wheat_April,wheat,Yes,Yes
M22_16S_g12_E07,April,WASVT,wheat,318,p004,M22_1384,Heading,5/9/23,Hilliard,individual,oldest_healthy,sample,12,3,5,14.19,79,57.4,86.7,NA,20.3,35.849584,-76.657093,82,16.2,364,0,0,0,NA,2.82,0.18,1.21,0.51,0.29,0.15,91.7,149,12.2,5.57,3.83,0.01,38.4,3.28,0.99,11.5,77,2.7,5.6,81,100,1190,316,16,3.1,0.9,0.8,0.1,wheat_April,wheat,Yes,Yes
M22_16S_g12_F12,March,UNIVT,wheat,510,p002,M22_2253,Jointing,3/20/23,Hilliard,individual,oldest_healthy,sample,12,3,2.54,17.38,94,60.4,102.5768002,NA,37.54,34.947817,-80.424514,14,13.1,313,0,2,0,0,3.62,0.35,1.92,0.63,0.11,0.21,78.4,60.1,15,6.12,5.22,0.01,10.7,0.36,0.81,13.1,92,1,6.5,239,56,2260,83,27,74.4,13.4,10.8,0.2,wheat_March,wheat,Yes,Yes
M22_16S_g12_H04,March,ROWVT,wheat,227,p003,M22_2052,Jointing,3/15/23,Hilliard,individual,oldest_healthy,sample,12,3,5,12.59,92,55,71.5,NA,37.32,35.696813,-80.623607,20.6,11.7,390,2,5,0,2,4.68,0.44,1.65,0.82,0.3,0.34,74.3,126,25.2,10.6,3.83,0.01,7.32,0.36,0.82,8.5,83,1.4,6.1,225,58,943,269,28,227.9,13.2,4.1,0.1,wheat_March,wheat,Yes,Yes
M22_16S_g12_H12,April,PERVT,wheat,374,p003,M22_0276,Heading,5/5/23,Hilliard,individual,oldest_healthy,sample,12,3,5,15.73,101,59,94.5,9.4,25.5,36.180019,-76.359592,101,15.7,361,1,4,0,NA,3.1,0.21,1.45,0.86,0.31,0.18,91.9,39.4,14.3,5.69,3.55,0,17,0.41,0.89,6.6,88,0.8,6.1,53,63,844,179,9,9.7,2,1.3,0.1,wheat_April,wheat,Yes,Yes
M22_16S_g13_C06,March,WAKMP,wheat,B11,p004,M22_2442,Jointing,3/10/23,Catawba,individual,oldest_healthy,sample,13,4,5,NA,NA,NA,NA,NA,23.1,35.732396,-78.701534,10.5,12.7,324,5,5,0,0,3.88,0.36,2.44,0.39,0.11,0.22,63.3,55.5,20.4,2.04,2.49,0.01,9.24,0.66,1.02,4.1,50,2,4.8,269,66,319,35,18,19.2,6.8,0.6,0,wheat_March,wheat,Yes,Yes
M22_16S_g13_E07,March,ROWVT,wheat,360,p001,M22_2055,Jointing,3/15/23,Hilliard,individual,oldest_healthy,sample,13,4,5,14.35,90,56,83.7,NA,33.74,35.697066,-80.623263,16.4,11.7,390,0,2,0,1,4.67,0.48,1.87,0.72,0.26,0.34,71.3,148,22.5,8.03,3.58,0.01,3.27,0.32,0.94,7.8,76,1.9,5.8,238,62,803,217,28,363.7,10.5,4,0.1,wheat_March,wheat,Yes,Yes
M22_16S_g13_F01,April,UNIVT,wheat,430,p001,M22_0928,Heading,4/28/23,Hilliard,individual,oldest_healthy,sample,13,4,0.7,17.46,102,59.1,102.8144917,8.8,15,34.948124,-80.424406,93,16.4,407,0,3,0,0,3.29,0.25,1.51,0.84,0.19,0.19,74.6,72.1,18.2,6.35,7.86,0.01,14.4,0.36,0.79,12.4,87,1.6,6.2,255,61,1990,81,24,55.9,15.1,9.1,0.1,wheat_April,wheat,Yes,Yes
M22_16S_g13_F04,March,ROWVT,wheat,577,p003,M22_2067,Jointing,3/15/23,Hilliard,individual,oldest_healthy,sample,13,4,5,10.87,90,54.5,63.8,NA,27.66,35.697639,-80.623136,24,11.7,390,0,4,0,2,4.48,0.43,2.35,0.56,0.2,0.32,71,128,22.1,8.49,3.48,0.01,5.61,0.27,0.83,7.6,78,1.6,5.8,224,72,768,236,25,279,11.6,4.3,0.1,wheat_March,wheat,Yes,Yes
M22_16S_g13_F06,March,PERVT,wheat,374,p001,M22_1699,Jointing,3/28/23,Hilliard,individual,oldest_healthy,sample,13,4,5,15.73,101,59,94.5,9.4,30.14,36.180019,-76.359592,30.1,12.8,295,1,4,0,NA,4.11,0.36,2.2,0.41,0.18,0.23,76.6,35.2,22.3,6.16,3.8,0.01,6.26,0.27,0.77,6.9,85,1,6,76,56,859,172,16,12.8,2.4,1.2,0.1,wheat_March,wheat,Yes,Yes
M22_16S_g13_F12,March,PERVT,wheat,553,p003,M22_1711,Jointing,3/28/23,Hilliard,individual,oldest_healthy,sample,13,4,5,14.67,93,58.5,88.2,NA,27.58,36.180444,-76.359931,29.9,12.8,295,2,5,0,NA,4.09,0.27,2.27,0.47,0.17,0.24,69.6,51.3,24.8,6.23,2.84,0.01,8.8,0.36,0.81,4.8,67,1.6,5.3,60,52,453,99,14,7.7,1.9,1,0.1,wheat_March,wheat,Yes,Yes
M22_16S_g13_G04,March,WAKMP,wheat,B06,p004,M22_2422,Jointing,3/10/23,Hilliard,individual,oldest_healthy,sample,13,4,5,NA,NA,NA,NA,NA,25.14,35.732944,-78.701535,14.3,12.7,324,3,5,0,0,3.82,0.43,2.63,0.5,0.1,0.23,63.9,64.3,25.1,4.4,2.68,0.01,11.3,0.76,1.19,6.8,72,1.9,5.1,570,86,868,48,17,32.3,13.7,1.1,0.1,wheat_March,wheat,Yes,Yes
M22_16S_g13_G05,March,ROBVT,wheat,373,p002,M22_1878,Jointing,3/21/23,Hilliard,individual,oldest_healthy,sample,13,4,2.94,NA,NA,NA,NA,NA,14.64,34.511761,-79.307246,17.1,14.7,239,1,3,0,NA,3.58,0.26,2.9,0.28,0.12,0.2,53.5,27.7,19.7,4.53,2.83,0,5.82,0.32,1.2,3.5,72,1,5.6,104,39,378,65,10,11.7,4.2,0.5,0.1,wheat_March,wheat,Yes,Yes
M22_16S_g13_H06,April,ROBVT,wheat,251,p002,M22_0490,Heading,4/24/23,Hilliard,individual,oldest_healthy,sample,13,4,5,NA,NA,NA,NA,NA,6.1,34.511764,-79.306745,78,18.1,296,1,3,0,NA,3.39,0.19,1.35,0.42,0.16,0.21,67.8,25.6,14.7,7.64,3.85,0.01,14.2,0.36,1.18,5.2,79,1.1,6,88,60,590,121,9,12.1,5.5,0.5,0,wheat_April,wheat,Yes,Yes
M22_16S_g13_H10,April,LENVT,wheat,272,p001,M22_0057,Heading,4/20/23,Hilliard,individual,oldest_healthy,sample,13,4,5,7.25,62,59.3,43.1,NA,9.1,35.3776,-77.560296,81,16.4,335,2,4,2,NA,4.01,0.13,1.57,0.41,0.15,0.27,70.2,19.6,20,8.26,3.11,0.01,11.3,0.46,1.15,5,81,1,6,60,123,611,84,18,17,4.8,0.8,0.1,wheat_April,wheat,Yes,Yes
M22_16S_g13_H11,March,UNIVT,wheat,309,p004,M22_2245,Jointing,3/20/23,Hilliard,individual,oldest_healthy,sample,13,4,5,16.39,89,59.6,96.7338179,8.6,33.68,34.94846,-80.424713,17,13.1,313,0,1,0,0,3.55,0.34,2.25,0.7,0.11,0.21,77.7,65.3,17.8,4.8,5.22,0.01,8.06,0.6,0.87,10.9,89,1.2,6.3,207,62,1781,90,23,49.5,9.1,8.8,0.1,wheat_March,wheat,Yes,Yes
M22_16S_g14_A05,March,WAKMP,wheat,B07,p005,M22_2428,Jointing,3/10/23,USG3640,individual,oldest_healthy,sample,14,4,5,NA,NA,NA,NA,NA,21.94,35.732811,-78.701528,29.9,12.7,324,5,6,0,3,3.39,0.71,3.04,0.8,0.13,0.3,60.9,109,31.3,4.07,3.09,0,18.9,0.51,1.15,5.9,63,2.2,4.7,528,69,647,41,21,31.1,10.9,0.9,0.1,wheat_March,wheat,Yes,Yes
M22_16S_g14_A08,April,WASVT,wheat,318,p002,M22_1382,Heading,5/9/23,Hilliard,individual,oldest_healthy,sample,14,4,5,14.19,79,57.4,86.7,NA,18.6,35.849584,-76.657093,84,16.2,364,0,0,0,NA,2.82,0.18,1.21,0.51,0.29,0.15,91.7,149,12.2,5.57,3.83,0.01,38.4,3.28,0.99,11.5,77,2.7,5.6,81,100,1190,316,16,3.1,0.9,0.8,0.1,wheat_April,wheat,Yes,Yes
M22_16S_g14_B07,April,ROWVT,wheat,360,p001,M22_0696,Heading,4/27/23,Hilliard,individual,oldest_healthy,sample,14,4,5,14.35,90,56,83.7,NA,9.4,35.697066,-80.623263,98,15,469,0,2,0,1,3.46,0.26,1.04,1.06,0.33,0.25,70.2,195,22,7.09,4.52,0.01,11.1,0.36,0.94,8.2,81,1.5,6.1,209,64,907,242,19,292.3,11.7,3.9,0.1,wheat_April,wheat,Yes,Yes
M22_16S_g14_B09,April,WASVT,wheat,461,p003,M22_1388,Heading,5/9/23,Hilliard,individual,oldest_healthy,sample,14,4,5,15.02,77,56.2,92.1,NA,17.3,35.849539,-76.657698,84,16.2,364,0,0,0,NA,2.36,0.15,0.95,0.79,0.4,0.13,73.3,48,8.71,5.06,3.92,0.01,35.4,3.57,1,10.8,80,2.2,5.7,87,55,1177,320,14,2.7,0.8,0.8,0.1,wheat_April,wheat,Yes,Yes
M22_16S_g14_D06,March,WAKMP,wheat,B14,p001,M22_2454,Jointing,3/10/23,Hilliard,individual,oldest_healthy,sample,14,4,2.26,NA,NA,NA,NA,NA,25.16,35.732807,-78.701551,19.6,12.7,324,3,5,0,0,3.47,0.43,2.35,0.56,0.11,0.21,64.1,74.6,23.7,3.27,2.69,0,9.63,0.56,1.18,5.4,64,2,4.9,487,61,611,33,17,28.9,10.6,0.8,0,wheat_March,wheat,Yes,Yes
M22_16S_g14_D07,April,ROWVT,wheat,577,p005,M22_0710,Heading,4/27/23,Hilliard,individual,oldest_healthy,sample,14,4,5,10.87,90,54.5,63.8,NA,9.4,35.697639,-80.623136,89,15,469,0,4,0,2,3.69,0.27,1.06,1.19,0.34,0.25,76,198,21.6,8.38,4.6,0.01,9.42,0.27,0.92,8,81,1.5,6,226,73,855,241,18,214.3,10.3,4,0.1,wheat_April,wheat,Yes,Yes
M22_16S_g14_D08,March,LENVT,wheat,471,p004,M22_1557,Jointing,3/14/23,Hilliard,individual,oldest_healthy,sample,14,4,5,5.68,51,59.2,33.9,NA,20.24,35.376978,-77.560024,11,13.4,268,2,4,0,NA,3.99,0.12,3.58,0.29,0.1,0.28,55.9,67.4,35.8,7.49,2.74,0,12.5,0.36,1.17,3.3,51,1.6,4.8,42,114,219,33,23,13.7,4.6,0.6,0.1,wheat_March,wheat,Yes,Yes
M22_16S_g14_E09,April,LENVT,wheat,272,p004,M22_0060,Heading,4/20/23,Hilliard,individual,oldest_healthy,sample,14,4,3.44,7.25,62,59.3,43.1,NA,9.8,35.3776,-77.560296,71,16.4,335,2,4,2,NA,4.01,0.13,1.57,0.41,0.15,0.27,70.2,19.6,20,8.26,3.11,0.01,11.3,0.46,1.15,5,81,1,6,60,123,611,84,18,17,4.8,0.8,0.1,wheat_April,wheat,Yes,Yes
M22_16S_g14_G12,March,LENVT,wheat,363,p002,M22_1550,Jointing,3/14/23,Hilliard,individual,oldest_healthy,sample,14,4,5,7.25,66,58.9,43.1,NA,19.34,35.377256,-77.560338,11,13.4,268,2,3,1,NA,4.1,0.13,3.95,0.25,0.1,0.25,54.8,58,25.4,6.84,2.92,0.01,11.5,0.46,1.14,3.9,59,1.6,5.2,50,129,304,54,22,14.6,3.2,0.5,0.1,wheat_March,wheat,Yes,Yes
M22_16S_g14_H05,March,ROBVT,wheat,407,p001,M22_1882,Jointing,3/21/23,Hilliard,individual,oldest_healthy,sample,14,4,1.64,NA,NA,NA,NA,NA,17.36,34.511862,-79.307337,14.9,14.7,239,1,3,0,NA,4,0.26,3.09,0.34,0.14,0.23,56.3,26.3,21.3,5.68,2.98,0,6.67,0.22,1.18,4.4,83,0.8,6.4,94,46,528,106,9,11.9,4.9,0.5,0,wheat_March,wheat,Yes,Yes
M22_16S_g14_H07,April,WASVT,wheat,558,p003,M22_1393,Heading,5/9/23,Hilliard,individual,oldest_healthy,sample,14,4,5,12.96,67,56.2,79.5,NA,19.3,35.849563,-76.65811,82,16.2,364,0,1,0,NA,2.9,0.15,1.05,0.64,0.37,0.2,94.7,84.3,11.4,6.61,4.49,0.01,48.9,3.57,1.01,11.2,80,2.2,5.8,92,78,1183,347,11,1.6,0.8,0.8,0.1,wheat_April,wheat,Yes,Yes
M22_16S_g15_A05,April,PERVT,wheat,374,p002,M22_0275,Heading,5/5/23,Hilliard,individual,oldest_healthy,sample,15,4,5,15.73,101,59,94.5,9.4,22.5,36.180019,-76.359592,98,15.7,361,1,4,0,NA,3.1,0.21,1.45,0.86,0.31,0.18,91.9,39.4,14.3,5.69,3.55,0,17,0.41,0.89,6.6,88,0.8,6.1,53,63,844,179,9,9.7,2,1.3,0.1,wheat_April,wheat,Yes,Yes
M22_16S_g15_B09,April,UNIVT,wheat,430,p005,M22_0932,Heading,4/28/23,Hilliard,individual,oldest_healthy,sample,15,4,5,17.46,102,59.1,102.8144917,8.8,10.5,34.948124,-80.424406,93,16.4,407,0,3,0,0,3.29,0.25,1.51,0.84,0.19,0.19,74.6,72.1,18.2,6.35,7.86,0.01,14.4,0.36,0.79,12.4,87,1.6,6.2,255,61,1990,81,24,55.9,15.1,9.1,0.1,wheat_April,wheat,Yes,Yes
M22_16S_g15_C03,March,LENVT,wheat,272,p004,M22_1547,Jointing,3/14/23,Hilliard,individual,oldest_healthy,sample,15,4,5,7.25,62,59.3,43.1,NA,19.82,35.3776,-77.560296,11.5,13.4,268,2,4,2,NA,3.99,0.12,4,0.33,0.12,0.24,56.1,25,17.9,6.44,2.97,0.01,7.47,0.56,1.14,5.3,75,1.3,5.6,54,130,565,94,29,18.6,4.4,0.6,0.1,wheat_March,wheat,Yes,Yes
M22_16S_g15_C08,March,WAKMP,wheat,B12,p004,M22_2447,Jointing,3/10/23,Shirley,individual,oldest_healthy,sample,15,4,5,NA,NA,NA,NA,NA,23.88,35.732535,-78.701539,9.8,12.7,324,4,4,0,0,4.24,0.42,3.3,0.34,0.09,0.26,78,56.4,29.4,3.44,2.6,0,8.08,0.6,1.09,4.7,59,1.9,5,319,90,431,50,17,22.6,9.4,0.7,0,wheat_March,wheat,Yes,Yes
M22_16S_g15_C12,March,LENVT,wheat,272,p002,M22_1545,Jointing,3/14/23,Hilliard,individual,oldest_healthy,sample,15,4,5,7.25,62,59.3,43.1,NA,19.82,35.3776,-77.560296,12,13.4,268,2,4,2,NA,3.99,0.12,4,0.33,0.12,0.24,56.1,25,17.9,6.44,2.97,0.01,7.47,0.56,1.14,5.3,75,1.3,5.6,54,130,565,94,29,18.6,4.4,0.6,0.1,wheat_March,wheat,Yes,Yes
M22_16S_g15_D02,March,PERVT,wheat,553,p002,M22_1710,Jointing,3/28/23,Hilliard,individual,oldest_healthy,sample,15,4,5,14.67,93,58.5,88.2,NA,27.58,36.180444,-76.359931,32.4,12.8,295,2,5,0,NA,4.09,0.27,2.27,0.47,0.17,0.24,69.6,51.3,24.8,6.23,2.84,0.01,8.8,0.36,0.81,4.8,67,1.6,5.3,60,52,453,99,14,7.7,1.9,1,0.1,wheat_March,wheat,Yes,Yes
M22_16S_g15_D06,April,LENVT,wheat,566,p005,M22_0076,Heading,4/20/23,Hilliard,individual,oldest_healthy,sample,15,4,5,7.35,55,58.7,43.7,NA,12.2,35.376646,-77.559983,80,16.4,335,2,5,0,NA,3.81,0.18,1.69,0.44,0.15,0.24,76.4,15.5,18.9,7.82,3.25,0.01,19.1,0.81,1.1,7.3,87,0.9,6.4,75,194,929,157,23,16.1,8.9,1,0.1,wheat_April,wheat,Yes,Yes
M22_16S_g15_D09,March,UNIVT,wheat,510,p001,M22_2252,Jointing,3/20/23,Hilliard,individual,oldest_healthy,sample,15,4,5,17.38,94,60.4,102.5768002,NA,37.54,34.947817,-80.424514,13,13.1,313,0,2,0,0,3.62,0.35,1.92,0.63,0.11,0.21,78.4,60.1,15,6.12,5.22,0.01,10.7,0.36,0.81,13.1,92,1,6.5,239,56,2260,83,27,74.4,13.4,10.8,0.2,wheat_March,wheat,Yes,Yes
M22_16S_g15_D12,March,ROWVT,wheat,360,p005,M22_2059,Jointing,3/15/23,Hilliard,individual,oldest_healthy,sample,15,4,5,14.35,90,56,83.7,NA,33.74,35.697066,-80.623263,20.9,11.7,390,0,2,0,1,4.67,0.48,1.87,0.72,0.26,0.34,71.3,148,22.5,8.03,3.58,0.01,3.27,0.32,0.94,7.8,76,1.9,5.8,238,62,803,217,28,363.7,10.5,4,0.1,wheat_March,wheat,Yes,Yes
M22_16S_g15_E03,April,WAKMP,wheat,B06,p001,M22_1126,Heading,4/19/23,Hilliard,individual,oldest_healthy,sample,15,4,5,NA,NA,NA,NA,NA,24.9,35.732944,-78.701535,93,16,419,3,5,0,0,3.91,0.31,1.77,0.83,0.18,0.26,70.1,113,30.1,3.95,3.91,0.01,10.9,0.32,1.09,8.2,80,1.7,5.4,651,69,1175,63,20,32,16.8,1.5,0.1,wheat_April,wheat,Yes,Yes
M22_16S_g15_F09,April,PERVT,wheat,219,p003,M22_0271,Heading,5/5/23,Hilliard,individual,oldest_healthy,sample,15,4,5,14.95,97,58.6,89.5,8.9,20.9,36.179719,-76.359099,99,15.7,361,1,6,0,NA,2.63,0.18,1.36,0.68,0.26,0.15,77.6,19.4,13.3,6.51,3.39,0.01,17.6,0.36,0.91,6.3,87,0.8,6.1,55,56,797,172,11,9.5,2.9,1.7,0.1,wheat_April,wheat,Yes,Yes
M22_16S_g15_G04,April,ROBVT,wheat,562,p002,M22_0505,Heading,4/24/23,Hilliard,individual,oldest_healthy,sample,15,4,5,NA,NA,NA,NA,NA,9.5,34.511964,-79.308017,81,18.1,296,0,3,0,NA,3.35,0.23,1.72,0.46,0.16,0.18,62.9,50.5,18.8,7.07,4,0,9.31,0.81,1.13,5.5,72,1.5,5.6,275,130,577,91,14,18.8,6.2,1.5,0,wheat_April,wheat,Yes,Yes
M22_16S_g15_G06,March,ROBVT,wheat,562,p002,M22_1888,Jointing,3/21/23,Hilliard,individual,oldest_healthy,sample,15,4,5,NA,NA,NA,NA,NA,20.86,34.511964,-79.308017,19.3,14.7,239,0,3,0,NA,4.06,0.33,3.09,0.35,0.12,0.23,58.5,49.3,24.7,4.84,3.3,0,9.87,0.92,1.05,6.2,69,2,5.3,271,74,684,81,19,22.9,7.6,1.4,0.1,wheat_March,wheat,Yes,Yes
M22_16S_g15_G08,March,WAKMP,wheat,B05,p005,M22_2418,Jointing,3/10/23,USG3640,individual,oldest_healthy,sample,15,4,5,NA,NA,NA,NA,NA,24.22,35.73308,-78.701541,32.9,12.7,324,7,7,0,3,3.74,0.65,3.63,0.78,0.11,0.3,97,44.2,22.6,5.37,3.33,0.01,15,0.36,0.99,8.4,79,1.8,5.3,668,76,1189,63,17,32,16.6,1.3,0.1,wheat_March,wheat,Yes,Yes
M22_16S_g15_G09,March,PERVT,wheat,219,p003,M22_1696,Jointing,3/28/23,Hilliard,individual,oldest_healthy,sample,15,4,5,14.95,97,58.6,89.5,8.9,29.86,36.179719,-76.359099,31.6,12.8,295,1,6,0,NA,3.87,0.32,2.34,0.35,0.15,0.19,68.6,28.6,20.7,6.75,2.9,0.01,6,0.36,0.88,5.9,84,1,6,61,55,710,151,13,9.6,2.9,1.4,0.1,wheat_March,wheat,Yes,Yes
M22_16S_g16_A12,April,WAKMP,wheat,B09,p005,M22_1135,Heading,4/19/23,Hilliard,individual,oldest_healthy,sample,16,4,5,NA,NA,NA,NA,NA,17.8,35.732532,-78.701518,86,16,419,2,5,0,0,3.85,0.28,1.89,0.7,0.17,0.32,73.9,128,28.6,3.73,3.74,0.01,16.8,0.46,1.11,4.8,58,2,4.8,328,81,438,50,22,26,9.7,0.8,0.1,wheat_April,wheat,Yes,Yes
M22_16S_g16_C05,March,WAKMP,wheat,B15,p002,M22_2460,Jointing,3/10/23,USG3540,individual,oldest_healthy,sample,16,4,1.75,NA,NA,NA,NA,NA,22.32,35.732941,-78.701558,30,12.7,324,6,4,0,3,4.55,0.52,3.12,0.57,0.13,0.3,71.8,47.4,25.6,3.73,3.51,0.01,10.8,0.41,1.19,6,66,2,4.9,538,83,673,42,19,29.4,12.4,0.9,0.1,wheat_March,wheat,Yes,Yes
M22_16S_g16_C10,April,LENVT,wheat,272,p002,M22_0058,Heading,4/20/23,Hilliard,individual,oldest_healthy,sample,16,4,5,7.25,62,59.3,43.1,NA,13.4,35.3776,-77.560296,76,16.4,335,2,4,2,NA,4.01,0.13,1.57,0.41,0.15,0.27,70.2,19.6,20,8.26,3.11,0.01,11.3,0.46,1.15,5,81,1,6,60,123,611,84,18,17,4.8,0.8,0.1,wheat_April,wheat,Yes,Yes
M22_16S_g16_C12,April,UNIVT,wheat,510,p005,M22_0937,Heading,4/28/23,Hilliard,individual,oldest_healthy,sample,16,4,5,17.38,94,60.4,102.5768002,NA,16.7,34.947817,-80.424514,97,16.4,407,0,2,0,0,3.3,0.25,1.43,0.86,0.18,0.21,74.3,59.3,16,7.18,8.23,0.01,8.87,0.32,0.8,13.1,91,1.2,6.5,202,66,2211,77,34,59.8,14.2,9.5,0.2,wheat_April,wheat,Yes,Yes
M22_16S_g16_E02,April,ROBVT,wheat,407,p003,M22_0501,Heading,4/24/23,Hilliard,individual,oldest_healthy,sample,16,4,5,NA,NA,NA,NA,NA,4.7,34.511862,-79.307337,89,18.1,296,1,3,0,NA,3.4,0.21,1.53,0.44,0.18,0.17,61.1,20.6,15.6,6.31,4.12,0,7.66,0.32,1.26,4.7,82,0.8,6.2,83,53,559,113,9,10,4.5,0.7,0,wheat_April,wheat,Yes,Yes
M22_16S_g16_E03,April,WAKMP,wheat,B19,p005,M22_1153,Heading,4/19/23,Hilliard,individual,oldest_healthy,sample,16,4,5,NA,NA,NA,NA,NA,14.5,35.733493,-78.701575,96,16,419,3,3,0,0,3.68,0.29,1.66,0.86,0.16,0.22,67.9,82.4,23.6,5.26,4.58,0,4.69,0.32,1.06,8.8,79,1.8,5.3,725,59,1259,62,21,32.9,16.7,1.6,0.1,wheat_April,wheat,Yes,Yes
M22_16S_g16_E04,March,WAKMP,wheat,B14,p002,M22_2455,Jointing,3/10/23,Hilliard,individual,oldest_healthy,sample,16,4,5,NA,NA,NA,NA,NA,25.16,35.732807,-78.701551,14.5,12.7,324,3,5,0,0,3.47,0.43,2.35,0.56,0.11,0.21,64.1,74.6,23.7,3.27,2.69,0,9.63,0.56,1.18,5.4,64,2,4.9,487,61,611,33,17,28.9,10.6,0.8,0,wheat_March,wheat,Yes,Yes
M22_16S_g16_F02,April,ROBVT,wheat,251,p005,M22_0493,Heading,4/24/23,Hilliard,individual,oldest_healthy,sample,16,4,5,NA,NA,NA,NA,NA,2.1,34.511764,-79.306745,72,18.1,296,1,3,0,NA,3.39,0.19,1.35,0.42,0.16,0.21,67.8,25.6,14.7,7.64,3.85,0.01,14.2,0.36,1.18,5.2,79,1.1,6,88,60,590,121,9,12.1,5.5,0.5,0,wheat_April,wheat,Yes,Yes
M22_16S_g16_G08,March,WAKMP,wheat,B12,p003,M22_2446,Jointing,3/10/23,Shirley,individual,oldest_healthy,sample,16,4,5,NA,NA,NA,NA,NA,23.88,35.732535,-78.701539,8.6,12.7,324,4,4,0,0,4.24,0.42,3.3,0.34,0.09,0.26,78,56.4,29.4,3.44,2.6,0,8.08,0.6,1.09,4.7,59,1.9,5,319,90,431,50,17,22.6,9.4,0.7,0,wheat_March,wheat,Yes,Yes
M22_16S_g16_G12,April,WAKMP,wheat,B19,p003,M22_1143,Heading,4/19/23,Hilliard,individual,oldest_healthy,sample,16,4,5,NA,NA,NA,NA,NA,20.3,35.733493,-78.701575,92,16,419,3,3,0,0,3.68,0.29,1.66,0.86,0.16,0.22,67.9,82.4,23.6,5.26,4.58,0,4.69,0.32,1.06,8.8,79,1.8,5.3,725,59,1259,62,21,32.9,16.7,1.6,0.1,wheat_April,wheat,Yes,Yes
M22_16S_g16_H01,March,LENVT,wheat,566,p004,M22_1562,Jointing,3/14/23,Hilliard,individual,oldest_healthy,sample,16,4,0.17,7.35,55,58.7,43.7,NA,22.86,35.376646,-77.559983,12,13.4,268,2,5,0,NA,4.23,0.16,4.11,0.34,0.12,0.25,59.3,18.2,19.7,6.63,2.97,0.01,6.73,0.97,0.91,7.4,86,1,6.1,84,233,898,156,34,17.1,8.4,0.9,0.1,wheat_March,wheat,Yes,Yes
M22_16S_g16_H02,March,WAKMP,wheat,B13,p004,M22_2452,Jointing,3/10/23,Catawba,individual,oldest_healthy,sample,16,4,5,NA,NA,NA,NA,NA,24.7,35.732666,-78.701547,18,12.7,324,5,4,0,0,4.17,0.42,2.76,0.49,0.11,0.24,65.4,65.9,22.2,2.51,2.77,0.01,12.7,0.56,1.21,4.6,59,1.9,4.8,373,67,445,34,18,23.4,8.1,0.6,0,wheat_March,wheat,Yes,Yes
M22_16S_g16_H11,March,ROWVT,wheat,429,p004,M22_2063,Jointing,3/15/23,Hilliard,individual,oldest_healthy,sample,16,4,2.3,12.99,94,56.6,76,NA,30.4,35.697219,-80.623181,20,11.7,390,0,5,0,2,4.84,0.46,1.83,0.63,0.23,0.33,66.5,138,23.6,8.4,3.42,0.01,3.88,0.32,0.89,7.8,70,2.3,5.5,332,66,708,213,30,369.6,10.5,3.8,0.1,wheat_March,wheat,Yes,Yes
M22_16S_g17_A02,April,WASVT,wheat,251,p001,M22_1376,Heading,5/9/23,Hilliard,individual,oldest_healthy,sample,17,5,5,11.83,69,55.9,71.4,NA,19.1,35.849402,-76.656793,82,16.2,364,0,0,0,NA,2.98,0.12,1.16,0.52,0.26,0.15,78.7,94.3,13.8,6.25,4.27,0.01,31.2,4.32,0.95,10.2,73,2.7,5.4,55,91,1041,254,15,3.1,1.3,0.7,0.1,wheat_April,wheat,Yes,Yes
M22_16S_g17_A10,March,WAKMP,wheat,B09,p004,M22_2437,Jointing,3/10/23,Hilliard,individual,oldest_healthy,sample,17,5,5,NA,NA,NA,NA,NA,23.1,35.732532,-78.701518,10.01,12.7,324,2,5,0,0,3.86,0.4,3.31,0.43,0.1,0.25,65.1,65.1,27.4,2.93,2.91,0,12.8,0.56,1.16,4.6,55,2.1,4.7,355,86,388,44,17,23.6,7.9,0.7,0.1,wheat_March,wheat,Yes,Yes
M22_16S_g17_B01,April,ROWVT,wheat,429,p003,M22_0703,Heading,4/27/23,Hilliard,individual,oldest_healthy,sample,17,5,5,12.99,94,56.6,76,NA,8.1,35.697219,-80.623181,80,15,469,0,5,0,2,3.67,0.3,1.14,1.16,0.37,0.29,72.4,216,24.6,7.62,4.96,0,12,0.41,0.93,8.2,79,1.7,5.8,307,78,859,246,20,216,11,3.8,0.1,wheat_April,wheat,Yes,Yes
M22_16S_g17_C07,April,WASVT,wheat,461,p005,M22_1390,Heading,5/9/23,Hilliard,individual,oldest_healthy,sample,17,5,5,15.02,77,56.2,92.1,NA,17.2,35.849539,-76.657698,84,16.2,364,0,0,0,NA,2.36,0.15,0.95,0.79,0.4,0.13,73.3,48,8.71,5.06,3.92,0.01,35.4,3.57,1,10.8,80,2.2,5.7,87,55,1177,320,14,2.7,0.8,0.8,0.1,wheat_April,wheat,Yes,Yes
M22_16S_g17_C09,March,WASVT,wheat,461,p005,M22_2643,Jointing,3/27/23,Hilliard,individual,oldest_healthy,sample,17,5,5,15.02,77,56.2,92.1,NA,22.6,35.849539,-76.657698,28.7,13.2,293,0,0,0,NA,4.03,0.31,1.93,0.41,0.21,0.2,64.5,41.7,17.5,8.98,4,0.01,9.16,2.44,0.96,11.4,81,2.1,5.9,93,55,1235,360,18,2.9,0.9,0.9,0.2,wheat_March,wheat,Yes,Yes
M22_16S_g17_E06,March,WAKMP,wheat,B15,p001,M22_2459,Jointing,3/10/23,USG3540,individual,oldest_healthy,sample,17,5,5,NA,NA,NA,NA,NA,22.32,35.732941,-78.701558,33.5,12.7,324,6,4,0,3,4.55,0.52,3.12,0.57,0.13,0.3,71.8,47.4,25.6,3.73,3.51,0.01,10.8,0.41,1.19,6,66,2,4.9,538,83,673,42,19,29.4,12.4,0.9,0.1,wheat_March,wheat,Yes,Yes
M22_16S_g17_F10,April,ROBVT,wheat,373,p004,M22_0497,Heading,4/24/23,Hilliard,individual,oldest_healthy,sample,17,5,5,NA,NA,NA,NA,NA,3.4,34.511761,-79.307246,71,18.1,296,1,3,0,NA,3.38,0.2,1.54,0.42,0.14,0.17,63.9,25.4,14.9,6.09,4.1,0,6.89,0.36,1.25,4.2,74,1.1,5.8,103,44,461,90,8,10.6,4.3,0.6,0,wheat_April,wheat,Yes,Yes
M22_16S_g17_G02,March,WAKMP,wheat,B11,p003,M22_2441,Jointing,3/10/23,Catawba,individual,oldest_healthy,sample,17,5,5,NA,NA,NA,NA,NA,23.1,35.732396,-78.701534,15.5,12.7,324,5,5,0,0,3.88,0.36,2.44,0.39,0.11,0.22,63.3,55.5,20.4,2.04,2.49,0.01,9.24,0.66,1.02,4.1,50,2,4.8,269,66,319,35,18,19.2,6.8,0.6,0,wheat_March,wheat,Yes,Yes
M22_16S_g18_A05,April,UNIVT,wheat,201,p005,M22_0922,Heading,4/28/23,Hilliard,individual,oldest_healthy,sample,18,5,5,17.55,86,60,102.6374317,9,7.3,34.948831,-80.424662,96,16.4,407,0,2,0,0,3.26,0.24,1.5,0.79,0.18,0.18,76.3,42.2,16.7,6.83,12.2,0.01,10.7,0.36,0.83,13.7,90,1.3,6.4,305,87,2263,108,24,37.9,14.2,10.3,0.1,wheat_April,wheat,Yes,Yes
M22_16S_g18_A11,March,WAKMP,wheat,B02,p005,M22_2408,Jointing,3/10/23,Shirley,individual,oldest_healthy,sample,18,5,5,NA,NA,NA,NA,NA,23.63,35.733491,-78.701557,8.7,12.7,324,3,3,0,0,2.87,0.51,2.77,0.41,0.07,0.19,203,63.9,32.7,7.9,2.85,0,46.4,0.41,1.18,7.9,79,1.6,5.4,655,98,1104,57,17,31.7,14.5,1.4,0.1,wheat_March,wheat,Yes,Yes
M22_16S_g18_C12,March,WAKMP,wheat,B02,p004,M22_2407,Jointing,3/10/23,Shirley,individual,oldest_healthy,sample,18,5,5,NA,NA,NA,NA,NA,23.63,35.733491,-78.701557,8.9,12.7,324,3,3,0,0,2.87,0.51,2.77,0.41,0.07,0.19,203,63.9,32.7,7.9,2.85,0,46.4,0.41,1.18,7.9,79,1.6,5.4,655,98,1104,57,17,31.7,14.5,1.4,0.1,wheat_March,wheat,Yes,Yes
M22_16S_g18_D11,March,LENVT,wheat,363,p005,M22_1553,Jointing,3/14/23,Hilliard,individual,oldest_healthy,sample,18,5,5,7.25,66,58.9,43.1,NA,19.34,35.377256,-77.560338,19,13.4,268,2,3,1,NA,4.1,0.13,3.95,0.25,0.1,0.25,54.8,58,25.4,6.84,2.92,0.01,11.5,0.46,1.14,3.9,59,1.6,5.2,50,129,304,54,22,14.6,3.2,0.5,0.1,wheat_March,wheat,Yes,Yes
M22_16S_g18_E01,April,WAKMP,wheat,B14,p004,M22_1139,Heading,4/19/23,Hilliard,individual,oldest_healthy,sample,18,5,5,NA,NA,NA,NA,NA,21.5,35.732807,-78.701551,81,16,419,3,5,0,0,3.68,0.29,1.67,0.81,0.17,0.22,67.3,120,28.5,4.35,3.78,0,18.7,0.51,1.11,5.5,64,2,4.9,451,52,619,38,20,29.2,11,0.8,0.1,wheat_April,wheat,Yes,Yes
M22_16S_g18_E12,March,ROBVT,wheat,562,p001,M22_1887,Jointing,3/21/23,Hilliard,individual,oldest_healthy,sample,18,5,5,NA,NA,NA,NA,NA,20.86,34.511964,-79.308017,19.4,14.7,239,0,3,0,NA,4.06,0.33,3.09,0.35,0.12,0.23,58.5,49.3,24.7,4.84,3.3,0,9.87,0.92,1.05,6.2,69,2,5.3,271,74,684,81,19,22.9,7.6,1.4,0.1,wheat_March,wheat,Yes,Yes
M22_16S_g18_F05,March,ROBVT,wheat,373,p001,M22_1877,Jointing,3/21/23,Hilliard,individual,oldest_healthy,sample,18,5,5,NA,NA,NA,NA,NA,14.64,34.511761,-79.307246,16.5,14.7,239,1,3,0,NA,3.58,0.26,2.9,0.28,0.12,0.2,53.5,27.7,19.7,4.53,2.83,0,5.82,0.32,1.2,3.5,72,1,5.6,104,39,378,65,10,11.7,4.2,0.5,0.1,wheat_March,wheat,Yes,Yes
M22_16S_g18_G08,March,WAKMP,wheat,B06,p005,M22_2423,Jointing,3/10/23,Hilliard,individual,oldest_healthy,sample,18,5,5,NA,NA,NA,NA,NA,25.14,35.732944,-78.701535,15.7,12.7,324,3,5,0,0,3.82,0.43,2.63,0.5,0.1,0.23,63.9,64.3,25.1,4.4,2.68,0.01,11.3,0.76,1.19,6.8,72,1.9,5.1,570,86,868,48,17,32.3,13.7,1.1,0.1,wheat_March,wheat,Yes,Yes
M22_16S_g18_G12,April,LENVT,wheat,363,p004,M22_0065,Heading,4/20/23,Hilliard,individual,oldest_healthy,sample,18,5,5,7.25,66,58.9,43.1,NA,8.9,35.377256,-77.560338,85,16.4,335,2,3,1,NA,4.05,0.13,1.34,0.36,0.15,0.23,69.7,43.6,22.2,8.65,3.64,0.01,17.5,0.32,1.16,3.7,70,1.1,5.5,47,117,350,63,16,15.4,3.5,0.6,0.1,wheat_April,wheat,Yes,Yes
M22_16S_g18_H04,April,ROWVT,wheat,429,p001,M22_0701,Heading,4/27/23,Hilliard,individual,oldest_healthy,sample,18,5,5,12.99,94,56.6,76,NA,7.7,35.697219,-80.623181,91,15,469,0,5,0,2,3.67,0.3,1.14,1.16,0.37,0.29,72.4,216,24.6,7.62,4.96,0,12,0.41,0.93,8.2,79,1.7,5.8,307,78,859,246,20,216,11,3.8,0.1,wheat_April,wheat,Yes,Yes
M22_16S_g18_H07,March,WASVT,wheat,558,p005,M22_2648,Jointing,3/27/23,Hilliard,individual,oldest_healthy,sample,18,5,5,12.96,67,56.2,79.5,NA,22.84,35.849563,-76.65811,23.3,13.2,293,0,1,0,NA,4.26,0.28,2.55,0.34,0.19,0.22,67.5,43,18.3,7.7,3.82,0.01,7.61,2.84,0.97,11.5,81,2.2,5.8,107,68,1226,363,16,2,1,0.9,0.1,wheat_March,wheat,Yes,Yes
M22_16S_g19_A01,March,WAKMP,wheat,B12,p001,M22_2444,Jointing,3/10/23,Shirley,individual,oldest_healthy,sample,19,5,5,NA,NA,NA,NA,NA,23.88,35.732535,-78.701539,18.6,12.7,324,4,4,0,0,4.24,0.42,3.3,0.34,0.09,0.26,78,56.4,29.4,3.44,2.6,0,8.08,0.6,1.09,4.7,59,1.9,5,319,90,431,50,17,22.6,9.4,0.7,0,wheat_March,wheat,Yes,Yes
M22_16S_g19_B02,March,WAKMP,wheat,B12,p005,M22_2448,Jointing,3/10/23,Shirley,individual,oldest_healthy,sample,19,5,5,NA,NA,NA,NA,NA,23.88,35.732535,-78.701539,10,12.7,324,4,4,0,0,4.24,0.42,3.3,0.34,0.09,0.26,78,56.4,29.4,3.44,2.6,0,8.08,0.6,1.09,4.7,59,1.9,5,319,90,431,50,17,22.6,9.4,0.7,0,wheat_March,wheat,Yes,Yes
M22_16S_g19_C01,March,WAKMP,wheat,B06,p001,M22_2419,Jointing,3/10/23,Hilliard,individual,oldest_healthy,sample,19,5,5,NA,NA,NA,NA,NA,25.14,35.732944,-78.701535,15.2,12.7,324,3,5,0,0,3.82,0.43,2.63,0.5,0.1,0.23,63.9,64.3,25.1,4.4,2.68,0.01,11.3,0.76,1.19,6.8,72,1.9,5.1,570,86,868,48,17,32.3,13.7,1.1,0.1,wheat_March,wheat,Yes,Yes
M22_16S_g19_E10,April,ROBVT,wheat,251,p004,M22_0492,Heading,4/24/23,Hilliard,individual,oldest_healthy,sample,19,5,5,NA,NA,NA,NA,NA,3.5,34.511764,-79.306745,72,18.1,296,1,3,0,NA,3.39,0.19,1.35,0.42,0.16,0.21,67.8,25.6,14.7,7.64,3.85,0.01,14.2,0.36,1.18,5.2,79,1.1,6,88,60,590,121,9,12.1,5.5,0.5,0,wheat_April,wheat,Yes,Yes
M22_16S_g19_F01,April,PERVT,wheat,374,p001,M22_0274,Heading,5/5/23,Hilliard,individual,oldest_healthy,sample,19,5,5,15.73,101,59,94.5,9.4,21.6,36.180019,-76.359592,103,15.7,361,1,4,0,NA,3.1,0.21,1.45,0.86,0.31,0.18,91.9,39.4,14.3,5.69,3.55,0,17,0.41,0.89,6.6,88,0.8,6.1,53,63,844,179,9,9.7,2,1.3,0.1,wheat_April,wheat,Yes,Yes
M22_16S_g19_H03,April,UNIVT,wheat,201,p003,M22_0920,Heading,4/28/23,Hilliard,individual,oldest_healthy,sample,19,5,5,17.55,86,60,102.6374317,9,9.5,34.948831,-80.424662,95,16.4,407,0,2,0,0,3.26,0.24,1.5,0.79,0.18,0.18,76.3,42.2,16.7,6.83,12.2,0.01,10.7,0.36,0.83,13.7,90,1.3,6.4,305,87,2263,108,24,37.9,14.2,10.3,0.1,wheat_April,wheat,Yes,Yes
M22_16S_g19_H04,March,WASVT,wheat,318,p005,M22_2638,Jointing,3/27/23,Hilliard,individual,oldest_healthy,sample,19,5,5,14.19,79,57.4,86.7,NA,24.9,35.849584,-76.657093,32.5,13.2,293,0,0,0,NA,4.06,0.32,2.75,0.28,0.15,0.19,66.4,73.7,21,7.81,3.37,0.01,9.34,3.67,0.9,11.2,75,2.8,5.5,104,103,1138,294,21,3.8,1.2,0.9,0.2,wheat_March,wheat,Yes,Yes
M22_16S_g19_H09,March,LENVT,wheat,272,p001,M22_1544,Jointing,3/14/23,Hilliard,individual,oldest_healthy,sample,19,5,5,7.25,62,59.3,43.1,NA,19.82,35.3776,-77.560296,18,13.4,268,2,4,2,NA,3.99,0.12,4,0.33,0.12,0.24,56.1,25,17.9,6.44,2.97,0.01,7.47,0.56,1.14,5.3,75,1.3,5.6,54,130,565,94,29,18.6,4.4,0.6,0.1,wheat_March,wheat,Yes,Yes
M22_16S_g19_H12,March,ROBVT,wheat,407,p002,M22_1883,Jointing,3/21/23,Hilliard,individual,oldest_healthy,sample,19,5,5,NA,NA,NA,NA,NA,17.36,34.511862,-79.307337,11.6,14.7,239,1,3,0,NA,4,0.26,3.09,0.34,0.14,0.23,56.3,26.3,21.3,5.68,2.98,0,6.67,0.22,1.18,4.4,83,0.8,6.4,94,46,528,106,9,11.9,4.9,0.5,0,wheat_March,wheat,Yes,Yes
M22_16S_g20_A04,March,WAKMP,wheat,B09,p002,M22_2435,Jointing,3/10/23,Hilliard,individual,oldest_healthy,sample,20,5,5,NA,NA,NA,NA,NA,23.1,35.732532,-78.701518,16.3,12.7,324,2,5,0,0,3.86,0.4,3.31,0.43,0.1,0.25,65.1,65.1,27.4,2.93,2.91,0,12.8,0.56,1.16,4.6,55,2.1,4.7,355,86,388,44,17,23.6,7.9,0.7,0.1,wheat_March,wheat,Yes,Yes
M22_16S_g20_A10,April,ROWVT,wheat,227,p003,M22_0693,Heading,4/27/23,Hilliard,individual,oldest_healthy,sample,20,5,5,12.59,92,55,71.5,NA,14.1,35.696813,-80.623607,87,15,469,2,5,0,2,3.52,0.28,1,1.29,0.37,0.27,103,200,27,9.29,5.07,0.01,16.1,0.27,0.95,7.4,83,1.3,6,170,49,811,232,24,208,10.2,4.1,0.1,wheat_April,wheat,Yes,Yes
M22_16S_g20_B02,March,WASVT,wheat,461,p002,M22_2640,Jointing,3/27/23,Hilliard,individual,oldest_healthy,sample,20,5,5,15.02,77,56.2,92.1,NA,22.6,35.849539,-76.657698,34.3,13.2,293,0,0,0,NA,4.03,0.31,1.93,0.41,0.21,0.2,64.5,41.7,17.5,8.98,4,0.01,9.16,2.44,0.96,11.4,81,2.1,5.9,93,55,1235,360,18,2.9,0.9,0.9,0.2,wheat_March,wheat,Yes,Yes
M22_16S_g20_B05,April,WASVT,wheat,461,p001,M22_1386,Heading,5/9/23,Hilliard,individual,oldest_healthy,sample,20,5,5,15.02,77,56.2,92.1,NA,20.9,35.849539,-76.657698,92,16.2,364,0,0,0,NA,2.36,0.15,0.95,0.79,0.4,0.13,73.3,48,8.71,5.06,3.92,0.01,35.4,3.57,1,10.8,80,2.2,5.7,87,55,1177,320,14,2.7,0.8,0.8,0.1,wheat_April,wheat,Yes,Yes
M22_16S_g20_B09,March,WAKMP,wheat,B05,p003,M22_2416,Jointing,3/10/23,USG3640,individual,oldest_healthy,sample,20,5,5,NA,NA,NA,NA,NA,24.22,35.73308,-78.701541,33.1,12.7,324,7,7,0,3,3.74,0.65,3.63,0.78,0.11,0.3,97,44.2,22.6,5.37,3.33,0.01,15,0.36,0.99,8.4,79,1.8,5.3,668,76,1189,63,17,32,16.6,1.3,0.1,wheat_March,wheat,Yes,Yes
M22_16S_g20_C01,March,PERVT,wheat,374,p004,M22_1702,Jointing,3/28/23,Hilliard,individual,oldest_healthy,sample,20,5,5,15.73,101,59,94.5,9.4,30.14,36.180019,-76.359592,31.1,12.8,295,1,4,0,NA,4.11,0.36,2.2,0.41,0.18,0.23,76.6,35.2,22.3,6.16,3.8,0.01,6.26,0.27,0.77,6.9,85,1,6,76,56,859,172,16,12.8,2.4,1.2,0.1,wheat_March,wheat,Yes,Yes
M22_16S_g20_C04,March,PERVT,wheat,374,p002,M22_1700,Jointing,3/28/23,Hilliard,individual,oldest_healthy,sample,20,5,5,15.73,101,59,94.5,9.4,30.14,36.180019,-76.359592,35,12.8,295,1,4,0,NA,4.11,0.36,2.2,0.41,0.18,0.23,76.6,35.2,22.3,6.16,3.8,0.01,6.26,0.27,0.77,6.9,85,1,6,76,56,859,172,16,12.8,2.4,1.2,0.1,wheat_March,wheat,Yes,Yes
M22_16S_g20_C05,April,WAKMP,wheat,B19,p002,M22_1142,Heading,4/19/23,Hilliard,individual,oldest_healthy,sample,20,5,5,NA,NA,NA,NA,NA,22.2,35.733493,-78.701575,92,16,419,3,3,0,0,3.68,0.29,1.66,0.86,0.16,0.22,67.9,82.4,23.6,5.26,4.58,0,4.69,0.32,1.06,8.8,79,1.8,5.3,725,59,1259,62,21,32.9,16.7,1.6,0.1,wheat_April,wheat,Yes,Yes
M22_16S_g20_C08,March,WAKMP,wheat,B14,p004,M22_2457,Jointing,3/10/23,Hilliard,individual,oldest_healthy,sample,20,5,5,NA,NA,NA,NA,NA,25.16,35.732807,-78.701551,21.7,12.7,324,3,5,0,0,3.47,0.43,2.35,0.56,0.11,0.21,64.1,74.6,23.7,3.27,2.69,0,9.63,0.56,1.18,5.4,64,2,4.9,487,61,611,33,17,28.9,10.6,0.8,0,wheat_March,wheat,Yes,Yes
M22_16S_g20_D01,April,ROWVT,wheat,429,p002,M22_0702,Heading,4/27/23,Hilliard,individual,oldest_healthy,sample,20,5,5,12.99,94,56.6,76,NA,9.3,35.697219,-80.623181,87,15,469,0,5,0,2,3.67,0.3,1.14,1.16,0.37,0.29,72.4,216,24.6,7.62,4.96,0,12,0.41,0.93,8.2,79,1.7,5.8,307,78,859,246,20,216,11,3.8,0.1,wheat_April,wheat,Yes,Yes
M22_16S_g20_D03,March,LENVT,wheat,363,p003,M22_1551,Jointing,3/14/23,Hilliard,individual,oldest_healthy,sample,20,5,5,7.25,66,58.9,43.1,NA,19.34,35.377256,-77.560338,11,13.4,268,2,3,1,NA,4.1,0.13,3.95,0.25,0.1,0.25,54.8,58,25.4,6.84,2.92,0.01,11.5,0.46,1.14,3.9,59,1.6,5.2,50,129,304,54,22,14.6,3.2,0.5,0.1,wheat_March,wheat,Yes,Yes
M22_16S_g20_E01,March,WAKMP,wheat,B13,p002,M22_2450,Jointing,3/10/23,Catawba,individual,oldest_healthy,sample,20,5,5,NA,NA,NA,NA,NA,24.7,35.732666,-78.701547,14.7,12.7,324,5,4,0,0,4.17,0.42,2.76,0.49,0.11,0.24,65.4,65.9,22.2,2.51,2.77,0.01,12.7,0.56,1.21,4.6,59,1.9,4.8,373,67,445,34,18,23.4,8.1,0.6,0,wheat_March,wheat,Yes,Yes
M22_16S_g20_E08,March,PERVT,wheat,219,p002,M22_1695,Jointing,3/28/23,Hilliard,individual,oldest_healthy,sample,20,5,5,14.95,97,58.6,89.5,8.9,29.86,36.179719,-76.359099,30.6,12.8,295,1,6,0,NA,3.87,0.32,2.34,0.35,0.15,0.19,68.6,28.6,20.7,6.75,2.9,0.01,6,0.36,0.88,5.9,84,1,6,61,55,710,151,13,9.6,2.9,1.4,0.1,wheat_March,wheat,Yes,Yes
M22_16S_g20_F05,March,ROBVT,wheat,251,p005,M22_1876,Jointing,3/21/23,Hilliard,individual,oldest_healthy,sample,20,5,5,NA,NA,NA,NA,NA,20.32,34.511764,-79.306745,8.8,14.7,239,1,3,0,NA,4.25,0.29,2.63,0.27,0.13,0.15,46.7,35.2,24.8,6.6,3.21,0,7.47,0.41,1.21,3.4,71,1,5.7,115,65,339,64,12,7.2,2.7,2.7,0.1,wheat_March,wheat,Yes,Yes
M22_16S_g20_G09,April,PERVT,wheat,553,p003,M22_0294,Heading,5/5/23,Hilliard,individual,oldest_healthy,sample,20,5,5,14.67,93,58.5,88.2,NA,21.9,36.180444,-76.359931,93,15.7,361,2,5,0,NA,3.12,0.18,1.42,0.78,0.26,0.18,83,87,15.8,7.02,3.47,0,20.4,0.41,0.93,5,74,1.3,5.3,59,70,520,112,16,8.2,2.2,1.1,0.2,wheat_April,wheat,Yes,Yes
M22_16S_g20_G11,April,PERVT,wheat,434,p004,M22_0290,Heading,5/5/23,Hilliard,individual,oldest_healthy,sample,20,5,5,14.7,96,58.2,87.5,9,21.8,36.180107,-76.359772,95,15.7,361,1,5,0,NA,2.69,0.19,1.53,0.57,0.22,0.15,96.9,58,13.3,5.69,3.82,0,17.2,0.51,0.92,5.3,80,1.1,5.5,54,76,600,122,11,9.2,2.3,1.3,0.1,wheat_April,wheat,Yes,Yes
M22_16S_g20_H06,April,LENVT,wheat,566,p002,M22_0073,Heading,4/20/23,Hilliard,individual,oldest_healthy,sample,20,5,1.33,7.35,55,58.7,43.7,NA,11.3,35.376646,-77.559983,77,16.4,335,2,5,0,NA,3.81,0.18,1.69,0.44,0.15,0.24,76.4,15.5,18.9,7.82,3.25,0.01,19.1,0.81,1.1,7.3,87,0.9,6.4,75,194,929,157,23,16.1,8.9,1,0.1,wheat_April,wheat,Yes,Yes
M22_16S_g20_H08,April,ROBVT,wheat,562,p005,M22_0508,Heading,4/24/23,Hilliard,individual,oldest_healthy,sample,20,5,4.22,NA,NA,NA,NA,NA,7.3,34.511964,-79.308017,92,18.1,296,0,3,0,NA,3.35,0.23,1.72,0.46,0.16,0.18,62.9,50.5,18.8,7.07,4,0,9.31,0.81,1.13,5.5,72,1.5,5.6,275,130,577,91,14,18.8,6.2,1.5,0,wheat_April,wheat,Yes,Yes
M22_16S_g20_H11,April,ROWVT,wheat,577,p003,M22_0708,Heading,4/27/23,Hilliard,individual,oldest_healthy,sample,20,5,5,10.87,90,54.5,63.8,NA,9.2,35.697639,-80.623136,87,15,469,0,4,0,2,3.69,0.27,1.06,1.19,0.34,0.25,76,198,21.6,8.38,4.6,0.01,9.42,0.27,0.92,8,81,1.5,6,226,73,855,241,18,214.3,10.3,4,0.1,wheat_April,wheat,Yes,Yes
M22_16S_g21_C12,March,ROWVT,wheat,360,p002,M22_2056,Jointing,3/15/23,Hilliard,individual,oldest_healthy,sample,21,6,5,14.35,90,56,83.7,NA,33.74,35.697066,-80.623263,17.9,11.7,390,0,2,0,1,4.67,0.48,1.87,0.72,0.26,0.34,71.3,148,22.5,8.03,3.58,0.01,3.27,0.32,0.94,7.8,76,1.9,5.8,238,62,803,217,28,363.7,10.5,4,0.1,wheat_March,wheat,Yes,Yes
M22_16S_g21_E01,April,LENVT,wheat,471,p003,M22_0069,Heading,4/20/23,Hilliard,individual,oldest_healthy,sample,21,6,5,5.68,51,59.2,33.9,NA,8.8,35.376978,-77.560024,72,16.4,335,2,4,0,NA,3.86,0.1,1.33,0.37,0.13,0.27,69.5,45.6,24.6,8.01,3.32,0.01,26.2,0.46,1.2,3.3,56,1.4,4.9,42,84,270,32,19,15.4,5.3,0.6,0.1,wheat_April,wheat,Yes,Yes
M22_16S_g21_E02,April,ROBVT,wheat,562,p001,M22_0504,Heading,4/24/23,Hilliard,individual,oldest_healthy,sample,21,6,5,NA,NA,NA,NA,NA,11,34.511964,-79.308017,80,18.1,296,0,3,0,NA,3.35,0.23,1.72,0.46,0.16,0.18,62.9,50.5,18.8,7.07,4,0,9.31,0.81,1.13,5.5,72,1.5,5.6,275,130,577,91,14,18.8,6.2,1.5,0,wheat_April,wheat,Yes,Yes
M22_16S_g21_E04,March,ROWVT,wheat,429,p001,M22_2060,Jointing,3/15/23,Hilliard,individual,oldest_healthy,sample,21,6,5,12.99,94,56.6,76,NA,30.4,35.697219,-80.623181,18.2,11.7,390,0,5,0,2,4.84,0.46,1.83,0.63,0.23,0.33,66.5,138,23.6,8.4,3.42,0.01,3.88,0.32,0.89,7.8,70,2.3,5.5,332,66,708,213,30,369.6,10.5,3.8,0.1,wheat_March,wheat,Yes,Yes
M22_16S_g21_F06,April,PERVT,wheat,374,p005,M22_0278,Heading,5/5/23,Hilliard,individual,oldest_healthy,sample,21,6,5,15.73,101,59,94.5,9.4,25.9,36.180019,-76.359592,102,15.7,361,1,4,0,NA,3.1,0.21,1.45,0.86,0.31,0.18,91.9,39.4,14.3,5.69,3.55,0,17,0.41,0.89,6.6,88,0.8,6.1,53,63,844,179,9,9.7,2,1.3,0.1,wheat_April,wheat,Yes,Yes
M22_16S_g21_F07,March,WASVT,wheat,558,p001,M22_2644,Jointing,3/27/23,Hilliard,individual,oldest_healthy,sample,21,6,5,12.96,67,56.2,79.5,NA,22.84,35.849563,-76.65811,29.8,13.2,293,0,1,0,NA,4.26,0.28,2.55,0.34,0.19,0.22,67.5,43,18.3,7.7,3.82,0.01,7.61,2.84,0.97,11.5,81,2.2,5.8,107,68,1226,363,16,2,1,0.9,0.1,wheat_March,wheat,Yes,Yes
M22_16S_g21_G12,March,UNIVT,wheat,201,p004,M22_2240,Jointing,3/20/23,Hilliard,individual,oldest_healthy,sample,21,6,5,17.55,86,60,102.6374317,9,31.94,34.948831,-80.424662,16,13.1,313,0,2,0,0,3.7,0.36,2.5,0.59,0.1,0.21,68.6,47.1,13.9,4.23,5.5,0.01,7.54,0.6,0.8,13.6,90,1.3,6.3,317,87,2255,102,27,43.9,13.8,10,0.1,wheat_March,wheat,Yes,Yes
M22_16S_g21_H06,March,PERVT,wheat,553,p001,M22_1709,Jointing,3/28/23,Hilliard,individual,oldest_healthy,sample,21,6,5,14.67,93,58.5,88.2,NA,27.58,36.180444,-76.359931,33.4,12.8,295,2,5,0,NA,4.09,0.27,2.27,0.47,0.17,0.24,69.6,51.3,24.8,6.23,2.84,0.01,8.8,0.36,0.81,4.8,67,1.6,5.3,60,52,453,99,14,7.7,1.9,1,0.1,wheat_March,wheat,Yes,Yes
M22_16S_g21_H12,March,WAKMP,wheat,B15,p004,M22_2462,Jointing,3/10/23,USG3540,individual,oldest_healthy,sample,21,6,5,NA,NA,NA,NA,NA,22.32,35.732941,-78.701558,27.6,12.7,324,6,4,0,3,4.55,0.52,3.12,0.57,0.13,0.3,71.8,47.4,25.6,3.73,3.51,0.01,10.8,0.41,1.19,6,66,2,4.9,538,83,673,42,19,29.4,12.4,0.9,0.1,wheat_March,wheat,Yes,Yes
M22_16S_g22_A08,April,UNIVT,wheat,430,p003,M22_0930,Heading,4/28/23,Hilliard,individual,oldest_healthy,sample,22,6,5,17.46,102,59.1,102.8144917,8.8,13.7,34.948124,-80.424406,92,16.4,407,0,3,0,0,3.29,0.25,1.51,0.84,0.19,0.19,74.6,72.1,18.2,6.35,7.86,0.01,14.4,0.36,0.79,12.4,87,1.6,6.2,255,61,1990,81,24,55.9,15.1,9.1,0.1,wheat_April,wheat,Yes,Yes
M22_16S_g22_C11,March,LENVT,wheat,566,p003,M22_1561,Jointing,3/14/23,Hilliard,individual,oldest_healthy,sample,22,6,5,7.35,55,58.7,43.7,NA,22.86,35.376646,-77.559983,11,13.4,268,2,5,0,NA,4.23,0.16,4.11,0.34,0.12,0.25,59.3,18.2,19.7,6.63,2.97,0.01,6.73,0.97,0.91,7.4,86,1,6.1,84,233,898,156,34,17.1,8.4,0.9,0.1,wheat_March,wheat,Yes,Yes
M22_16S_g22_D03,March,LENVT,wheat,272,p003,M22_1546,Jointing,3/14/23,Hilliard,individual,oldest_healthy,sample,22,6,5,7.25,62,59.3,43.1,NA,19.82,35.3776,-77.560296,14,13.4,268,2,4,2,NA,3.99,0.12,4,0.33,0.12,0.24,56.1,25,17.9,6.44,2.97,0.01,7.47,0.56,1.14,5.3,75,1.3,5.6,54,130,565,94,29,18.6,4.4,0.6,0.1,wheat_March,wheat,Yes,Yes
M22_16S_g22_E04,March,WAKMP,wheat,B11,p005,M22_2443,Jointing,3/10/23,Catawba,individual,oldest_healthy,sample,22,6,5,NA,NA,NA,NA,NA,23.1,35.732396,-78.701534,14.8,12.7,324,5,5,0,0,3.88,0.36,2.44,0.39,0.11,0.22,63.3,55.5,20.4,2.04,2.49,0.01,9.24,0.66,1.02,4.1,50,2,4.8,269,66,319,35,18,19.2,6.8,0.6,0,wheat_March,wheat,Yes,Yes
M22_16S_g22_F09,March,WAKMP,wheat,B13,p005,M22_2453,Jointing,3/10/23,Catawba,individual,oldest_healthy,sample,22,6,5,NA,NA,NA,NA,NA,24.7,35.732666,-78.701547,15.3,12.7,324,5,4,0,0,4.17,0.42,2.76,0.49,0.11,0.24,65.4,65.9,22.2,2.51,2.77,0.01,12.7,0.56,1.21,4.6,59,1.9,4.8,373,67,445,34,18,23.4,8.1,0.6,0,wheat_March,wheat,Yes,Yes
M22_16S_g23_A11,March,WAKMP,wheat,B14,p005,M22_2458,Jointing,3/10/23,Hilliard,individual,oldest_healthy,sample,23,6,5,NA,NA,NA,NA,NA,25.16,35.732807,-78.701551,18.6,12.7,324,3,5,0,0,3.47,0.43,2.35,0.56,0.11,0.21,64.1,74.6,23.7,3.27,2.69,0,9.63,0.56,1.18,5.4,64,2,4.9,487,61,611,33,17,28.9,10.6,0.8,0,wheat_March,wheat,Yes,Yes
M22_16S_g23_B02,March,WAKMP,wheat,B08,p005,M22_2433,Jointing,3/10/23,Shirley,individual,oldest_healthy,sample,23,6,5,NA,NA,NA,NA,NA,20.62,35.732671,-78.701523,6.8,12.7,324,3,4,0,0,3.64,0.42,2.53,0.58,0.11,0.24,64.5,86.1,26.2,3.62,2.71,0,9.8,0.51,1.18,4.6,59,1.9,4.8,401,68,467,31,18,25.9,8.4,0.7,0.1,wheat_March,wheat,Yes,Yes
M22_16S_g23_B08,April,WASVT,wheat,318,p001,M22_1381,Heading,5/9/23,Hilliard,individual,oldest_healthy,sample,23,6,5,14.19,79,57.4,86.7,NA,17.8,35.849584,-76.657093,86,16.2,364,0,0,0,NA,2.82,0.18,1.21,0.51,0.29,0.15,91.7,149,12.2,5.57,3.83,0.01,38.4,3.28,0.99,11.5,77,2.7,5.6,81,100,1190,316,16,3.1,0.9,0.8,0.1,wheat_April,wheat,Yes,Yes
M22_16S_g23_C12,March,ROBVT,wheat,373,p003,M22_1879,Jointing,3/21/23,Hilliard,individual,oldest_healthy,sample,23,6,5,NA,NA,NA,NA,NA,14.64,34.511761,-79.307246,17,14.7,239,1,3,0,NA,3.58,0.26,2.9,0.28,0.12,0.2,53.5,27.7,19.7,4.53,2.83,0,5.82,0.32,1.2,3.5,72,1,5.6,104,39,378,65,10,11.7,4.2,0.5,0.1,wheat_March,wheat,Yes,Yes
M22_16S_g23_E01,April,ROWVT,wheat,360,p005,M22_0700,Heading,4/27/23,Hilliard,individual,oldest_healthy,sample,23,6,5,14.35,90,56,83.7,NA,10.8,35.697066,-80.623263,92,15,469,0,2,0,1,3.46,0.26,1.04,1.06,0.33,0.25,70.2,195,22,7.09,4.52,0.01,11.1,0.36,0.94,8.2,81,1.5,6.1,209,64,907,242,19,292.3,11.7,3.9,0.1,wheat_April,wheat,Yes,Yes
M22_16S_g23_E08,April,WASVT,wheat,251,p004,M22_1379,Heading,5/9/23,Hilliard,individual,oldest_healthy,sample,23,6,5,11.83,69,55.9,71.4,NA,16.6,35.849402,-76.656793,73,16.2,364,0,0,0,NA,2.98,0.12,1.16,0.52,0.26,0.15,78.7,94.3,13.8,6.25,4.27,0.01,31.2,4.32,0.95,10.2,73,2.7,5.4,55,91,1041,254,15,3.1,1.3,0.7,0.1,wheat_April,wheat,Yes,Yes
M22_16S_g23_E11,March,PERVT,wheat,374,p005,M22_1703,Jointing,3/28/23,Hilliard,individual,oldest_healthy,sample,23,6,5,15.73,101,59,94.5,9.4,30.14,36.180019,-76.359592,33.7,12.8,295,1,4,0,NA,4.11,0.36,2.2,0.41,0.18,0.23,76.6,35.2,22.3,6.16,3.8,0.01,6.26,0.27,0.77,6.9,85,1,6,76,56,859,172,16,12.8,2.4,1.2,0.1,wheat_March,wheat,Yes,Yes
M22_16S_g23_F01,March,WAKMP,wheat,B07,p004,M22_2427,Jointing,3/10/23,USG3640,individual,oldest_healthy,sample,23,6,5,NA,NA,NA,NA,NA,21.94,35.732811,-78.701528,24.8,12.7,324,5,6,0,3,3.39,0.71,3.04,0.8,0.13,0.3,60.9,109,31.3,4.07,3.09,0,18.9,0.51,1.15,5.9,63,2.2,4.7,528,69,647,41,21,31.1,10.9,0.9,0.1,wheat_March,wheat,Yes,Yes
M22_16S_g23_G09,April,ROBVT,wheat,373,p005,M22_0498,Heading,4/24/23,Hilliard,individual,oldest_healthy,sample,23,6,5,NA,NA,NA,NA,NA,4.2,34.511761,-79.307246,86,18.1,296,1,3,0,NA,3.38,0.2,1.54,0.42,0.14,0.17,63.9,25.4,14.9,6.09,4.1,0,6.89,0.36,1.25,4.2,74,1.1,5.8,103,44,461,90,8,10.6,4.3,0.6,0,wheat_April,wheat,Yes,Yes
M22_16S_g23_H09,March,UNIVT,wheat,309,p001,M22_2242,Jointing,3/20/23,Hilliard,individual,oldest_healthy,sample,23,6,5,16.39,89,59.6,96.7338179,8.6,33.68,34.94846,-80.424713,21,13.1,313,0,1,0,0,3.55,0.34,2.25,0.7,0.11,0.21,77.7,65.3,17.8,4.8,5.22,0.01,8.06,0.6,0.87,10.9,89,1.2,6.3,207,62,1781,90,23,49.5,9.1,8.8,0.1,wheat_March,wheat,Yes,Yes
M22_16S_g24_A04,March,UNIVT,wheat,309,p003,M22_2244,Jointing,3/20/23,Hilliard,individual,oldest_healthy,sample,24,6,5,16.39,89,59.6,96.7338179,8.6,33.68,34.94846,-80.424713,13,13.1,313,0,1,0,0,3.55,0.34,2.25,0.7,0.11,0.21,77.7,65.3,17.8,4.8,5.22,0.01,8.06,0.6,0.87,10.9,89,1.2,6.3,207,62,1781,90,23,49.5,9.1,8.8,0.1,wheat_March,wheat,Yes,Yes
M22_16S_g24_A05,April,ROBVT,wheat,373,p003,M22_0496,Heading,4/24/23,Hilliard,individual,oldest_healthy,sample,24,6,5,NA,NA,NA,NA,NA,3.3,34.511761,-79.307246,81,18.1,296,1,3,0,NA,3.38,0.2,1.54,0.42,0.14,0.17,63.9,25.4,14.9,6.09,4.1,0,6.89,0.36,1.25,4.2,74,1.1,5.8,103,44,461,90,8,10.6,4.3,0.6,0,wheat_April,wheat,Yes,Yes
M22_16S_g24_A08,March,WAKMP,wheat,B15,p003,M22_2461,Jointing,3/10/23,USG3540,individual,oldest_healthy,sample,24,6,5,NA,NA,NA,NA,NA,22.32,35.732941,-78.701558,31,12.7,324,6,4,0,3,4.55,0.52,3.12,0.57,0.13,0.3,71.8,47.4,25.6,3.73,3.51,0.01,10.8,0.41,1.19,6,66,2,4.9,538,83,673,42,19,29.4,12.4,0.9,0.1,wheat_March,wheat,Yes,Yes
M22_16S_g24_A10,April,LENVT,wheat,363,p002,M22_0063,Heading,4/20/23,Hilliard,individual,oldest_healthy,sample,24,6,5,7.25,66,58.9,43.1,NA,10.4,35.377256,-77.560338,82,16.4,335,2,3,1,NA,4.05,0.13,1.34,0.36,0.15,0.23,69.7,43.6,22.2,8.65,3.64,0.01,17.5,0.32,1.16,3.7,70,1.1,5.5,47,117,350,63,16,15.4,3.5,0.6,0.1,wheat_April,wheat,Yes,Yes
M22_16S_g24_B09,March,ROBVT,wheat,562,p003,M22_1889,Jointing,3/21/23,Hilliard,individual,oldest_healthy,sample,24,6,5,NA,NA,NA,NA,NA,20.86,34.511964,-79.308017,19.5,14.7,239,0,3,0,NA,4.06,0.33,3.09,0.35,0.12,0.23,58.5,49.3,24.7,4.84,3.3,0,9.87,0.92,1.05,6.2,69,2,5.3,271,74,684,81,19,22.9,7.6,1.4,0.1,wheat_March,wheat,Yes,Yes
M22_16S_g24_C02,April,WASVT,wheat,318,p005,M22_1385,Heading,5/9/23,Hilliard,individual,oldest_healthy,sample,24,6,5,14.19,79,57.4,86.7,NA,21.1,35.849584,-76.657093,89,16.2,364,0,0,0,NA,2.82,0.18,1.21,0.51,0.29,0.15,91.7,149,12.2,5.57,3.83,0.01,38.4,3.28,0.99,11.5,77,2.7,5.6,81,100,1190,316,16,3.1,0.9,0.8,0.1,wheat_April,wheat,Yes,Yes
M22_16S_g24_C03,March,WAKMP,wheat,B11,p001,M22_2439,Jointing,3/10/23,Catawba,individual,oldest_healthy,sample,24,6,5,NA,NA,NA,NA,NA,23.1,35.732396,-78.701534,12.4,12.7,324,5,5,0,0,3.88,0.36,2.44,0.39,0.11,0.22,63.3,55.5,20.4,2.04,2.49,0.01,9.24,0.66,1.02,4.1,50,2,4.8,269,66,319,35,18,19.2,6.8,0.6,0,wheat_March,wheat,Yes,Yes
M22_16S_g24_C05,March,WASVT,wheat,461,p001,M22_2639,Jointing,3/27/23,Hilliard,individual,oldest_healthy,sample,24,6,5,15.02,77,56.2,92.1,NA,22.6,35.849539,-76.657698,32.5,13.2,293,0,0,0,NA,4.03,0.31,1.93,0.41,0.21,0.2,64.5,41.7,17.5,8.98,4,0.01,9.16,2.44,0.96,11.4,81,2.1,5.9,93,55,1235,360,18,2.9,0.9,0.9,0.2,wheat_March,wheat,Yes,Yes
M22_16S_g24_D02,April,WAKMP,wheat,B06,p003,M22_1128,Heading,4/19/23,Hilliard,individual,oldest_healthy,sample,24,6,5,NA,NA,NA,NA,NA,21.6,35.732944,-78.701535,85,16,419,3,5,0,0,3.91,0.31,1.77,0.83,0.18,0.26,70.1,113,30.1,3.95,3.91,0.01,10.9,0.32,1.09,8.2,80,1.7,5.4,651,69,1175,63,20,32,16.8,1.5,0.1,wheat_April,wheat,Yes,Yes
M22_16S_g24_E05,March,WAKMP,wheat,B03,p002,M22_2410,Jointing,3/10/23,Catawba,individual,oldest_healthy,sample,24,6,5,NA,NA,NA,NA,NA,25.8,35.733357,-78.701549,14.3,12.7,324,4,4,0,0,3.53,0.53,3.36,0.38,0.09,0.22,100,54.6,21.2,4.18,2.92,0.01,11.7,0.36,1.19,7.9,78,1.7,5.3,632,95,1085,60,18,34,14.6,1.5,0.1,wheat_March,wheat,Yes,Yes
M22_16S_g24_F12,April,LENVT,wheat,272,p003,M22_0059,Heading,4/20/23,Hilliard,individual,oldest_healthy,sample,24,6,5,7.25,62,59.3,43.1,NA,9.8,35.3776,-77.560296,77,16.4,335,2,4,2,NA,4.01,0.13,1.57,0.41,0.15,0.27,70.2,19.6,20,8.26,3.11,0.01,11.3,0.46,1.15,5,81,1,6,60,123,611,84,18,17,4.8,0.8,0.1,wheat_April,wheat,Yes,Yes
M22_16S_g24_H04,March,ROWVT,wheat,360,p004,M22_2058,Jointing,3/15/23,Hilliard,individual,oldest_healthy,sample,24,6,5,14.35,90,56,83.7,NA,33.74,35.697066,-80.623263,17.8,11.7,390,0,2,0,1,4.67,0.48,1.87,0.72,0.26,0.34,71.3,148,22.5,8.03,3.58,0.01,3.27,0.32,0.94,7.8,76,1.9,5.8,238,62,803,217,28,363.7,10.5,4,0.1,wheat_March,wheat,Yes,Yes
M22_16S_g24_H06,March,WASVT,wheat,558,p002,M22_2645,Jointing,3/27/23,Hilliard,individual,oldest_healthy,sample,24,6,5,12.96,67,56.2,79.5,NA,22.84,35.849563,-76.65811,31.3,13.2,293,0,1,0,NA,4.26,0.28,2.55,0.34,0.19,0.22,67.5,43,18.3,7.7,3.82,0.01,7.61,2.84,0.97,11.5,81,2.2,5.8,107,68,1226,363,16,2,1,0.9,0.1,wheat_March,wheat,Yes,Yes
M22_16S_g25_A07,March,ROWVT,wheat,429,p005,M22_2064,Jointing,3/15/23,Hilliard,individual,oldest_healthy,sample,25,7,5,12.99,94,56.6,76,NA,30.4,35.697219,-80.623181,18,11.7,390,0,5,0,2,4.84,0.46,1.83,0.63,0.23,0.33,66.5,138,23.6,8.4,3.42,0.01,3.88,0.32,0.89,7.8,70,2.3,5.5,332,66,708,213,30,369.6,10.5,3.8,0.1,wheat_March,wheat,Yes,Yes
M22_16S_g25_B05,April,PERVT,wheat,434,p005,M22_0291,Heading,5/5/23,Hilliard,individual,oldest_healthy,sample,25,7,5,14.7,96,58.2,87.5,9,22.4,36.180107,-76.359772,96,15.7,361,1,5,0,NA,2.69,0.19,1.53,0.57,0.22,0.15,96.9,58,13.3,5.69,3.82,0,17.2,0.51,0.92,5.3,80,1.1,5.5,54,76,600,122,11,9.2,2.3,1.3,0.1,wheat_April,wheat,Yes,Yes
M22_16S_g25_D04,March,ROBVT,wheat,251,p004,M22_1875,Jointing,3/21/23,Hilliard,individual,oldest_healthy,sample,25,7,5,NA,NA,NA,NA,NA,20.32,34.511764,-79.306745,5.1,14.7,239,1,3,0,NA,4.25,0.29,2.63,0.27,0.13,0.15,46.7,35.2,24.8,6.6,3.21,0,7.47,0.41,1.21,3.4,71,1,5.7,115,65,339,64,12,7.2,2.7,2.7,0.1,wheat_March,wheat,Yes,Yes
M22_16S_g25_G08,March,LENVT,wheat,363,p004,M22_1552,Jointing,3/14/23,Hilliard,individual,oldest_healthy,sample,25,7,5,7.25,66,58.9,43.1,NA,19.34,35.377256,-77.560338,14,13.4,268,2,3,1,NA,4.1,0.13,3.95,0.25,0.1,0.25,54.8,58,25.4,6.84,2.92,0.01,11.5,0.46,1.14,3.9,59,1.6,5.2,50,129,304,54,22,14.6,3.2,0.5,0.1,wheat_March,wheat,Yes,Yes
M22_16S_g25_G09,April,UNIVT,wheat,201,p004,M22_0921,Heading,4/28/23,Hilliard,individual,oldest_healthy,sample,25,7,5,17.55,86,60,102.6374317,9,7.4,34.948831,-80.424662,98,16.4,407,0,2,0,0,3.26,0.24,1.5,0.79,0.18,0.18,76.3,42.2,16.7,6.83,12.2,0.01,10.7,0.36,0.83,13.7,90,1.3,6.4,305,87,2263,108,24,37.9,14.2,10.3,0.1,wheat_April,wheat,Yes,Yes
M22_16S_g25_H02,March,WASVT,wheat,461,p003,M22_2641,Jointing,3/27/23,Hilliard,individual,oldest_healthy,sample,25,7,5,15.02,77,56.2,92.1,NA,22.6,35.849539,-76.657698,31,13.2,293,0,0,0,NA,4.03,0.31,1.93,0.41,0.21,0.2,64.5,41.7,17.5,8.98,4,0.01,9.16,2.44,0.96,11.4,81,2.1,5.9,93,55,1235,360,18,2.9,0.9,0.9,0.2,wheat_March,wheat,Yes,Yes
M22_16S_g25_H12,March,ROWVT,wheat,227,p004,M22_2053,Jointing,3/15/23,Hilliard,individual,oldest_healthy,sample,25,7,5,12.59,92,55,71.5,NA,37.32,35.696813,-80.623607,17.4,11.7,390,2,5,0,2,4.68,0.44,1.65,0.82,0.3,0.34,74.3,126,25.2,10.6,3.83,0.01,7.32,0.36,0.82,8.5,83,1.4,6.1,225,58,943,269,28,227.9,13.2,4.1,0.1,wheat_March,wheat,Yes,Yes
M22_16S_g26_B05,March,UNIVT,wheat,510,p004,M22_2255,Jointing,3/20/23,Hilliard,individual,oldest_healthy,sample,26,7,5,17.38,94,60.4,102.5768002,NA,37.54,34.947817,-80.424514,21,13.1,313,0,2,0,0,3.62,0.35,1.92,0.63,0.11,0.21,78.4,60.1,15,6.12,5.22,0.01,10.7,0.36,0.81,13.1,92,1,6.5,239,56,2260,83,27,74.4,13.4,10.8,0.2,wheat_March,wheat,Yes,Yes
M22_16S_g26_B12,March,LENVT,wheat,566,p001,M22_1559,Jointing,3/14/23,Hilliard,individual,oldest_healthy,sample,26,7,5,7.35,55,58.7,43.7,NA,22.86,35.376646,-77.559983,19,13.4,268,2,5,0,NA,4.23,0.16,4.11,0.34,0.12,0.25,59.3,18.2,19.7,6.63,2.97,0.01,6.73,0.97,0.91,7.4,86,1,6.1,84,233,898,156,34,17.1,8.4,0.9,0.1,wheat_March,wheat,Yes,Yes
M22_16S_g26_C06,March,WASVT,wheat,251,p005,M22_2633,Jointing,3/27/23,Hilliard,individual,oldest_healthy,sample,26,7,5,11.83,69,55.9,71.4,NA,20.18,35.849402,-76.656793,22,13.2,293,0,0,0,NA,4.18,0.22,3.16,0.31,0.15,0.2,73.9,63.3,23.9,8.82,3.6,0.01,32.3,3.87,0.93,10.6,72,2.9,5.3,65,87,1092,240,18,3.9,1.5,0.7,0.1,wheat_March,wheat,Yes,Yes
M22_16S_g26_C08,April,WASVT,wheat,558,p001,M22_1391,Heading,5/9/23,Hilliard,individual,oldest_healthy,sample,26,7,5,12.96,67,56.2,79.5,NA,17.2,35.849563,-76.65811,84,16.2,364,0,1,0,NA,2.9,0.15,1.05,0.64,0.37,0.2,94.7,84.3,11.4,6.61,4.49,0.01,48.9,3.57,1.01,11.2,80,2.2,5.8,92,78,1183,347,11,1.6,0.8,0.8,0.1,wheat_April,wheat,Yes,Yes
M22_16S_g26_D06,March,ROBVT,wheat,562,p004,M22_1890,Jointing,3/21/23,Hilliard,individual,oldest_healthy,sample,26,7,5,NA,NA,NA,NA,NA,20.86,34.511964,-79.308017,27,14.7,239,0,3,0,NA,4.06,0.33,3.09,0.35,0.12,0.23,58.5,49.3,24.7,4.84,3.3,0,9.87,0.92,1.05,6.2,69,2,5.3,271,74,684,81,19,22.9,7.6,1.4,0.1,wheat_March,wheat,Yes,Yes
M22_16S_g26_F01,March,WAKMP,wheat,B03,p004,M22_2412,Jointing,3/10/23,Catawba,individual,oldest_healthy,sample,26,7,5,NA,NA,NA,NA,NA,25.8,35.733357,-78.701549,14.5,12.7,324,4,4,0,0,3.53,0.53,3.36,0.38,0.09,0.22,100,54.6,21.2,4.18,2.92,0.01,11.7,0.36,1.19,7.9,78,1.7,5.3,632,95,1085,60,18,34,14.6,1.5,0.1,wheat_March,wheat,Yes,Yes
M22_16S_g26_F07,April,UNIVT,wheat,201,p001,M22_0918,Heading,4/28/23,Hilliard,individual,oldest_healthy,sample,26,7,5,17.55,86,60,102.6374317,9,9.8,34.948831,-80.424662,101,16.4,407,0,2,0,0,3.26,0.24,1.5,0.79,0.18,0.18,76.3,42.2,16.7,6.83,12.2,0.01,10.7,0.36,0.83,13.7,90,1.3,6.4,305,87,2263,108,24,37.9,14.2,10.3,0.1,wheat_April,wheat,Yes,Yes
M22_16S_g26_G01,March,LENVT,wheat,566,p002,M22_1560,Jointing,3/14/23,Hilliard,individual,oldest_healthy,sample,26,7,5,7.35,55,58.7,43.7,NA,22.86,35.376646,-77.559983,14,13.4,268,2,5,0,NA,4.23,0.16,4.11,0.34,0.12,0.25,59.3,18.2,19.7,6.63,2.97,0.01,6.73,0.97,0.91,7.4,86,1,6.1,84,233,898,156,34,17.1,8.4,0.9,0.1,wheat_March,wheat,Yes,Yes
M22_16S_g26_G02,March,WAKMP,wheat,B03,p001,M22_2409,Jointing,3/10/23,Catawba,individual,oldest_healthy,sample,26,7,5,NA,NA,NA,NA,NA,25.8,35.733357,-78.701549,22.4,12.7,324,4,4,0,0,3.53,0.53,3.36,0.38,0.09,0.22,100,54.6,21.2,4.18,2.92,0.01,11.7,0.36,1.19,7.9,78,1.7,5.3,632,95,1085,60,18,34,14.6,1.5,0.1,wheat_March,wheat,Yes,Yes
M22_16S_g26_G04,March,PERVT,wheat,434,p003,M22_1706,Jointing,3/28/23,Hilliard,individual,oldest_healthy,sample,26,7,5,14.7,96,58.2,87.5,9,28.84,36.180107,-76.359772,34.7,12.8,295,1,5,0,NA,3.43,0.41,3,0.39,0.16,0.2,82.3,63.9,22,5.89,3.27,0.01,7.23,0.32,0.75,5.7,80,1.1,5.7,81,83,652,141,17,11.2,2.5,1.2,0.2,wheat_March,wheat,Yes,Yes
M22_16S_g26_G06,March,ROBVT,wheat,251,p002,M22_1873,Jointing,3/21/23,Hilliard,individual,oldest_healthy,sample,26,7,5,NA,NA,NA,NA,NA,20.32,34.511764,-79.306745,12.5,14.7,239,1,3,0,NA,4.25,0.29,2.63,0.27,0.13,0.15,46.7,35.2,24.8,6.6,3.21,0,7.47,0.41,1.21,3.4,71,1,5.7,115,65,339,64,12,7.2,2.7,2.7,0.1,wheat_March,wheat,Yes,Yes
M22_16S_g26_G09,April,UNIVT,wheat,309,p004,M22_0926,Heading,4/28/23,Hilliard,individual,oldest_healthy,sample,26,7,5,16.39,89,59.6,96.7338179,8.6,12.1,34.94846,-80.424713,93,16.4,407,0,1,0,0,3.17,0.26,1.55,0.7,0.18,0.18,81,41.9,14.8,6.9,10.1,0.01,7.65,0.41,0.85,11.2,88,1.4,6.3,188,65,1784,89,22,47.8,9.6,8.5,0.1,wheat_April,wheat,Yes,Yes
M22_16S_g27_A01,April,ROWVT,wheat,577,p004,M22_0709,Heading,4/27/23,Hilliard,individual,oldest_healthy,sample,27,7,5,10.87,90,54.5,63.8,NA,13.9,35.697639,-80.623136,91,15,469,0,4,0,2,3.69,0.27,1.06,1.19,0.34,0.25,76,198,21.6,8.38,4.6,0.01,9.42,0.27,0.92,8,81,1.5,6,226,73,855,241,18,214.3,10.3,4,0.1,wheat_April,wheat,Yes,Yes
M22_16S_g27_A08,March,WAKMP,wheat,B06,p003,M22_2421,Jointing,3/10/23,Hilliard,individual,oldest_healthy,sample,27,7,5,NA,NA,NA,NA,NA,25.14,35.732944,-78.701535,12.8,12.7,324,3,5,0,0,3.82,0.43,2.63,0.5,0.1,0.23,63.9,64.3,25.1,4.4,2.68,0.01,11.3,0.76,1.19,6.8,72,1.9,5.1,570,86,868,48,17,32.3,13.7,1.1,0.1,wheat_March,wheat,Yes,Yes
M22_16S_g27_B01,March,WAKMP,wheat,B12,p002,M22_2445,Jointing,3/10/23,Shirley,individual,oldest_healthy,sample,27,7,5,NA,NA,NA,NA,NA,23.88,35.732535,-78.701539,14,12.7,324,4,4,0,0,4.24,0.42,3.3,0.34,0.09,0.26,78,56.4,29.4,3.44,2.6,0,8.08,0.6,1.09,4.7,59,1.9,5,319,90,431,50,17,22.6,9.4,0.7,0,wheat_March,wheat,Yes,Yes
M22_16S_g27_D04,April,LENVT,wheat,363,p003,M22_0064,Heading,4/20/23,Hilliard,individual,oldest_healthy,sample,27,7,5,7.25,66,58.9,43.1,NA,11,35.377256,-77.560338,85,16.4,335,2,3,1,NA,4.05,0.13,1.34,0.36,0.15,0.23,69.7,43.6,22.2,8.65,3.64,0.01,17.5,0.32,1.16,3.7,70,1.1,5.5,47,117,350,63,16,15.4,3.5,0.6,0.1,wheat_April,wheat,Yes,Yes
M22_16S_g27_E04,April,UNIVT,wheat,510,p002,M22_0934,Heading,4/28/23,Hilliard,individual,oldest_healthy,sample,27,7,5,17.38,94,60.4,102.5768002,NA,15.7,34.947817,-80.424514,97,16.4,407,0,2,0,0,3.3,0.25,1.43,0.86,0.18,0.21,74.3,59.3,16,7.18,8.23,0.01,8.87,0.32,0.8,13.1,91,1.2,6.5,202,66,2211,77,34,59.8,14.2,9.5,0.2,wheat_April,wheat,Yes,Yes
M22_16S_g27_E08,April,UNIVT,wheat,309,p001,M22_0923,Heading,4/28/23,Hilliard,individual,oldest_healthy,sample,27,7,5,16.39,89,59.6,96.7338179,8.6,7.7,34.94846,-80.424713,91,16.4,407,0,1,0,0,3.17,0.26,1.55,0.7,0.18,0.18,81,41.9,14.8,6.9,10.1,0.01,7.65,0.41,0.85,11.2,88,1.4,6.3,188,65,1784,89,22,47.8,9.6,8.5,0.1,wheat_April,wheat,Yes,Yes
M22_16S_g27_F05,March,WASVT,wheat,251,p002,M22_2630,Jointing,3/27/23,Hilliard,individual,oldest_healthy,sample,27,7,5,11.83,69,55.9,71.4,NA,20.18,35.849402,-76.656793,19.6,13.2,293,0,0,0,NA,4.18,0.22,3.16,0.31,0.15,0.2,73.9,63.3,23.9,8.82,3.6,0.01,32.3,3.87,0.93,10.6,72,2.9,5.3,65,87,1092,240,18,3.9,1.5,0.7,0.1,wheat_March,wheat,Yes,Yes
M22_16S_g27_G06,March,WAKMP,wheat,B03,p005,M22_2413,Jointing,3/10/23,Catawba,individual,oldest_healthy,sample,27,7,5,NA,NA,NA,NA,NA,25.8,35.733357,-78.701549,19.5,12.7,324,4,4,0,0,3.53,0.53,3.36,0.38,0.09,0.22,100,54.6,21.2,4.18,2.92,0.01,11.7,0.36,1.19,7.9,78,1.7,5.3,632,95,1085,60,18,34,14.6,1.5,0.1,wheat_March,wheat,Yes,Yes
M22_16S_g27_G08,March,WAKMP,wheat,B09,p003,M22_2436,Jointing,3/10/23,Hilliard,individual,oldest_healthy,sample,27,7,5,NA,NA,NA,NA,NA,23.1,35.732532,-78.701518,16,12.7,324,2,5,0,0,3.86,0.4,3.31,0.43,0.1,0.25,65.1,65.1,27.4,2.93,2.91,0,12.8,0.56,1.16,4.6,55,2.1,4.7,355,86,388,44,17,23.6,7.9,0.7,0.1,wheat_March,wheat,Yes,Yes
M22_16S_g27_H02,March,UNIVT,wheat,309,p002,M22_2243,Jointing,3/20/23,Hilliard,individual,oldest_healthy,sample,27,7,5,16.39,89,59.6,96.7338179,8.6,33.68,34.94846,-80.424713,14,13.1,313,0,1,0,0,3.55,0.34,2.25,0.7,0.11,0.21,77.7,65.3,17.8,4.8,5.22,0.01,8.06,0.6,0.87,10.9,89,1.2,6.3,207,62,1781,90,23,49.5,9.1,8.8,0.1,wheat_March,wheat,Yes,Yes
M22_16S_g27_H08,April,PERVT,wheat,434,p002,M22_0280,Heading,5/5/23,Hilliard,individual,oldest_healthy,sample,27,7,5,14.7,96,58.2,87.5,9,24.1,36.180107,-76.359772,103,15.7,361,1,5,0,NA,2.69,0.19,1.53,0.57,0.22,0.15,96.9,58,13.3,5.69,3.82,0,17.2,0.51,0.92,5.3,80,1.1,5.5,54,76,600,122,11,9.2,2.3,1.3,0.1,wheat_April,wheat,Yes,Yes
M22_16S_g28_A01,April,UNIVT,wheat,510,p003,M22_0935,Heading,4/28/23,Hilliard,individual,oldest_healthy,sample,28,7,5,17.38,94,60.4,102.5768002,NA,13.8,34.947817,-80.424514,95,16.4,407,0,2,0,0,3.3,0.25,1.43,0.86,0.18,0.21,74.3,59.3,16,7.18,8.23,0.01,8.87,0.32,0.8,13.1,91,1.2,6.5,202,66,2211,77,34,59.8,14.2,9.5,0.2,wheat_April,wheat,Yes,Yes
M22_16S_g28_A02,March,ROWVT,wheat,227,p005,M22_2054,Jointing,3/15/23,Hilliard,individual,oldest_healthy,sample,28,7,5,12.59,92,55,71.5,NA,37.32,35.696813,-80.623607,18.8,11.7,390,2,5,0,2,4.68,0.44,1.65,0.82,0.3,0.34,74.3,126,25.2,10.6,3.83,0.01,7.32,0.36,0.82,8.5,83,1.4,6.1,225,58,943,269,28,227.9,13.2,4.1,0.1,wheat_March,wheat,Yes,Yes
M22_16S_g28_A08,April,LENVT,wheat,363,p001,M22_0062,Heading,4/20/23,Hilliard,individual,oldest_healthy,sample,28,7,5,7.25,66,58.9,43.1,NA,10.1,35.377256,-77.560338,79,16.4,335,2,3,1,NA,4.05,0.13,1.34,0.36,0.15,0.23,69.7,43.6,22.2,8.65,3.64,0.01,17.5,0.32,1.16,3.7,70,1.1,5.5,47,117,350,63,16,15.4,3.5,0.6,0.1,wheat_April,wheat,Yes,Yes
M22_16S_g28_B12,April,WAKMP,wheat,B14,p005,M22_1140,Heading,4/19/23,Hilliard,individual,oldest_healthy,sample,28,7,5,NA,NA,NA,NA,NA,22,35.732807,-78.701551,92,16,419,3,5,0,0,3.68,0.29,1.67,0.81,0.17,0.22,67.3,120,28.5,4.35,3.78,0,18.7,0.51,1.11,5.5,64,2,4.9,451,52,619,38,20,29.2,11,0.8,0.1,wheat_April,wheat,Yes,Yes
M22_16S_g28_C01,April,PERVT,wheat,553,p001,M22_0292,Heading,5/5/23,Hilliard,individual,oldest_healthy,sample,28,7,5,14.67,93,58.5,88.2,NA,22.6,36.180444,-76.359931,96,15.7,361,2,5,0,NA,3.12,0.18,1.42,0.78,0.26,0.18,83,87,15.8,7.02,3.47,0,20.4,0.41,0.93,5,74,1.3,5.3,59,70,520,112,16,8.2,2.2,1.1,0.2,wheat_April,wheat,Yes,Yes
M22_16S_g28_C10,April,WASVT,wheat,558,p002,M22_1392,Heading,5/9/23,Hilliard,individual,oldest_healthy,sample,28,7,5,12.96,67,56.2,79.5,NA,18.5,35.849563,-76.65811,83,16.2,364,0,1,0,NA,2.9,0.15,1.05,0.64,0.37,0.2,94.7,84.3,11.4,6.61,4.49,0.01,48.9,3.57,1.01,11.2,80,2.2,5.8,92,78,1183,347,11,1.6,0.8,0.8,0.1,wheat_April,wheat,Yes,Yes
M22_16S_g28_D01,March,WASVT,wheat,318,p004,M22_2637,Jointing,3/27/23,Hilliard,individual,oldest_healthy,sample,28,7,5,14.19,79,57.4,86.7,NA,24.9,35.849584,-76.657093,29.5,13.2,293,0,0,0,NA,4.06,0.32,2.75,0.28,0.15,0.19,66.4,73.7,21,7.81,3.37,0.01,9.34,3.67,0.9,11.2,75,2.8,5.5,104,103,1138,294,21,3.8,1.2,0.9,0.2,wheat_March,wheat,Yes,Yes
M22_16S_g28_D06,April,PERVT,wheat,219,p004,M22_0272,Heading,5/5/23,Hilliard,individual,oldest_healthy,sample,28,7,5,14.95,97,58.6,89.5,8.9,22.5,36.179719,-76.359099,92,15.7,361,1,6,0,NA,2.63,0.18,1.36,0.68,0.26,0.15,77.6,19.4,13.3,6.51,3.39,0.01,17.6,0.36,0.91,6.3,87,0.8,6.1,55,56,797,172,11,9.5,2.9,1.7,0.1,wheat_April,wheat,Yes,Yes
M22_16S_g28_E06,March,WAKMP,wheat,B07,p003,M22_2426,Jointing,3/10/23,USG3640,individual,oldest_healthy,sample,28,7,5,NA,NA,NA,NA,NA,21.94,35.732811,-78.701528,31.5,12.7,324,5,6,0,3,3.39,0.71,3.04,0.8,0.13,0.3,60.9,109,31.3,4.07,3.09,0,18.9,0.51,1.15,5.9,63,2.2,4.7,528,69,647,41,21,31.1,10.9,0.9,0.1,wheat_March,wheat,Yes,Yes
M22_16S_g28_E07,April,LENVT,wheat,566,p001,M22_0072,Heading,4/20/23,Hilliard,individual,oldest_healthy,sample,28,7,5,7.35,55,58.7,43.7,NA,10.4,35.376646,-77.559983,78,16.4,335,2,5,0,NA,3.81,0.18,1.69,0.44,0.15,0.24,76.4,15.5,18.9,7.82,3.25,0.01,19.1,0.81,1.1,7.3,87,0.9,6.4,75,194,929,157,23,16.1,8.9,1,0.1,wheat_April,wheat,Yes,Yes
M22_16S_g28_G05,April,ROWVT,wheat,360,p004,M22_0699,Heading,4/27/23,Hilliard,individual,oldest_healthy,sample,28,7,5,14.35,90,56,83.7,NA,9.3,35.697066,-80.623263,96,15,469,0,2,0,1,3.46,0.26,1.04,1.06,0.33,0.25,70.2,195,22,7.09,4.52,0.01,11.1,0.36,0.94,8.2,81,1.5,6.1,209,64,907,242,19,292.3,11.7,3.9,0.1,wheat_April,wheat,Yes,Yes
M22_16S_g28_H02,March,LENVT,wheat,566,p005,M22_1563,Jointing,3/14/23,Hilliard,individual,oldest_healthy,sample,28,7,5,7.35,55,58.7,43.7,NA,22.86,35.376646,-77.559983,15,13.4,268,2,5,0,NA,4.23,0.16,4.11,0.34,0.12,0.25,59.3,18.2,19.7,6.63,2.97,0.01,6.73,0.97,0.91,7.4,86,1,6.1,84,233,898,156,34,17.1,8.4,0.9,0.1,wheat_March,wheat,Yes,Yes
M22_16S_g29_A11,March,WAKMP,wheat,B13,p003,M22_2451,Jointing,3/10/23,Catawba,individual,oldest_healthy,sample,29,8,5,NA,NA,NA,NA,NA,24.7,35.732666,-78.701547,18.9,12.7,324,5,4,0,0,4.17,0.42,2.76,0.49,0.11,0.24,65.4,65.9,22.2,2.51,2.77,0.01,12.7,0.56,1.21,4.6,59,1.9,4.8,373,67,445,34,18,23.4,8.1,0.6,0,wheat_March,wheat,Yes,Yes
M22_16S_g29_D02,March,WAKMP,wheat,B08,p003,M22_2431,Jointing,3/10/23,Shirley,individual,oldest_healthy,sample,29,8,5,NA,NA,NA,NA,NA,20.62,35.732671,-78.701523,9.6,12.7,324,3,4,0,0,3.64,0.42,2.53,0.58,0.11,0.24,64.5,86.1,26.2,3.62,2.71,0,9.8,0.51,1.18,4.6,59,1.9,4.8,401,68,467,31,18,25.9,8.4,0.7,0.1,wheat_March,wheat,Yes,Yes
M22_16S_g29_E06,April,ROBVT,wheat,407,p001,M22_0499,Heading,4/24/23,Hilliard,individual,oldest_healthy,sample,29,8,5,NA,NA,NA,NA,NA,2.8,34.511862,-79.307337,75,18.1,296,1,3,0,NA,3.4,0.21,1.53,0.44,0.18,0.17,61.1,20.6,15.6,6.31,4.12,0,7.66,0.32,1.26,4.7,82,0.8,6.2,83,53,559,113,9,10,4.5,0.7,0,wheat_April,wheat,Yes,Yes
M22_16S_g29_F03,March,UNIVT,wheat,430,p005,M22_2251,Jointing,3/20/23,Hilliard,individual,oldest_healthy,sample,29,8,5,17.46,102,59.1,102.8144917,8.8,36.14,34.948124,-80.424406,23,13.1,313,0,3,0,0,3.86,0.39,2.17,0.66,0.1,0.21,95.4,73,18.8,5.82,5.48,0.01,32.6,0.56,0.83,11.4,88,1.3,6.1,246,64,1863,78,23,66.7,12.3,8.5,0.1,wheat_March,wheat,Yes,Yes
M22_16S_g29_F08,March,WASVT,wheat,318,p003,M22_2636,Jointing,3/27/23,Hilliard,individual,oldest_healthy,sample,29,8,5,14.19,79,57.4,86.7,NA,24.9,35.849584,-76.657093,35.2,13.2,293,0,0,0,NA,4.06,0.32,2.75,0.28,0.15,0.19,66.4,73.7,21,7.81,3.37,0.01,9.34,3.67,0.9,11.2,75,2.8,5.5,104,103,1138,294,21,3.8,1.2,0.9,0.2,wheat_March,wheat,Yes,Yes
M22_16S_g29_F10,April,PERVT,wheat,553,p002,M22_0293,Heading,5/5/23,Hilliard,individual,oldest_healthy,sample,29,8,5,14.67,93,58.5,88.2,NA,22.9,36.180444,-76.359931,97,15.7,361,2,5,0,NA,3.12,0.18,1.42,0.78,0.26,0.18,83,87,15.8,7.02,3.47,0,20.4,0.41,0.93,5,74,1.3,5.3,59,70,520,112,16,8.2,2.2,1.1,0.2,wheat_April,wheat,Yes,Yes
M22_16S_g29_G08,March,WAKMP,wheat,B09,p005,M22_2438,Jointing,3/10/23,Hilliard,individual,oldest_healthy,sample,29,8,5,NA,NA,NA,NA,NA,23.1,35.732532,-78.701518,16.8,12.7,324,2,5,0,0,3.86,0.4,3.31,0.43,0.1,0.25,65.1,65.1,27.4,2.93,2.91,0,12.8,0.56,1.16,4.6,55,2.1,4.7,355,86,388,44,17,23.6,7.9,0.7,0.1,wheat_March,wheat,Yes,Yes
M22_16S_g30_A12,April,PERVT,wheat,434,p001,M22_0279,Heading,5/5/23,Hilliard,individual,oldest_healthy,sample,30,8,5,14.7,96,58.2,87.5,9,22,36.180107,-76.359772,102,15.7,361,1,5,0,NA,2.69,0.19,1.53,0.57,0.22,0.15,96.9,58,13.3,5.69,3.82,0,17.2,0.51,0.92,5.3,80,1.1,5.5,54,76,600,122,11,9.2,2.3,1.3,0.1,wheat_April,wheat,Yes,Yes
M22_16S_g30_C10,March,PERVT,wheat,374,p003,M22_1701,Jointing,3/28/23,Hilliard,individual,oldest_healthy,sample,30,8,5,15.73,101,59,94.5,9.4,30.14,36.180019,-76.359592,26.8,12.8,295,1,4,0,NA,4.11,0.36,2.2,0.41,0.18,0.23,76.6,35.2,22.3,6.16,3.8,0.01,6.26,0.27,0.77,6.9,85,1,6,76,56,859,172,16,12.8,2.4,1.2,0.1,wheat_March,wheat,Yes,Yes
M22_16S_g30_C11,March,ROWVT,wheat,429,p003,M22_2062,Jointing,3/15/23,Hilliard,individual,oldest_healthy,sample,30,8,5,12.99,94,56.6,76,NA,30.4,35.697219,-80.623181,17.4,11.7,390,0,5,0,2,4.84,0.46,1.83,0.63,0.23,0.33,66.5,138,23.6,8.4,3.42,0.01,3.88,0.32,0.89,7.8,70,2.3,5.5,332,66,708,213,30,369.6,10.5,3.8,0.1,wheat_March,wheat,Yes,Yes
M22_16S_g30_D03,March,WAKMP,wheat,B07,p001,M22_2424,Jointing,3/10/23,USG3640,individual,oldest_healthy,sample,30,8,5,NA,NA,NA,NA,NA,21.94,35.732811,-78.701528,33.5,12.7,324,5,6,0,3,3.39,0.71,3.04,0.8,0.13,0.3,60.9,109,31.3,4.07,3.09,0,18.9,0.51,1.15,5.9,63,2.2,4.7,528,69,647,41,21,31.1,10.9,0.9,0.1,wheat_March,wheat,Yes,Yes
M22_16S_g30_D07,March,ROWVT,wheat,227,p002,M22_2051,Jointing,3/15/23,Hilliard,individual,oldest_healthy,sample,30,8,5,12.59,92,55,71.5,NA,37.32,35.696813,-80.623607,23.2,11.7,390,2,5,0,2,4.68,0.44,1.65,0.82,0.3,0.34,74.3,126,25.2,10.6,3.83,0.01,7.32,0.36,0.82,8.5,83,1.4,6.1,225,58,943,269,28,227.9,13.2,4.1,0.1,wheat_March,wheat,Yes,Yes
M22_16S_g30_E02,March,WASVT,wheat,251,p003,M22_2631,Jointing,3/27/23,Hilliard,individual,oldest_healthy,sample,30,8,5,11.83,69,55.9,71.4,NA,20.18,35.849402,-76.656793,20.3,13.2,293,0,0,0,NA,4.18,0.22,3.16,0.31,0.15,0.2,73.9,63.3,23.9,8.82,3.6,0.01,32.3,3.87,0.93,10.6,72,2.9,5.3,65,87,1092,240,18,3.9,1.5,0.7,0.1,wheat_March,wheat,Yes,Yes
M22_16S_g30_E06,April,LENVT,wheat,471,p001,M22_0067,Heading,4/20/23,Hilliard,individual,oldest_healthy,sample,30,8,5,5.68,51,59.2,33.9,NA,10.8,35.376978,-77.560024,66,16.4,335,2,4,0,NA,3.86,0.1,1.33,0.37,0.13,0.27,69.5,45.6,24.6,8.01,3.32,0.01,26.2,0.46,1.2,3.3,56,1.4,4.9,42,84,270,32,19,15.4,5.3,0.6,0.1,wheat_April,wheat,Yes,Yes
M22_16S_g30_E08,April,WAKMP,wheat,B06,p002,M22_1127,Heading,4/19/23,Hilliard,individual,oldest_healthy,sample,30,8,5,NA,NA,NA,NA,NA,25.8,35.732944,-78.701535,79,16,419,3,5,0,0,3.91,0.31,1.77,0.83,0.18,0.26,70.1,113,30.1,3.95,3.91,0.01,10.9,0.32,1.09,8.2,80,1.7,5.4,651,69,1175,63,20,32,16.8,1.5,0.1,wheat_April,wheat,Yes,Yes
M22_16S_g30_F04,April,WASVT,wheat,251,p005,M22_1380,Heading,5/9/23,Hilliard,individual,oldest_healthy,sample,30,8,5,11.83,69,55.9,71.4,NA,18.2,35.849402,-76.656793,83,16.2,364,0,0,0,NA,2.98,0.12,1.16,0.52,0.26,0.15,78.7,94.3,13.8,6.25,4.27,0.01,31.2,4.32,0.95,10.2,73,2.7,5.4,55,91,1041,254,15,3.1,1.3,0.7,0.1,wheat_April,wheat,Yes,Yes
M22_16S_g30_F11,March,WAKMP,wheat,B06,p002,M22_2420,Jointing,3/10/23,Hilliard,individual,oldest_healthy,sample,30,8,5,NA,NA,NA,NA,NA,25.14,35.732944,-78.701535,15.7,12.7,324,3,5,0,0,3.82,0.43,2.63,0.5,0.1,0.23,63.9,64.3,25.1,4.4,2.68,0.01,11.3,0.76,1.19,6.8,72,1.9,5.1,570,86,868,48,17,32.3,13.7,1.1,0.1,wheat_March,wheat,Yes,Yes
M22_16S_g30_H11,March,UNIVT,wheat,201,p003,M22_2239,Jointing,3/20/23,Hilliard,individual,oldest_healthy,sample,30,8,5,17.55,86,60,102.6374317,9,31.94,34.948831,-80.424662,19,13.1,313,0,2,0,0,3.7,0.36,2.5,0.59,0.1,0.21,68.6,47.1,13.9,4.23,5.5,0.01,7.54,0.6,0.8,13.6,90,1.3,6.3,317,87,2255,102,27,43.9,13.8,10,0.1,wheat_March,wheat,Yes,Yes
M22_16S_g30_H12,March,ROWVT,wheat,577,p001,M22_2065,Jointing,3/15/23,Hilliard,individual,oldest_healthy,sample,30,8,5,10.87,90,54.5,63.8,NA,27.66,35.697639,-80.623136,21.4,11.7,390,0,4,0,2,4.48,0.43,2.35,0.56,0.2,0.32,71,128,22.1,8.49,3.48,0.01,5.61,0.27,0.83,7.6,78,1.6,5.8,224,72,768,236,25,279,11.6,4.3,0.1,wheat_March,wheat,Yes,Yes
M22_16S_g31_A06,March,PERVT,wheat,434,p002,M22_1705,Jointing,3/28/23,Hilliard,individual,oldest_healthy,sample,31,8,5,14.7,96,58.2,87.5,9,28.84,36.180107,-76.359772,33.3,12.8,295,1,5,0,NA,3.43,0.41,3,0.39,0.16,0.2,82.3,63.9,22,5.89,3.27,0.01,7.23,0.32,0.75,5.7,80,1.1,5.7,81,83,652,141,17,11.2,2.5,1.2,0.2,wheat_March,wheat,Yes,Yes
M22_16S_g31_A07,March,UNIVT,wheat,430,p004,M22_2250,Jointing,3/20/23,Hilliard,individual,oldest_healthy,sample,31,8,5,17.46,102,59.1,102.8144917,8.8,36.14,34.948124,-80.424406,16,,,0,3,0,0,3.86,0.39,2.17,0.66,0.1,0.21,95.4,73,18.8,5.82,5.48,0.01,32.6,0.56,0.83,11.4,88,1.3,6.1,246,64,1863,78,23,66.7,12.3,8.5,0.1,wheat_March,wheat,Yes,Yes
M22_16S_g31_A08,April,ROBVT,wheat,407,p002,M22_0500,Heading,4/24/23,Hilliard,individual,oldest_healthy,sample,31,8,5,NA,NA,NA,NA,NA,2.7,34.511862,-79.307337,82,18.1,296,1,3,0,NA,3.4,0.21,1.53,0.44,0.18,0.17,61.1,20.6,15.6,6.31,4.12,0,7.66,0.32,1.26,4.7,82,0.8,6.2,83,53,559,113,9,10,4.5,0.7,0,wheat_April,wheat,Yes,Yes
M22_16S_g31_B03,April,UNIVT,wheat,201,p002,M22_0919,Heading,4/28/23,Hilliard,individual,oldest_healthy,sample,31,8,5,17.55,86,60,102.6374317,9,7.4,34.948831,-80.424662,97,16.4,407,0,2,0,0,3.26,0.24,1.5,0.79,0.18,0.18,76.3,42.2,16.7,6.83,12.2,0.01,10.7,0.36,0.83,13.7,90,1.3,6.4,305,87,2263,108,24,37.9,14.2,10.3,0.1,wheat_April,wheat,Yes,Yes
M22_16S_g31_B10,March,WAKMP,wheat,B11,p002,M22_2440,Jointing,3/10/23,Catawba,individual,oldest_healthy,sample,31,8,5,NA,NA,NA,NA,NA,23.1,35.732396,-78.701534,11.1,12.7,324,5,5,0,0,3.88,0.36,2.44,0.39,0.11,0.22,63.3,55.5,20.4,2.04,2.49,0.01,9.24,0.66,1.02,4.1,50,2,4.8,269,66,319,35,18,19.2,6.8,0.6,0,wheat_March,wheat,Yes,Yes
M22_16S_g31_D01,April,ROWVT,wheat,227,p001,M22_0691,Heading,4/27/23,Hilliard,individual,oldest_healthy,sample,31,8,5,12.59,92,55,71.5,NA,14,35.696813,-80.623607,91,15,469,2,5,0,2,3.52,0.28,1,1.29,0.37,0.27,103,200,27,9.29,5.07,0.01,16.1,0.27,0.95,7.4,83,1.3,6,170,49,811,232,24,208,10.2,4.1,0.1,wheat_April,wheat,Yes,Yes
M22_16S_g31_D09,March,PERVT,wheat,553,p005,M22_1713,Jointing,3/28/23,Hilliard,individual,oldest_healthy,sample,31,8,5,14.67,93,58.5,88.2,NA,27.58,36.180444,-76.359931,29.5,12.8,295,2,5,0,NA,4.09,0.27,2.27,0.47,0.17,0.24,69.6,51.3,24.8,6.23,2.84,0.01,8.8,0.36,0.81,4.8,67,1.6,5.3,60,52,453,99,14,7.7,1.9,1,0.1,wheat_March,wheat,Yes,Yes
M22_16S_g31_E01,March,ROWVT,wheat,577,p004,M22_2068,Jointing,3/15/23,Hilliard,individual,oldest_healthy,sample,31,8,5,10.87,90,54.5,63.8,NA,27.66,35.697639,-80.623136,15.8,11.7,390,0,4,0,2,4.48,0.43,2.35,0.56,0.2,0.32,71,128,22.1,8.49,3.48,0.01,5.61,0.27,0.83,7.6,78,1.6,5.8,224,72,768,236,25,279,11.6,4.3,0.1,wheat_March,wheat,Yes,Yes
M22_16S_g31_E04,April,WASVT,wheat,318,p003,M22_1383,Heading,5/9/23,Hilliard,individual,oldest_healthy,sample,31,8,5,14.19,79,57.4,86.7,NA,21.3,35.849584,-76.657093,81,16.2,364,0,0,0,NA,2.82,0.18,1.21,0.51,0.29,0.15,91.7,149,12.2,5.57,3.83,0.01,38.4,3.28,0.99,11.5,77,2.7,5.6,81,100,1190,316,16,3.1,0.9,0.8,0.1,wheat_April,wheat,Yes,Yes
M22_16S_g31_F08,March,WAKMP,wheat,B08,p002,M22_2430,Jointing,3/10/23,Shirley,individual,oldest_healthy,sample,31,8,5,NA,NA,NA,NA,NA,20.62,35.732671,-78.701523,11.8,12.7,324,3,4,0,0,3.64,0.42,2.53,0.58,0.11,0.24,64.5,86.1,26.2,3.62,2.71,0,9.8,0.51,1.18,4.6,59,1.9,4.8,401,68,467,31,18,25.9,8.4,0.7,0.1,wheat_March,wheat,Yes,Yes
M22_16S_g31_F09,March,WASVT,wheat,318,p002,M22_2635,Jointing,3/27/23,Hilliard,individual,oldest_healthy,sample,31,8,5,14.19,79,57.4,86.7,NA,24.9,35.849584,-76.657093,37.6,13.2,293,0,0,0,NA,4.06,0.32,2.75,0.28,0.15,0.19,66.4,73.7,21,7.81,3.37,0.01,9.34,3.67,0.9,11.2,75,2.8,5.5,104,103,1138,294,21,3.8,1.2,0.9,0.2,wheat_March,wheat,Yes,Yes
M22_16S_g31_G08,March,ROWVT,wheat,360,p003,M22_2057,Jointing,3/15/23,Hilliard,individual,oldest_healthy,sample,31,8,5,14.35,90,56,83.7,NA,33.74,35.697066,-80.623263,16.8,11.7,390,0,2,0,1,4.67,0.48,1.87,0.72,0.26,0.34,71.3,148,22.5,8.03,3.58,0.01,3.27,0.32,0.94,7.8,76,1.9,5.8,238,62,803,217,28,363.7,10.5,4,0.1,wheat_March,wheat,Yes,Yes
M22_16S_g31_G10,April,LENVT,wheat,471,p002,M22_0068,Heading,4/20/23,Hilliard,individual,oldest_healthy,sample,31,8,5,5.68,51,59.2,33.9,NA,9.8,35.376978,-77.560024,68,16.4,335,2,4,0,NA,3.86,0.1,1.33,0.37,0.13,0.27,69.5,45.6,24.6,8.01,3.32,0.01,26.2,0.46,1.2,3.3,56,1.4,4.9,42,84,270,32,19,15.4,5.3,0.6,0.1,wheat_April,wheat,Yes,Yes
M22_16S_g01_B10,,,,,,M22_0089,,,,control,DNA_blank,neg_ctl,1,1,0.96,,,,,,,,,,,,,,,,,,,,,,,,,,,,,,,,,,,,,,,,,,,,,,,
M22_16S_g01_D10,,,,,,M22_0091,,,,control,DNA_blank,neg_ctl,1,1,1.54,,,,,,,,,,,,,,,,,,,,,,,,,,,,,,,,,,,,,,,,,,,,,,,
M22_16S_g01_D12,,,,,,M22_0092,,,,control,DNA_blank,neg_ctl,1,1,1.12,,,,,,,,,,,,,,,,,,,,,,,,,,,,,,,,,,,,,,,,,,,,,,,
M22_16S_g01_G01,,,,,,M22_0094,,,,control,DNA_blank,neg_ctl,1,1,0.1,,,,,,,,,,,,,,,,,,,,,,,,,,,,,,,,,,,,,,,,,,,,,,,
M22_16S_g01_G08,,,,,,M22_0095,,,,control,PCR1_blank,neg_ctl,1,1,5,,,,,,,,,,,,,,,,,,,,,,,,,,,,,,,,,,,,,,,,,,,,,,,
M22_16S_g01_G11,,,,,,M22_0096,,,,control,PCR2_blank,neg_ctl,1,1,0.1,,,,,,,,,,,,,,,,,,,,,,,,,,,,,,,,,,,,,,,,,,,,,,,
M22_16S_g02_A06,,,,,,M22_0185,,,,control,PCR2_blank,neg_ctl,2,1,0.1,,,,,,,,,,,,,,,,,,,,,,,,,,,,,,,,,,,,,,,,,,,,,,,
M22_16S_g02_B11,,,,,,M22_0187,,,,control,DNA_blank,neg_ctl,2,1,0.95,,,,,,,,,,,,,,,,,,,,,,,,,,,,,,,,,,,,,,,,,,,,,,,
M22_16S_g02_D06,,,,,,M22_0188,,,,control,DNA_blank,neg_ctl,2,1,2.32,,,,,,,,,,,,,,,,,,,,,,,,,,,,,,,,,,,,,,,,,,,,,,,
M22_16S_g02_E06,,,,,,M22_0189,,,,control,DNA_blank,neg_ctl,2,1,1.66,,,,,,,,,,,,,,,,,,,,,,,,,,,,,,,,,,,,,,,,,,,,,,,
M22_16S_g02_G11,,,,,,M22_0191,,,,control,PCR1_blank,neg_ctl,2,1,5,,,,,,,,,,,,,,,,,,,,,,,,,,,,,,,,,,,,,,,,,,,,,,,
M22_16S_g02_G12,,,,,,M22_0192,,,,control,DNA_blank,neg_ctl,2,1,5,,,,,,,,,,,,,,,,,,,,,,,,,,,,,,,,,,,,,,,,,,,,,,,
M22_16S_g03_B01,,,,,,M22_0281,,,,control,PCR1_blank,neg_ctl,3,1,5,,,,,,,,,,,,,,,,,,,,,,,,,,,,,,,,,,,,,,,,,,,,,,,
M22_16S_g03_B03,,,,,,M22_0282,,,,control,DNA_blank,neg_ctl,3,1,5,,,,,,,,,,,,,,,,,,,,,,,,,,,,,,,,,,,,,,,,,,,,,,,
M22_16S_g03_C02,,,,,,,,,,control,DNA_blank,neg_ctl,3,1,3.61,,,,,,,,,,,,,,,,,,,,,,,,,,,,,,,,,,,,,,,,,,,,,,,
M22_16S_g03_G04,,,,,,M22_0285,,,,control,DNA_blank,neg_ctl,3,1,4.15,,,,,,,,,,,,,,,,,,,,,,,,,,,,,,,,,,,,,,,,,,,,,,,
M22_16S_g03_G05,,,,,,M22_0286,,,,control,PCR2_blank,neg_ctl,3,1,0.1,,,,,,,,,,,,,,,,,,,,,,,,,,,,,,,,,,,,,,,,,,,,,,,
M22_16S_g03_G06,,,,,,M22_0287,,,,control,DNA_blank,neg_ctl,3,1,4.22,,,,,,,,,,,,,,,,,,,,,,,,,,,,,,,,,,,,,,,,,,,,,,,
M22_16S_g03_H04,,,,,,,,,,control,DNA_blank,neg_ctl,3,1,3.2,,,,,,,,,,,,,,,,,,,,,,,,,,,,,,,,,,,,,,,,,,,,,,,
M22_16S_g03_H10,,,,,,M22_0288,,,,control,DNA_blank,neg_ctl,3,1,4.74,,,,,,,,,,,,,,,,,,,,,,,,,,,,,,,,,,,,,,,,,,,,,,,
M22_16S_g04_A09,,,,,,M22_0378,,,,control,DNA_blank,neg_ctl,4,1,5,,,,,,,,,,,,,,,,,,,,,,,,,,,,,,,,,,,,,,,,,,,,,,,
M22_16S_g04_A12,,,,,,M22_0379,,,,control,DNA_blank,neg_ctl,4,1,5,,,,,,,,,,,,,,,,,,,,,,,,,,,,,,,,,,,,,,,,,,,,,,,
M22_16S_g04_B10,,,,,,M22_0381,,,,control,PCR1_blank,neg_ctl,4,1,5,,,,,,,,,,,,,,,,,,,,,,,,,,,,,,,,,,,,,,,,,,,,,,,
M22_16S_g04_D01,,,,,,,,,,control,DNA_blank,neg_ctl,4,1,5,,,,,,,,,,,,,,,,,,,,,,,,,,,,,,,,,,,,,,,,,,,,,,,
M22_16S_g04_D05,,,,,,M22_0382,,,,control,DNA_blank,neg_ctl,4,1,3.51,,,,,,,,,,,,,,,,,,,,,,,,,,,,,,,,,,,,,,,,,,,,,,,
M22_16S_g04_D11,,,,,,M22_0383,,,,control,PCR2_blank,neg_ctl,4,1,0.02,,,,,,,,,,,,,,,,,,,,,,,,,,,,,,,,,,,,,,,,,,,,,,,
M22_16S_g04_E05,,,,,,M22_0384,,,,control,DNA_blank,neg_ctl,4,1,2.95,,,,,,,,,,,,,,,,,,,,,,,,,,,,,,,,,,,,,,,,,,,,,,,
M22_16S_g05_B07,,,,,,M22_0473,,,,control,PCR2_blank,neg_ctl,5,2,0.21,,,,,,,,,,,,,,,,,,,,,,,,,,,,,,,,,,,,,,,,,,,,,,,
M22_16S_g05_C02,,,,,,M22_0474,,,,control,DNA_blank,neg_ctl,5,2,5,,,,,,,,,,,,,,,,,,,,,,,,,,,,,,,,,,,,,,,,,,,,,,,
M22_16S_g05_C06,,,,,,M22_0476,,,,control,DNA_blank,neg_ctl,5,2,5,,,,,,,,,,,,,,,,,,,,,,,,,,,,,,,,,,,,,,,,,,,,,,,
M22_16S_g05_E03,,,,,,M22_0477,,,,control,DNA_blank,neg_ctl,5,2,5,,,,,,,,,,,,,,,,,,,,,,,,,,,,,,,,,,,,,,,,,,,,,,,
M22_16S_g05_F12,,,,,,M22_0478,,,,control,DNA_blank,neg_ctl,5,2,5,,,,,,,,,,,,,,,,,,,,,,,,,,,,,,,,,,,,,,,,,,,,,,,
M22_16S_g05_G03,,,,,,M22_0479,,,,control,PCR1_blank,neg_ctl,5,2,5,,,,,,,,,,,,,,,,,,,,,,,,,,,,,,,,,,,,,,,,,,,,,,,
M22_16S_g05_G10,,,,,,,,,,control,DNA_blank,neg_ctl,5,2,5,,,,,,,,,,,,,,,,,,,,,,,,,,,,,,,,,,,,,,,,,,,,,,,
M22_16S_g06_A07,,,,,,,,,,control,DNA_blank,neg_ctl,6,2,5,,,,,,,,,,,,,,,,,,,,,,,,,,,,,,,,,,,,,,,,,,,,,,,
M22_16S_g06_C11,,,,,,M22_0571,,,,control,DNA_blank,neg_ctl,6,2,5,,,,,,,,,,,,,,,,,,,,,,,,,,,,,,,,,,,,,,,,,,,,,,,
M22_16S_g06_F03,,,,,,M22_0572,,,,control,PCR2_blank,neg_ctl,6,2,0.1,,,,,,,,,,,,,,,,,,,,,,,,,,,,,,,,,,,,,,,,,,,,,,,
M22_16S_g06_F09,,,,,,M22_0573,,,,control,PCR1_blank,neg_ctl,6,2,5,,,,,,,,,,,,,,,,,,,,,,,,,,,,,,,,,,,,,,,,,,,,,,,
M22_16S_g06_F10,,,,,,M22_0574,,,,control,DNA_blank,neg_ctl,6,2,5,,,,,,,,,,,,,,,,,,,,,,,,,,,,,,,,,,,,,,,,,,,,,,,
M22_16S_g06_G01,,,,,,M22_0575,,,,control,DNA_blank,neg_ctl,6,2,0.33,,,,,,,,,,,,,,,,,,,,,,,,,,,,,,,,,,,,,,,,,,,,,,,
M22_16S_g06_G02,,,,,,,,,,control,DNA_blank,neg_ctl,6,2,5,,,,,,,,,,,,,,,,,,,,,,,,,,,,,,,,,,,,,,,,,,,,,,,
M22_16S_g06_G10,,,,,,M22_0576,,,,control,DNA_blank,neg_ctl,6,2,5,,,,,,,,,,,,,,,,,,,,,,,,,,,,,,,,,,,,,,,,,,,,,,,
M22_16S_g07_A05,,,,,,M22_0665,,,,control,PCR2_blank,neg_ctl,7,2,0.04,,,,,,,,,,,,,,,,,,,,,,,,,,,,,,,,,,,,,,,,,,,,,,,
M22_16S_g07_B01,,,,,,M22_0666,,,,control,DNA_blank,neg_ctl,7,2,5,,,,,,,,,,,,,,,,,,,,,,,,,,,,,,,,,,,,,,,,,,,,,,,
M22_16S_g07_C01,,,,,,M22_0667,,,,control,DNA_blank,neg_ctl,7,2,5,,,,,,,,,,,,,,,,,,,,,,,,,,,,,,,,,,,,,,,,,,,,,,,
M22_16S_g07_E12,,,,,,M22_0670,,,,control,PCR1_blank,neg_ctl,7,2,5,,,,,,,,,,,,,,,,,,,,,,,,,,,,,,,,,,,,,,,,,,,,,,,
M22_16S_g08_A05,,,,,,M22_0761,,,,control,DNA_blank,neg_ctl,8,2,3.57,,,,,,,,,,,,,,,,,,,,,,,,,,,,,,,,,,,,,,,,,,,,,,,
M22_16S_g08_A08,,,,,,M22_0762,,,,control,PCR2_blank,neg_ctl,8,2,0.07,,,,,,,,,,,,,,,,,,,,,,,,,,,,,,,,,,,,,,,,,,,,,,,
M22_16S_g08_E01,,,,,,M22_0763,,,,control,PCR1_blank,neg_ctl,8,2,1.34,,,,,,,,,,,,,,,,,,,,,,,,,,,,,,,,,,,,,,,,,,,,,,,
M22_16S_g08_E11,,,,,,M22_0765,,,,control,DNA_blank,neg_ctl,8,2,5,,,,,,,,,,,,,,,,,,,,,,,,,,,,,,,,,,,,,,,,,,,,,,,
M22_16S_g08_F12,,,,,,M22_0766,,,,control,DNA_blank,neg_ctl,8,2,4.7,,,,,,,,,,,,,,,,,,,,,,,,,,,,,,,,,,,,,,,,,,,,,,,
M22_16S_g08_G03,,,,,,M22_0768,,,,control,DNA_blank,neg_ctl,8,2,2.67,,,,,,,,,,,,,,,,,,,,,,,,,,,,,,,,,,,,,,,,,,,,,,,
M22_16S_g09_A02,,,,,,M22_0857,,,,control,DNA_blank,neg_ctl,9,3,5,,,,,,,,,,,,,,,,,,,,,,,,,,,,,,,,,,,,,,,,,,,,,,,
M22_16S_g09_A10,,,,,,M22_0858,,,,control,DNA_blank,neg_ctl,9,3,5,,,,,,,,,,,,,,,,,,,,,,,,,,,,,,,,,,,,,,,,,,,,,,,
M22_16S_g09_A12,,,,,,,,,,control,DNA_blank,neg_ctl,9,3,5,,,,,,,,,,,,,,,,,,,,,,,,,,,,,,,,,,,,,,,,,,,,,,,
M22_16S_g09_F02,,,,,,,,,,control,DNA_blank,neg_ctl,9,3,5,,,,,,,,,,,,,,,,,,,,,,,,,,,,,,,,,,,,,,,,,,,,,,,
M22_16S_g09_F05,,,,,,M22_0860,,,,control,PCR2_blank,neg_ctl,9,3,5,,,,,,,,,,,,,,,,,,,,,,,,,,,,,,,,,,,,,,,,,,,,,,,
M22_16S_g09_G09,,,,,,M22_0861,,,,control,DNA_blank,neg_ctl,9,3,5,,,,,,,,,,,,,,,,,,,,,,,,,,,,,,,,,,,,,,,,,,,,,,,
M22_16S_g09_H03,,,,,,M22_0862,,,,control,PCR1_blank,neg_ctl,9,3,5,,,,,,,,,,,,,,,,,,,,,,,,,,,,,,,,,,,,,,,,,,,,,,,
M22_16S_g09_H06,,,,,,M22_0863,,,,control,DNA_blank,neg_ctl,9,3,5,,,,,,,,,,,,,,,,,,,,,,,,,,,,,,,,,,,,,,,,,,,,,,,
M22_16S_g10_B02,,,,,,M22_0953,,,,control,DNA_blank,neg_ctl,10,3,1.95,,,,,,,,,,,,,,,,,,,,,,,,,,,,,,,,,,,,,,,,,,,,,,,
M22_16S_g10_B04,,,,,,M22_0954,,,,control,PCR1_blank,neg_ctl,10,3,4.96,,,,,,,,,,,,,,,,,,,,,,,,,,,,,,,,,,,,,,,,,,,,,,,
M22_16S_g10_B08,,,,,,,,,,control,DNA_blank,neg_ctl,10,3,1.67,,,,,,,,,,,,,,,,,,,,,,,,,,,,,,,,,,,,,,,,,,,,,,,
M22_16S_g10_B11,,,,,,M22_0955,,,,control,PCR2_blank,neg_ctl,10,3,0.47,,,,,,,,,,,,,,,,,,,,,,,,,,,,,,,,,,,,,,,,,,,,,,,
M22_16S_g10_F12,,,,,,M22_0957,,,,control,DNA_blank,neg_ctl,10,3,1.26,,,,,,,,,,,,,,,,,,,,,,,,,,,,,,,,,,,,,,,,,,,,,,,
M22_16S_g10_H01,,,,,,M22_0959,,,,control,DNA_blank,neg_ctl,10,3,0.45,,,,,,,,,,,,,,,,,,,,,,,,,,,,,,,,,,,,,,,,,,,,,,,
M22_16S_g10_H05,,,,,,M22_0960,,,,control,DNA_blank,neg_ctl,10,3,2.59,,,,,,,,,,,,,,,,,,,,,,,,,,,,,,,,,,,,,,,,,,,,,,,
M22_16S_g10_H11,,,,,,,,,,control,DNA_blank,neg_ctl,10,3,1.98,,,,,,,,,,,,,,,,,,,,,,,,,,,,,,,,,,,,,,,,,,,,,,,
M22_16S_g11_A01,,,,,,M22_1049,,,,control,DNA_blank,neg_ctl,11,3,5,,,,,,,,,,,,,,,,,,,,,,,,,,,,,,,,,,,,,,,,,,,,,,,
M22_16S_g11_A10,,,,,,M22_1050,,,,control,DNA_blank,neg_ctl,11,3,3.06,,,,,,,,,,,,,,,,,,,,,,,,,,,,,,,,,,,,,,,,,,,,,,,
M22_16S_g11_C02,,,,,,M22_1052,,,,control,PCR2_blank,neg_ctl,11,3,0.25,,,,,,,,,,,,,,,,,,,,,,,,,,,,,,,,,,,,,,,,,,,,,,,
M22_16S_g11_D03,,,,,,M22_1053,,,,control,DNA_blank,neg_ctl,11,3,1.46,,,,,,,,,,,,,,,,,,,,,,,,,,,,,,,,,,,,,,,,,,,,,,,
M22_16S_g11_F05,,,,,,,,,,control,DNA_blank,neg_ctl,11,3,1.46,,,,,,,,,,,,,,,,,,,,,,,,,,,,,,,,,,,,,,,,,,,,,,,
M22_16S_g11_F09,,,,,,M22_1055,,,,control,PCR1_blank,neg_ctl,11,3,2.75,,,,,,,,,,,,,,,,,,,,,,,,,,,,,,,,,,,,,,,,,,,,,,,
M22_16S_g11_F10,,,,,,M22_1056,,,,control,DNA_blank,neg_ctl,11,3,2.33,,,,,,,,,,,,,,,,,,,,,,,,,,,,,,,,,,,,,,,,,,,,,,,
M22_16S_g12_A03,,,,,,M22_1145,,,,control,DNA_blank,neg_ctl,12,3,1.65,,,,,,,,,,,,,,,,,,,,,,,,,,,,,,,,,,,,,,,,,,,,,,,
M22_16S_g12_C05,,,,,,M22_1146,,,,control,DNA_blank,neg_ctl,12,3,0.94,,,,,,,,,,,,,,,,,,,,,,,,,,,,,,,,,,,,,,,,,,,,,,,
M22_16S_g12_F07,,,,,,M22_1149,,,,control,PCR2_blank,neg_ctl,12,3,0.72,,,,,,,,,,,,,,,,,,,,,,,,,,,,,,,,,,,,,,,,,,,,,,,
M22_16S_g12_F11,,,,,,M22_1150,,,,control,DNA_blank,neg_ctl,12,3,5,,,,,,,,,,,,,,,,,,,,,,,,,,,,,,,,,,,,,,,,,,,,,,,
M22_16S_g12_G10,,,,,,M22_1151,,,,control,DNA_blank,neg_ctl,12,3,5,,,,,,,,,,,,,,,,,,,,,,,,,,,,,,,,,,,,,,,,,,,,,,,
M22_16S_g12_H02,,,,,,M22_1152,,,,control,PCR1_blank,neg_ctl,12,3,2.49,,,,,,,,,,,,,,,,,,,,,,,,,,,,,,,,,,,,,,,,,,,,,,,
M22_16S_g12_H03,,,,,,,,,,control,DNA_blank,neg_ctl,12,3,1.78,,,,,,,,,,,,,,,,,,,,,,,,,,,,,,,,,,,,,,,,,,,,,,,
M22_16S_g13_A12,,,,,,,,,,control,DNA_blank,neg_ctl,13,4,4.36,,,,,,,,,,,,,,,,,,,,,,,,,,,,,,,,,,,,,,,,,,,,,,,
M22_16S_g13_B09,,,,,,,,,,control,DNA_blank,neg_ctl,13,4,1.66,,,,,,,,,,,,,,,,,,,,,,,,,,,,,,,,,,,,,,,,,,,,,,,
M22_16S_g13_D05,,,,,,M22_1241,,,,control,PCR1_blank,neg_ctl,13,4,3.2,,,,,,,,,,,,,,,,,,,,,,,,,,,,,,,,,,,,,,,,,,,,,,,
M22_16S_g13_D12,,,,,,M22_1242,,,,control,PCR2_blank,neg_ctl,13,4,4.93,,,,,,,,,,,,,,,,,,,,,,,,,,,,,,,,,,,,,,,,,,,,,,,
M22_16S_g13_E03,,,,,,M22_1244,,,,control,DNA_blank,neg_ctl,13,4,1.93,,,,,,,,,,,,,,,,,,,,,,,,,,,,,,,,,,,,,,,,,,,,,,,
M22_16S_g13_F09,,,,,,M22_1246,,,,control,DNA_blank,neg_ctl,13,4,2.07,,,,,,,,,,,,,,,,,,,,,,,,,,,,,,,,,,,,,,,,,,,,,,,
M22_16S_g13_F10,,,,,,M22_1247,,,,control,DNA_blank,neg_ctl,13,4,1,,,,,,,,,,,,,,,,,,,,,,,,,,,,,,,,,,,,,,,,,,,,,,,
M22_16S_g13_H09,,,,,,M22_1248,,,,control,DNA_blank,neg_ctl,13,4,1.67,,,,,,,,,,,,,,,,,,,,,,,,,,,,,,,,,,,,,,,,,,,,,,,
M22_16S_g14_A03,,,,,,M22_1337,,,,control,DNA_blank,neg_ctl,14,4,1.14,,,,,,,,,,,,,,,,,,,,,,,,,,,,,,,,,,,,,,,,,,,,,,,
M22_16S_g14_E11,,,,,,M22_1339,,,,control,PCR1_blank,neg_ctl,14,4,2.85,,,,,,,,,,,,,,,,,,,,,,,,,,,,,,,,,,,,,,,,,,,,,,,
M22_16S_g14_F03,,,,,,M22_1340,,,,control,DNA_blank,neg_ctl,14,4,0.33,,,,,,,,,,,,,,,,,,,,,,,,,,,,,,,,,,,,,,,,,,,,,,,
M22_16S_g14_F07,,,,,,M22_1341,,,,control,DNA_blank,neg_ctl,14,4,1.42,,,,,,,,,,,,,,,,,,,,,,,,,,,,,,,,,,,,,,,,,,,,,,,
M22_16S_g14_F09,,,,,,,,,,control,DNA_blank,neg_ctl,14,4,0.74,,,,,,,,,,,,,,,,,,,,,,,,,,,,,,,,,,,,,,,,,,,,,,,
M22_16S_g14_F11,,,,,,,,,,control,DNA_blank,neg_ctl,14,4,0.62,,,,,,,,,,,,,,,,,,,,,,,,,,,,,,,,,,,,,,,,,,,,,,,
M22_16S_g14_G05,,,,,,M22_1343,,,,control,PCR2_blank,neg_ctl,14,4,0.15,,,,,,,,,,,,,,,,,,,,,,,,,,,,,,,,,,,,,,,,,,,,,,,
M22_16S_g14_H12,,,,,,M22_1344,,,,control,DNA_blank,neg_ctl,14,4,1.95,,,,,,,,,,,,,,,,,,,,,,,,,,,,,,,,,,,,,,,,,,,,,,,
M22_16S_g15_D01,,,,,,M22_1433,,,,control,PCR1_blank,neg_ctl,15,4,4.85,,,,,,,,,,,,,,,,,,,,,,,,,,,,,,,,,,,,,,,,,,,,,,,
M22_16S_g15_D03,,,,,,M22_1434,,,,control,PCR2_blank,neg_ctl,15,4,0.29,,,,,,,,,,,,,,,,,,,,,,,,,,,,,,,,,,,,,,,,,,,,,,,
M22_16S_g15_E01,,,,,,M22_1435,,,,control,DNA_blank,neg_ctl,15,4,1.42,,,,,,,,,,,,,,,,,,,,,,,,,,,,,,,,,,,,,,,,,,,,,,,
M22_16S_g15_E05,,,,,,M22_1436,,,,control,DNA_blank,neg_ctl,15,4,3.72,,,,,,,,,,,,,,,,,,,,,,,,,,,,,,,,,,,,,,,,,,,,,,,
M22_16S_g15_E10,,,,,,M22_1437,,,,control,DNA_blank,neg_ctl,15,4,2.68,,,,,,,,,,,,,,,,,,,,,,,,,,,,,,,,,,,,,,,,,,,,,,,
M22_16S_g15_F11,,,,,,M22_1439,,,,control,DNA_blank,neg_ctl,15,4,2.37,,,,,,,,,,,,,,,,,,,,,,,,,,,,,,,,,,,,,,,,,,,,,,,
M22_16S_g16_B01,,,,,,M22_1529,,,,control,PCR1_blank,neg_ctl,16,4,5,,,,,,,,,,,,,,,,,,,,,,,,,,,,,,,,,,,,,,,,,,,,,,,
M22_16S_g16_B06,,,,,,M22_1530,,,,control,DNA_blank,neg_ctl,16,4,0.93,,,,,,,,,,,,,,,,,,,,,,,,,,,,,,,,,,,,,,,,,,,,,,,
M22_16S_g16_B12,,,,,,,,,,control,DNA_blank,neg_ctl,16,4,0.87,,,,,,,,,,,,,,,,,,,,,,,,,,,,,,,,,,,,,,,,,,,,,,,
M22_16S_g16_D04,,,,,,M22_1531,,,,control,PCR2_blank,neg_ctl,16,4,0.21,,,,,,,,,,,,,,,,,,,,,,,,,,,,,,,,,,,,,,,,,,,,,,,
M22_16S_g16_F03,,,,,,M22_1533,,,,control,DNA_blank,neg_ctl,16,4,4.72,,,,,,,,,,,,,,,,,,,,,,,,,,,,,,,,,,,,,,,,,,,,,,,
M22_16S_g16_F05,,,,,,M22_1534,,,,control,DNA_blank,neg_ctl,16,4,1.94,,,,,,,,,,,,,,,,,,,,,,,,,,,,,,,,,,,,,,,,,,,,,,,
M22_16S_g16_G11,,,,,,M22_1536,,,,control,DNA_blank,neg_ctl,16,4,0.95,,,,,,,,,,,,,,,,,,,,,,,,,,,,,,,,,,,,,,,,,,,,,,,
M22_16S_g17_A08,,,,,,M22_1625,,,,control,DNA_blank,neg_ctl,17,5,5,,,,,,,,,,,,,,,,,,,,,,,,,,,,,,,,,,,,,,,,,,,,,,,
M22_16S_g17_F02,,,,,,,,,,control,DNA_blank,neg_ctl,17,5,4.54,,,,,,,,,,,,,,,,,,,,,,,,,,,,,,,,,,,,,,,,,,,,,,,
M22_16S_g17_F04,,,,,,M22_1628,,,,control,PCR1_blank,neg_ctl,17,5,5,,,,,,,,,,,,,,,,,,,,,,,,,,,,,,,,,,,,,,,,,,,,,,,
M22_16S_g17_F07,,,,,,M22_1629,,,,control,DNA_blank,neg_ctl,17,5,5,,,,,,,,,,,,,,,,,,,,,,,,,,,,,,,,,,,,,,,,,,,,,,,
M22_16S_g17_G03,,,,,,,,,,control,DNA_blank,neg_ctl,17,5,5,,,,,,,,,,,,,,,,,,,,,,,,,,,,,,,,,,,,,,,,,,,,,,,
M22_16S_g17_G11,,,,,,M22_1630,,,,control,PCR2_blank,neg_ctl,17,5,1,,,,,,,,,,,,,,,,,,,,,,,,,,,,,,,,,,,,,,,,,,,,,,,
M22_16S_g17_H03,,,,,,M22_1631,,,,control,DNA_blank,neg_ctl,17,5,5,,,,,,,,,,,,,,,,,,,,,,,,,,,,,,,,,,,,,,,,,,,,,,,
M22_16S_g17_H10,,,,,,M22_1632,,,,control,DNA_blank,neg_ctl,17,5,4.75,,,,,,,,,,,,,,,,,,,,,,,,,,,,,,,,,,,,,,,,,,,,,,,
M22_16S_g18_A06,,,,,,M22_1722,,,,control,PCR2_blank,neg_ctl,18,5,0.1,,,,,,,,,,,,,,,,,,,,,,,,,,,,,,,,,,,,,,,,,,,,,,,
M22_16S_g18_A07,,,,,,M22_1723,,,,control,DNA_blank,neg_ctl,18,5,5,,,,,,,,,,,,,,,,,,,,,,,,,,,,,,,,,,,,,,,,,,,,,,,
M22_16S_g18_B10,,,,,,M22_1724,,,,control,DNA_blank,neg_ctl,18,5,5,,,,,,,,,,,,,,,,,,,,,,,,,,,,,,,,,,,,,,,,,,,,,,,
M22_16S_g18_E06,,,,,,M22_1726,,,,control,PCR1_blank,neg_ctl,18,5,5,,,,,,,,,,,,,,,,,,,,,,,,,,,,,,,,,,,,,,,,,,,,,,,
M22_16S_g18_E09,,,,,,M22_1727,,,,control,DNA_blank,neg_ctl,18,5,5,,,,,,,,,,,,,,,,,,,,,,,,,,,,,,,,,,,,,,,,,,,,,,,
M22_16S_g18_F06,,,,,,M22_1728,,,,control,DNA_blank,neg_ctl,18,5,5,,,,,,,,,,,,,,,,,,,,,,,,,,,,,,,,,,,,,,,,,,,,,,,
M22_16S_g19_B07,,,,,,M22_1817,,,,control,DNA_blank,neg_ctl,19,5,5,,,,,,,,,,,,,,,,,,,,,,,,,,,,,,,,,,,,,,,,,,,,,,,
M22_16S_g19_C08,,,,,,M22_1818,,,,control,PCR2_blank,neg_ctl,19,5,0.49,,,,,,,,,,,,,,,,,,,,,,,,,,,,,,,,,,,,,,,,,,,,,,,
M22_16S_g19_D02,,,,,,M22_1819,,,,control,DNA_blank,neg_ctl,19,5,5,,,,,,,,,,,,,,,,,,,,,,,,,,,,,,,,,,,,,,,,,,,,,,,
M22_16S_g19_E01,,,,,,M22_1820,,,,control,DNA_blank,neg_ctl,19,5,5,,,,,,,,,,,,,,,,,,,,,,,,,,,,,,,,,,,,,,,,,,,,,,,
M22_16S_g19_E07,,,,,,M22_1821,,,,control,PCR1_blank,neg_ctl,19,5,5,,,,,,,,,,,,,,,,,,,,,,,,,,,,,,,,,,,,,,,,,,,,,,,
M22_16S_g19_E09,,,,,,M22_1823,,,,control,DNA_blank,neg_ctl,19,5,5,,,,,,,,,,,,,,,,,,,,,,,,,,,,,,,,,,,,,,,,,,,,,,,
M22_16S_g20_A08,,,,,,M22_1913,,,,control,PCR1_blank,neg_ctl,20,5,5,,,,,,,,,,,,,,,,,,,,,,,,,,,,,,,,,,,,,,,,,,,,,,,
M22_16S_g20_B11,,,,,,M22_1914,,,,control,DNA_blank,neg_ctl,20,5,5,,,,,,,,,,,,,,,,,,,,,,,,,,,,,,,,,,,,,,,,,,,,,,,
M22_16S_g20_C12,,,,,,M22_1916,,,,control,DNA_blank,neg_ctl,20,5,5,,,,,,,,,,,,,,,,,,,,,,,,,,,,,,,,,,,,,,,,,,,,,,,
M22_16S_g20_D05,,,,,,M22_1917,,,,control,PCR2_blank,neg_ctl,20,5,0.1,,,,,,,,,,,,,,,,,,,,,,,,,,,,,,,,,,,,,,,,,,,,,,,
M22_16S_g20_G07,,,,,,M22_1918,,,,control,DNA_blank,neg_ctl,20,5,5,,,,,,,,,,,,,,,,,,,,,,,,,,,,,,,,,,,,,,,,,,,,,,,
M22_16S_g20_H02,,,,,,M22_1919,,,,control,DNA_blank,neg_ctl,20,5,0.1,,,,,,,,,,,,,,,,,,,,,,,,,,,,,,,,,,,,,,,,,,,,,,,
M22_16S_g21_A02,,,,,,M22_2009,,,,control,PCR2_blank,neg_ctl,21,6,0.34,,,,,,,,,,,,,,,,,,,,,,,,,,,,,,,,,,,,,,,,,,,,,,,
M22_16S_g21_C03,,,,,,M22_2010,,,,control,DNA_blank,neg_ctl,21,6,5,,,,,,,,,,,,,,,,,,,,,,,,,,,,,,,,,,,,,,,,,,,,,,,
M22_16S_g21_C07,,,,,,M22_2011,,,,control,DNA_blank,neg_ctl,21,6,5,,,,,,,,,,,,,,,,,,,,,,,,,,,,,,,,,,,,,,,,,,,,,,,
M22_16S_g21_D02,,,,,,M22_2013,,,,control,PCR1_blank,neg_ctl,21,6,5,,,,,,,,,,,,,,,,,,,,,,,,,,,,,,,,,,,,,,,,,,,,,,,
M22_16S_g21_D10,,,,,,,,,,control,DNA_blank,neg_ctl,21,6,5,,,,,,,,,,,,,,,,,,,,,,,,,,,,,,,,,,,,,,,,,,,,,,,
M22_16S_g21_E03,,,,,,M22_2014,,,,control,DNA_blank,neg_ctl,21,6,5,,,,,,,,,,,,,,,,,,,,,,,,,,,,,,,,,,,,,,,,,,,,,,,
M22_16S_g21_H10,,,,,,M22_2016,,,,control,DNA_blank,neg_ctl,21,6,5,,,,,,,,,,,,,,,,,,,,,,,,,,,,,,,,,,,,,,,,,,,,,,,
M22_16S_g22_A03,,,,,,,,,,control,DNA_blank,neg_ctl,22,6,5,,,,,,,,,,,,,,,,,,,,,,,,,,,,,,,,,,,,,,,,,,,,,,,
M22_16S_g22_B01,,,,,,,,,,control,DNA_blank,neg_ctl,22,6,5,,,,,,,,,,,,,,,,,,,,,,,,,,,,,,,,,,,,,,,,,,,,,,,
M22_16S_g22_D04,,,,,,M22_2107,,,,control,PCR1_blank,neg_ctl,22,6,5,,,,,,,,,,,,,,,,,,,,,,,,,,,,,,,,,,,,,,,,,,,,,,,
M22_16S_g22_D11,,,,,,M22_2108,,,,control,DNA_blank,neg_ctl,22,6,5,,,,,,,,,,,,,,,,,,,,,,,,,,,,,,,,,,,,,,,,,,,,,,,
M22_16S_g22_D12,,,,,,M22_2109,,,,control,DNA_blank,neg_ctl,22,6,5,,,,,,,,,,,,,,,,,,,,,,,,,,,,,,,,,,,,,,,,,,,,,,,
M22_16S_g22_E10,,,,,,M22_2110,,,,control,DNA_blank,neg_ctl,22,6,5,,,,,,,,,,,,,,,,,,,,,,,,,,,,,,,,,,,,,,,,,,,,,,,
M22_16S_g22_G04,,,,,,M22_2111,,,,control,PCR2_blank,neg_ctl,22,6,0.47,,,,,,,,,,,,,,,,,,,,,,,,,,,,,,,,,,,,,,,,,,,,,,,
M22_16S_g22_G09,,,,,,,,,,control,DNA_blank,neg_ctl,22,6,5,,,,,,,,,,,,,,,,,,,,,,,,,,,,,,,,,,,,,,,,,,,,,,,
M22_16S_g22_G10,,,,,,M22_2112,,,,control,DNA_blank,neg_ctl,22,6,5,,,,,,,,,,,,,,,,,,,,,,,,,,,,,,,,,,,,,,,,,,,,,,,
M22_16S_g23_B06,,,,,,M22_2201,,,,control,DNA_blank,neg_ctl,23,6,5,,,,,,,,,,,,,,,,,,,,,,,,,,,,,,,,,,,,,,,,,,,,,,,
M22_16S_g23_C04,,,,,,,,,,control,DNA_blank,neg_ctl,23,6,5,,,,,,,,,,,,,,,,,,,,,,,,,,,,,,,,,,,,,,,,,,,,,,,
M22_16S_g23_C06,,,,,,,,,,control,DNA_blank,neg_ctl,23,6,5,,,,,,,,,,,,,,,,,,,,,,,,,,,,,,,,,,,,,,,,,,,,,,,
M22_16S_g23_C09,,,,,,M22_2202,,,,control,DNA_blank,neg_ctl,23,6,5,,,,,,,,,,,,,,,,,,,,,,,,,,,,,,,,,,,,,,,,,,,,,,,
M22_16S_g23_D03,,,,,,M22_2203,,,,control,DNA_blank,neg_ctl,23,6,5,,,,,,,,,,,,,,,,,,,,,,,,,,,,,,,,,,,,,,,,,,,,,,,
M22_16S_g23_E09,,,,,,,,,,control,DNA_blank,neg_ctl,23,6,5,,,,,,,,,,,,,,,,,,,,,,,,,,,,,,,,,,,,,,,,,,,,,,,
M22_16S_g23_F02,,,,,,M22_2205,,,,control,PCR1_blank,neg_ctl,23,6,5,,,,,,,,,,,,,,,,,,,,,,,,,,,,,,,,,,,,,,,,,,,,,,,
M22_16S_g23_G03,,,,,,,,,,control,DNA_blank,neg_ctl,23,6,5,,,,,,,,,,,,,,,,,,,,,,,,,,,,,,,,,,,,,,,,,,,,,,,
M22_16S_g23_H02,,,,,,M22_2206,,,,control,PCR2_blank,neg_ctl,23,6,0.14,,,,,,,,,,,,,,,,,,,,,,,,,,,,,,,,,,,,,,,,,,,,,,,
M22_16S_g23_H11,,,,,,M22_2208,,,,control,DNA_blank,neg_ctl,23,6,5,,,,,,,,,,,,,,,,,,,,,,,,,,,,,,,,,,,,,,,,,,,,,,,
M22_16S_g24_A06,,,,,,M22_2297,,,,control,DNA_blank,neg_ctl,24,6,5,,,,,,,,,,,,,,,,,,,,,,,,,,,,,,,,,,,,,,,,,,,,,,,
M22_16S_g24_A12,,,,,,M22_2298,,,,control,PCR2_blank,neg_ctl,24,6,0.58,,,,,,,,,,,,,,,,,,,,,,,,,,,,,,,,,,,,,,,,,,,,,,,
M22_16S_g24_B04,,,,,,M22_2299,,,,control,DNA_blank,neg_ctl,24,6,5,,,,,,,,,,,,,,,,,,,,,,,,,,,,,,,,,,,,,,,,,,,,,,,
M22_16S_g24_C12,,,,,,,,,,control,DNA_blank,neg_ctl,24,6,5,,,,,,,,,,,,,,,,,,,,,,,,,,,,,,,,,,,,,,,,,,,,,,,
M22_16S_g24_D01,,,,,,M22_2300,,,,control,DNA_blank,neg_ctl,24,6,5,,,,,,,,,,,,,,,,,,,,,,,,,,,,,,,,,,,,,,,,,,,,,,,
M22_16S_g24_D08,,,,,,,,,,control,DNA_blank,neg_ctl,24,6,5,,,,,,,,,,,,,,,,,,,,,,,,,,,,,,,,,,,,,,,,,,,,,,,
M22_16S_g24_D11,,,,,,,,,,control,DNA_blank,neg_ctl,24,6,5,,,,,,,,,,,,,,,,,,,,,,,,,,,,,,,,,,,,,,,,,,,,,,,
M22_16S_g24_E04,,,,,,M22_2301,,,,control,PCR1_blank,neg_ctl,24,6,5,,,,,,,,,,,,,,,,,,,,,,,,,,,,,,,,,,,,,,,,,,,,,,,
M22_16S_g24_G10,,,,,,M22_2304,,,,control,DNA_blank,neg_ctl,24,6,5,,,,,,,,,,,,,,,,,,,,,,,,,,,,,,,,,,,,,,,,,,,,,,,
M22_16S_g25_A04,,,,,,M22_2393,,,,control,DNA_blank,neg_ctl,25,7,5,,,,,,,,,,,,,,,,,,,,,,,,,,,,,,,,,,,,,,,,,,,,,,,
M22_16S_g25_A12,,,,,,M22_2394,,,,control,DNA_blank,neg_ctl,25,7,5,,,,,,,,,,,,,,,,,,,,,,,,,,,,,,,,,,,,,,,,,,,,,,,
M22_16S_g25_B01,,,,,,M22_2395,,,,control,DNA_blank,neg_ctl,25,7,5,,,,,,,,,,,,,,,,,,,,,,,,,,,,,,,,,,,,,,,,,,,,,,,
M22_16S_g25_C06,,,,,,M22_2397,,,,control,DNA_blank,neg_ctl,25,7,5,,,,,,,,,,,,,,,,,,,,,,,,,,,,,,,,,,,,,,,,,,,,,,,
M22_16S_g25_F09,,,,,,M22_2398,,,,control,PCR2_blank,neg_ctl,25,7,0.1,,,,,,,,,,,,,,,,,,,,,,,,,,,,,,,,,,,,,,,,,,,,,,,
M22_16S_g25_G06,,,,,,M22_2399,,,,control,PCR1_blank,neg_ctl,25,7,5,,,,,,,,,,,,,,,,,,,,,,,,,,,,,,,,,,,,,,,,,,,,,,,
M22_16S_g26_A02,,,,,,M22_2488,,,,control,DNA_blank,neg_ctl,26,7,5,,,,,,,,,,,,,,,,,,,,,,,,,,,,,,,,,,,,,,,,,,,,,,,
M22_16S_g26_A07,,,,,,,,,,control,DNA_blank,neg_ctl,26,7,5,,,,,,,,,,,,,,,,,,,,,,,,,,,,,,,,,,,,,,,,,,,,,,,
M22_16S_g26_B01,,,,,,M22_2489,,,,control,PCR1_blank,neg_ctl,26,7,5,,,,,,,,,,,,,,,,,,,,,,,,,,,,,,,,,,,,,,,,,,,,,,,
M22_16S_g26_B03,,,,,,M22_2490,,,,control,DNA_blank,neg_ctl,26,7,5,,,,,,,,,,,,,,,,,,,,,,,,,,,,,,,,,,,,,,,,,,,,,,,
M22_16S_g26_B08,,,,,,,,,,control,DNA_blank,neg_ctl,26,7,5,,,,,,,,,,,,,,,,,,,,,,,,,,,,,,,,,,,,,,,,,,,,,,,
M22_16S_g26_B09,,,,,,,,,,control,DNA_blank,neg_ctl,26,7,5,,,,,,,,,,,,,,,,,,,,,,,,,,,,,,,,,,,,,,,,,,,,,,,
M22_16S_g26_D04,,,,,,M22_2492,,,,control,DNA_blank,neg_ctl,26,7,5,,,,,,,,,,,,,,,,,,,,,,,,,,,,,,,,,,,,,,,,,,,,,,,
M22_16S_g26_E07,,,,,,M22_2493,,,,control,PCR2_blank,neg_ctl,26,7,0.57,,,,,,,,,,,,,,,,,,,,,,,,,,,,,,,,,,,,,,,,,,,,,,,
M22_16S_g26_G08,,,,,,M22_2495,,,,control,DNA_blank,neg_ctl,26,7,5,,,,,,,,,,,,,,,,,,,,,,,,,,,,,,,,,,,,,,,,,,,,,,,
M22_16S_g26_H07,,,,,,M22_2496,,,,control,DNA_blank,neg_ctl,26,7,5,,,,,,,,,,,,,,,,,,,,,,,,,,,,,,,,,,,,,,,,,,,,,,,
M22_16S_g27_A10,,,,,,,,,,control,DNA_blank,neg_ctl,27,7,5,,,,,,,,,,,,,,,,,,,,,,,,,,,,,,,,,,,,,,,,,,,,,,,
M22_16S_g27_A11,,,,,,M22_2585,,,,control,DNA_blank,neg_ctl,27,7,5,,,,,,,,,,,,,,,,,,,,,,,,,,,,,,,,,,,,,,,,,,,,,,,
M22_16S_g27_B03,,,,,,M22_2586,,,,control,PCR1_blank,neg_ctl,27,7,5,,,,,,,,,,,,,,,,,,,,,,,,,,,,,,,,,,,,,,,,,,,,,,,
M22_16S_g27_B05,,,,,,M22_2587,,,,control,DNA_blank,neg_ctl,27,7,5,,,,,,,,,,,,,,,,,,,,,,,,,,,,,,,,,,,,,,,,,,,,,,,
M22_16S_g27_B07,,,,,,M22_2588,,,,control,PCR2_blank,neg_ctl,27,7,0.23,,,,,,,,,,,,,,,,,,,,,,,,,,,,,,,,,,,,,,,,,,,,,,,
M22_16S_g27_C03,,,,,,M22_2589,,,,control,DNA_blank,neg_ctl,27,7,5,,,,,,,,,,,,,,,,,,,,,,,,,,,,,,,,,,,,,,,,,,,,,,,
M22_16S_g27_C07,,,,,,M22_2590,,,,control,DNA_blank,neg_ctl,27,7,5,,,,,,,,,,,,,,,,,,,,,,,,,,,,,,,,,,,,,,,,,,,,,,,
M22_16S_g27_D03,,,,,,,,,,control,DNA_blank,neg_ctl,27,7,5,,,,,,,,,,,,,,,,,,,,,,,,,,,,,,,,,,,,,,,,,,,,,,,
M22_16S_g27_F02,,,,,,,,,,control,DNA_blank,neg_ctl,27,7,5,,,,,,,,,,,,,,,,,,,,,,,,,,,,,,,,,,,,,,,,,,,,,,,
M22_16S_g27_H11,,,,,,M22_2592,,,,control,DNA_blank,neg_ctl,27,7,5,,,,,,,,,,,,,,,,,,,,,,,,,,,,,,,,,,,,,,,,,,,,,,,
M22_16S_g28_B08,,,,,,M22_2680,,,,control,DNA_blank,neg_ctl,28,7,5,,,,,,,,,,,,,,,,,,,,,,,,,,,,,,,,,,,,,,,,,,,,,,,
M22_16S_g28_B11,,,,,,,,,,control,DNA_blank,neg_ctl,28,7,5,,,,,,,,,,,,,,,,,,,,,,,,,,,,,,,,,,,,,,,,,,,,,,,
M22_16S_g28_C05,,,,,,M22_2681,,,,control,PCR2_blank,neg_ctl,28,7,0.64,,,,,,,,,,,,,,,,,,,,,,,,,,,,,,,,,,,,,,,,,,,,,,,
M22_16S_g28_C08,,,,,,M22_2682,,,,control,DNA_blank,neg_ctl,28,7,5,,,,,,,,,,,,,,,,,,,,,,,,,,,,,,,,,,,,,,,,,,,,,,,
M22_16S_g28_D12,,,,,,,,,,control,DNA_blank,neg_ctl,28,7,5,,,,,,,,,,,,,,,,,,,,,,,,,,,,,,,,,,,,,,,,,,,,,,,
M22_16S_g28_E01,,,,,,M22_2683,,,,control,PCR1_blank,neg_ctl,28,7,5,,,,,,,,,,,,,,,,,,,,,,,,,,,,,,,,,,,,,,,,,,,,,,,
M22_16S_g28_F03,,,,,,M22_2685,,,,control,DNA_blank,neg_ctl,28,7,5,,,,,,,,,,,,,,,,,,,,,,,,,,,,,,,,,,,,,,,,,,,,,,,
M22_16S_g28_H04,,,,,,M22_2687,,,,control,DNA_blank,neg_ctl,28,7,5,,,,,,,,,,,,,,,,,,,,,,,,,,,,,,,,,,,,,,,,,,,,,,,
M22_16S_g28_H08,,,,,,M22_2688,,,,control,DNA_blank,neg_ctl,28,7,5,,,,,,,,,,,,,,,,,,,,,,,,,,,,,,,,,,,,,,,,,,,,,,,
M22_16S_g29_C08,,,,,,M22_2776,,,,control,DNA_blank,neg_ctl,29,8,5,,,,,,,,,,,,,,,,,,,,,,,,,,,,,,,,,,,,,,,,,,,,,,,
M22_16S_g29_D01,,,,,,M22_2777,,,,control,DNA_blank,neg_ctl,29,8,5,,,,,,,,,,,,,,,,,,,,,,,,,,,,,,,,,,,,,,,,,,,,,,,
M22_16S_g29_E01,,,,,,M22_2779,,,,control,DNA_blank,neg_ctl,29,8,5,,,,,,,,,,,,,,,,,,,,,,,,,,,,,,,,,,,,,,,,,,,,,,,
M22_16S_g29_E04,,,,,,,,,,control,DNA_blank,neg_ctl,29,8,5,,,,,,,,,,,,,,,,,,,,,,,,,,,,,,,,,,,,,,,,,,,,,,,
M22_16S_g29_E10,,,,,,,,,,control,DNA_blank,neg_ctl,29,8,5,,,,,,,,,,,,,,,,,,,,,,,,,,,,,,,,,,,,,,,,,,,,,,,
M22_16S_g29_E11,,,,,,M22_2781,,,,control,DNA_blank,neg_ctl,29,8,5,,,,,,,,,,,,,,,,,,,,,,,,,,,,,,,,,,,,,,,,,,,,,,,
M22_16S_g29_F04,,,,,,M22_2782,,,,control,DNA_blank,neg_ctl,29,8,5,,,,,,,,,,,,,,,,,,,,,,,,,,,,,,,,,,,,,,,,,,,,,,,
M22_16S_g29_F12,,,,,,M22_2783,,,,control,DNA_blank,neg_ctl,29,8,5,,,,,,,,,,,,,,,,,,,,,,,,,,,,,,,,,,,,,,,,,,,,,,,
M22_16S_g29_H02,,,,,,M22_2784,,,,control,DNA_blank,neg_ctl,29,8,5,,,,,,,,,,,,,,,,,,,,,,,,,,,,,,,,,,,,,,,,,,,,,,,
M22_16S_g30_B01,,,,,,M22_2873,,,,control,DNA_blank,neg_ctl,30,8,5,,,,,,,,,,,,,,,,,,,,,,,,,,,,,,,,,,,,,,,,,,,,,,,
M22_16S_g30_E04,,,,,,M22_2874,,,,control,DNA_blank,neg_ctl,30,8,5,,,,,,,,,,,,,,,,,,,,,,,,,,,,,,,,,,,,,,,,,,,,,,,
M22_16S_g30_F02,,,,,,M22_2875,,,,control,PCR1_blank,neg_ctl,30,8,5,,,,,,,,,,,,,,,,,,,,,,,,,,,,,,,,,,,,,,,,,,,,,,,
M22_16S_g30_F06,,,,,,,,,,control,DNA_blank,neg_ctl,30,8,5,,,,,,,,,,,,,,,,,,,,,,,,,,,,,,,,,,,,,,,,,,,,,,,
M22_16S_g30_F08,,,,,,M22_2876,,,,control,PCR1_blank,neg_ctl,30,8,5,,,,,,,,,,,,,,,,,,,,,,,,,,,,,,,,,,,,,,,,,,,,,,,
M22_16S_g30_F09,,,,,,M22_2877,,,,control,DNA_blank,neg_ctl,30,8,5,,,,,,,,,,,,,,,,,,,,,,,,,,,,,,,,,,,,,,,,,,,,,,,
M22_16S_g30_G07,,,,,,M22_2879,,,,control,DNA_blank,neg_ctl,30,8,5,,,,,,,,,,,,,,,,,,,,,,,,,,,,,,,,,,,,,,,,,,,,,,,
M22_16S_g30_H02,,,,,,M22_2880,,,,control,DNA_blank,neg_ctl,30,8,5,,,,,,,,,,,,,,,,,,,,,,,,,,,,,,,,,,,,,,,,,,,,,,,
M22_16S_g30_H04,,,,,,,,,,control,DNA_blank,neg_ctl,30,8,5,,,,,,,,,,,,,,,,,,,,,,,,,,,,,,,,,,,,,,,,,,,,,,,
M22_16S_g31_B12,,,,,,M22_2969,,,,control,DNA_blank,neg_ctl,31,8,5,,,,,,,,,,,,,,,,,,,,,,,,,,,,,,,,,,,,,,,,,,,,,,,
M22_16S_g31_E03,,,,,,M22_2970,,,,control,DNA_blank,neg_ctl,31,8,5,,,,,,,,,,,,,,,,,,,,,,,,,,,,,,,,,,,,,,,,,,,,,,,
M22_16S_g31_E11,,,,,,M22_2971,,,,control,PCR1_blank,neg_ctl,31,8,4.54,,,,,,,,,,,,,,,,,,,,,,,,,,,,,,,,,,,,,,,,,,,,,,,
M22_16S_g31_G04,,,,,,M22_2972,,,,control,PCR1_blank,neg_ctl,31,8,5,,,,,,,,,,,,,,,,,,,,,,,,,,,,,,,,,,,,,,,,,,,,,,,
M22_16S_g31_G06,,,,,,M22_2974,,,,control,DNA_blank,neg_ctl,31,8,5,,,,,,,,,,,,,,,,,,,,,,,,,,,,,,,,,,,,,,,,,,,,,,,
M22_16S_g31_H01,,,,,,M22_2975,,,,control,DNA_blank,neg_ctl,31,8,5,,,,,,,,,,,,,,,,,,,,,,,,,,,,,,,,,,,,,,,,,,,,,,,
M22_16S_g31_H11,,,,,,M22_2976,,,,control,DNA_blank,neg_ctl,31,8,5,,,,,,,,,,,,,,,,,,,,,,,,,,,,,,,,,,,,,,,,,,,,,,,
M22_16S_g31_H12,,,,,,,,,,control,DNA_blank,neg_ctl,31,8,5,,,,,,,,,,16,419,,,,,,,,,,,,,,,,,,,,,,,,,,,,,,,,,,,,
M22_16S_g01_D01,,,,,,M22_0090,,,,control,DNA_standard,pos_ctl,1,1,5,,,,,,,,,,,,,,,,,,,,,,,,,,,,,,,,,,,,,,,,,,,,,,,
M22_16S_g01_F01,,,,,,M22_0093,,,,control,PCR_standard,pos_ctl,1,1,0.27,,,,,,,,,,,,,,,,,,,,,,,,,,,,,,,,,,,,,,,,,,,,,,,
M22_16S_g02_B08,,,,,,M22_0186,,,,control,PCR_standard,pos_ctl,2,1,5,,,,,,,,,,,,,,,,,,,,,,,,,,,,,,,,,,,,,,,,,,,,,,,
M22_16S_g02_F07,,,,,,M22_0190,,,,control,DNA_standard,pos_ctl,2,1,5,,,,,,,,,,,,,,,,,,,,,,,,,,,,,,,,,,,,,,,,,,,,,,,
M22_16S_g03_E06,,,,,,M22_0283,,,,control,PCR_standard,pos_ctl,3,1,5,,,,,,,,,,,,,,,,,,,,,,,,,,,,,,,,,,,,,,,,,,,,,,,
M22_16S_g03_E10,,,,,,M22_0284,,,,control,DNA_standard,pos_ctl,3,1,5,,,,,,,,,,,,,,,,,,,,,,,,,,,,,,,,,,,,,,,,,,,,,,,
M22_16S_g04_A02,,,,,,M22_0377,,,,control,PCR_standard,pos_ctl,4,1,5,,,,,,,,,,,,,,,,,,,,,,,,,,,,,,,,,,,,,,,,,,,,,,,
M22_16S_g04_B06,,,,,,M22_0380,,,,control,DNA_standard,pos_ctl,4,1,5,,,,,,,,,,,,,,,,,,,,,,,,,,,,,,,,,,,,,,,,,,,,,,,
M22_16S_g05_C05,,,,,,M22_0475,,,,control,DNA_standard,pos_ctl,5,2,5,,,,,,,,,,,,,,,,,,,,,,,,,,,,,,,,,,,,,,,,,,,,,,,
M22_16S_g05_H08,,,,,,M22_0480,,,,control,PCR_standard,pos_ctl,5,2,5,,,,,,,,,,,,,,,,,,,,,,,,,,,,,,,,,,,,,,,,,,,,,,,
M22_16S_g06_A02,,,,,,M22_0569,,,,control,PCR_standard,pos_ctl,6,2,5,,,,,,,,,,,,,,,,,,,,,,,,,,,,,,,,,,,,,,,,,,,,,,,
M22_16S_g06_A08,,,,,,M22_0570,,,,control,DNA_standard,pos_ctl,6,2,5,,,,,,,,,,,,,,,,,,,,,,,,,,,,,,,,,,,,,,,,,,,,,,,
M22_16S_g07_D08,,,,,,M22_0669,,,,control,DNA_standard,pos_ctl,7,2,5,,,,,,,,,,,,,,,,,,,,,,,,,,,,,,,,,,,,,,,,,,,,,,,
M22_16S_g07_G12,,,,,,M22_0672,,,,control,PCR_standard,pos_ctl,7,2,5,,,,,,,,,,,,,,,,,,,,,,,,,,,,,,,,,,,,,,,,,,,,,,,
M22_16S_g08_E08,,,,,,M22_0764,,,,control,PCR_standard,pos_ctl,8,2,5,,,,,,,,,,,,,,,,,,,,,,,,,,,,,,,,,,,,,,,,,,,,,,,
M22_16S_g08_G02,,,,,,M22_0767,,,,control,DNA_standard,pos_ctl,8,2,5,,,,,,,,,,,,,,,,,,,,,,,,,,,,,,,,,,,,,,,,,,,,,,,
M22_16S_g09_C08,,,,,,M22_0859,,,,control,PCR_standard,pos_ctl,9,3,5,,,,,,,,,,,,,,,,,,,,,,,,,,,,,,,,,,,,,,,,,,,,,,,
M22_16S_g09_H10,,,,,,M22_0864,,,,control,DNA_standard,pos_ctl,9,3,5,,,,,,,,,,,,,,,,,,,,,,,,,,,,,,,,,,,,,,,,,,,,,,,
M22_16S_g10_E08,,,,,,M22_0956,,,,control,DNA_standard,pos_ctl,10,3,5,,,,,,,,,,,,,,,,,,,,,,,,,,,,,,,,,,,,,,,,,,,,,,,
M22_16S_g10_G03,,,,,,M22_0958,,,,control,PCR_standard,pos_ctl,10,3,5,,,,,,,,,,,,,,,,,,,,,,,,,,,,,,,,,,,,,,,,,,,,,,,
M22_16S_g11_B10,,,,,,M22_1051,,,,control,DNA_standard,pos_ctl,11,3,5,,,,,,,,,,,,,,,,,,,,,,,,,,,,,,,,,,,,,,,,,,,,,,,
M22_16S_g11_E02,,,,,,M22_1054,,,,control,PCR_standard,pos_ctl,11,3,5,,,,,,,,,,,,,,,,,,,,,,,,,,,,,,,,,,,,,,,,,,,,,,,
M22_16S_g12_D01,,,,,,M22_1147,,,,control,PCR_standard,pos_ctl,12,3,5,,,,,,,,,,,,,,,,,,,,,,,,,,,,,,,,,,,,,,,,,,,,,,,
M22_16S_g12_D08,,,,,,M22_1148,,,,control,DNA_standard,pos_ctl,12,3,5,,,,,,,,,,,,,,,,,,,,,,,,,,,,,,,,,,,,,,,,,,,,,,,
M22_16S_g13_E02,,,,,,M22_1243,,,,control,DNA_standard,pos_ctl,13,4,5,,,,,,,,,,,,,,,,,,,,,,,,,,,,,,,,,,,,,,,,,,,,,,,
M22_16S_g13_F02,,,,,,M22_1245,,,,control,PCR_standard,pos_ctl,13,4,5,,,,,,,,,,,,,,,,,,,,,,,,,,,,,,,,,,,,,,,,,,,,,,,
M22_16S_g14_E08,,,,,,M22_1338,,,,control,PCR_standard,pos_ctl,14,4,5,,,,,,,,,,,,,,,,,,,,,,,,,,,,,,,,,,,,,,,,,,,,,,,
M22_16S_g14_G01,,,,,,M22_1342,,,,control,DNA_standard,pos_ctl,14,4,0.26,,,,,,,,,,,,,,,,,,,,,,,,,,,,,,,,,,,,,,,,,,,,,,,
M22_16S_g15_F06,,,,,,M22_1438,,,,control,PCR_standard,pos_ctl,15,4,5,,,,,,,,,,,,,,,,,,,,,,,,,,,,,,,,,,,,,,,,,,,,,,,
M22_16S_g15_G12,,,,,,M22_1440,,,,control,DNA_standard,pos_ctl,15,4,5,,,,,,,,,,,,,,,,,,,,,,,,,,,,,,,,,,,,,,,,,,,,,,,
M22_16S_g16_F01,,,,,,M22_1532,,,,control,PCR_standard,pos_ctl,16,4,0.64,,,,,,,,,,,,,,,,,,,,,,,,,,,,,,,,,,,,,,,,,,,,,,,
M22_16S_g16_G03,,,,,,M22_1535,,,,control,DNA_standard,pos_ctl,16,4,5,,,,,,,,,,,,,,,,,,,,,,,,,,,,,,,,,,,,,,,,,,,,,,,
M22_16S_g17_B05,,,,,,M22_1626,,,,control,DNA_standard,pos_ctl,17,5,5,,,,,,,,,,,,,,,,,,,,,,,,,,,,,,,,,,,,,,,,,,,,,,,
M22_16S_g17_E11,,,,,,M22_1627,,,,control,PCR_standard,pos_ctl,17,5,5,,,,,,,,,,,,,,,,,,,,,,,,,,,,,,,,,,,,,,,,,,,,,,,
M22_16S_g18_A02,,,,,,M22_1721,,,,control,DNA_standard,pos_ctl,18,5,5,,,,,,,,,,,,,,,,,,,,,,,,,,,,,,,,,,,,,,,,,,,,,,,
M22_16S_g18_C08,,,,,,M22_1725,,,,control,PCR_standard,pos_ctl,18,5,5,,,,,,,,,,,,,,,,,,,,,,,,,,,,,,,,,,,,,,,,,,,,,,,
M22_16S_g19_E08,,,,,,M22_1822,,,,control,PCR_standard,pos_ctl,19,5,5,,,,,,,,,,,,,,,,,,,,,,,,,,,,,,,,,,,,,,,,,,,,,,,
M22_16S_g19_H08,,,,,,M22_1824,,,,control,DNA_standard,pos_ctl,19,5,5,,,,,,,,,,,,,,,,,,,,,,,,,,,,,,,,,,,,,,,,,,,,,,,
M22_16S_g20_C03,,,,,,M22_1915,,,,control,PCR_standard,pos_ctl,20,5,5,,,,,,,,,,,,,,,,,,,,,,,,,,,,,,,,,,,,,,,,,,,,,,,
M22_16S_g20_H12,,,,,,M22_1920,,,,control,DNA_standard,pos_ctl,20,5,0.1,,,,,,,,,,,,,,,,,,,,,,,,,,,,,,,,,,,,,,,,,,,,,,,
M22_16S_g21_D01,,,,,,M22_2012,,,,control,DNA_standard,pos_ctl,21,6,5,,,,,,,,,,,,,,,,,,,,,,,,,,,,,,,,,,,,,,,,,,,,,,,
M22_16S_g21_F01,,,,,,M22_2015,,,,control,PCR_standard,pos_ctl,21,6,5,,,,,,,,,,,,,,,,,,,,,,,,,,,,,,,,,,,,,,,,,,,,,,,
M22_16S_g22_A02,,,,,,M22_2105,,,,control,PCR_standard,pos_ctl,22,6,5,,,,,,,,,,,,,,,,,,,,,,,,,,,,,,,,,,,,,,,,,,,,,,,
M22_16S_g22_A12,,,,,,M22_2106,,,,control,DNA_standard,pos_ctl,22,6,5,,,,,,,,,,,,,,,,,,,,,,,,,,,,,,,,,,,,,,,,,,,,,,,
M22_16S_g23_D08,,,,,,M22_2204,,,,control,DNA_standard,pos_ctl,23,6,5,,,,,,,,,,,,,,,,,,,,,,,,,,,,,,,,,,,,,,,,,,,,,,,
M22_16S_g23_H10,,,,,,M22_2207,,,,control,PCR_standard,pos_ctl,23,6,5,,,,,,,,,,,,,,,,,,,,,,,,,,,,,,,,,,,,,,,,,,,,,,,
M22_16S_g24_E06,,,,,,M22_2302,,,,control,DNA_standard,pos_ctl,24,6,5,,,,,,,,,,,,,,,,,,,,,,,,,,,,,,,,,,,,,,,,,,,,,,,
M22_16S_g24_E07,,,,,,M22_2303,,,,control,PCR_standard,pos_ctl,24,6,5,,,,,,,,,,,,,,,,,,,,,,,,,,,,,,,,,,,,,,,,,,,,,,,
M22_16S_g25_C03,,,,,,M22_2396,,,,control,PCR_standard,pos_ctl,25,7,5,,,,,,,,,,,,,,,,,,,,,,,,,,,,,,,,,,,,,,,,,,,,,,,
M22_16S_g25_G10,,,,,,M22_2400,,,,control,DNA_standard,pos_ctl,25,7,5,,,,,,,,,,,,,,,,,,,,,,,,,,,,,,,,,,,,,,,,,,,,,,,
M22_16S_g26_C04,,,,,,M22_2491,,,,control,PCR_standard,pos_ctl,26,7,5,,,,,,,,,,,,,,,,,,,,,,,,,,,,,,,,,,,,,,,,,,,,,,,
M22_16S_g26_E08,,,,,,M22_2494,,,,control,DNA_standard,pos_ctl,26,7,5,,,,,,,,,,,,,,,,,,,,,,,,,,,,,,,,,,,,,,,,,,,,,,,
M22_16S_g27_A05,,,,,,M22_2584,,,,control,PCR_standard,pos_ctl,27,7,5,,,,,,,,,,,,,,,,,,,,,,,,,,,,,,,,,,,,,,,,,,,,,,,
M22_16S_g27_D12,,,,,,M22_2591,,,,control,DNA_standard,pos_ctl,27,7,5,,,,,,,,,,,,,,,,,,,,,,,,,,,,,,,,,,,,,,,,,,,,,,,
M22_16S_g28_F02,,,,,,M22_2684,,,,control,PCR_standard,pos_ctl,28,7,5,,,,,,,,,,,,,,,,,,,,,,,,,,,,,,,,,,,,,,,,,,,,,,,
M22_16S_g28_H01,,,,,,M22_2686,,,,control,DNA_standard,pos_ctl,28,7,5,,,,,,,,,,,,,,,,,,,,,,,,,,,,,,,,,,,,,,,,,,,,,,,
M22_16S_g29_D09,,,,,,M22_2778,,,,control,DNA_standard,pos_ctl,29,8,5,,,,,,,,,,,,,,,,,,,,,,,,,,,,,,,,,,,,,,,,,,,,,,,
M22_16S_g29_E07,,,,,,M22_2780,,,,control,PCR_standard,pos_ctl,29,8,5,,,,,,,,,,,,,,,,,,,,,,,,,,,,,,,,,,,,,,,,,,,,,,,
M22_16S_g30_A03,,,,,,M22_2872,,,,control,PCR_standard,pos_ctl,30,8,5,,,,,,,,,,,,,,,,,,,,,,,,,,,,,,,,,,,,,,,,,,,,,,,
M22_16S_g30_G06,,,,,,M22_2878,,,,control,DNA_standard,pos_ctl,30,8,5,,,,,,,,,,,,,,,,,,,,,,,,,,,,,,,,,,,,,,,,,,,,,,,
M22_16S_g31_G05,,,,,,M22_2973,,,,control,DNA_standard,pos_ctl,31,8,5,,,,,,,,,,,,,,,,,,,,,,,,,,,,,,,,,,,,,,,,,,,,,,,
M22_16S_g31_B07,,,,,,M22_2968,,,,control,PCR_standard,pos_ctl,31,8,5,,,,,,,,,,13.1,313,,,,,,,,,,,,,,,,,,,,,,,,,,,,,,,,,,,,